{
  "config": {
    "N": 64,
    "n": 16,
    "num_records": 311,
    "record_dim": 16,
    "model_types": [
      "dot",
      "decision_tree",
      "neural_network"
    ],
    "policy_size": 8,
    "num_runs": 1,
    "save_results": true,
    "results_dir": "experiments/results/scheme2_server"
  },
  "models": {
    "dot": {
      "encrypt_times": [
        0.36039839999284595,
        0.0010086999973282218
      ],
      "query_times": [
        0.48857759998645633
      ],
      "decrypt_times": [
        0.03592639998532832
      ],
      "communication_sizes": [
        326107136,
        68136,
        10908538
      ],
      "comm_upload_sizes": [
        326107136
      ],
      "comm_query_sizes": [
        68136
      ],
      "comm_decrypt_sizes": [
        10908538
      ],
      "runs": [
        {
          "run_id": 0,
          "query_time": 0.48857759998645633,
          "decrypt_time": 0.03592639998532832,
          "success": true,
          "num_results": 311
        }
      ]
    },
    "decision_tree": {
      "encrypt_times": [
        0.3545977000030689,
        0.0010744999744929373
      ],
      "query_times": [
        0.4522774000070058
      ],
      "decrypt_times": [
        0.08893020002869889
      ],
      "communication_sizes": [
        326107136,
        68127,
        21119237
      ],
      "comm_upload_sizes": [
        326107136
      ],
      "comm_query_sizes": [
        68127
      ],
      "comm_decrypt_sizes": [
        21119237
      ],
      "runs": [
        {
          "run_id": 0,
          "query_time": 0.4522774000070058,
          "decrypt_time": 0.08893020002869889,
          "success": true,
          "num_results": 311
        }
      ]
    },
    "neural_network": {
      "encrypt_times": [
        0.34141719999024644,
        0.12329169997246936
      ],
      "query_times": [
        0.33920629997737706
      ],
      "decrypt_times": [
        0.08220870001241565
      ],
      "communication_sizes": [
        326107136,
        7469374,
        21119152
      ],
      "comm_upload_sizes": [
        326107136
      ],
      "comm_query_sizes": [
        7469374
      ],
      "comm_decrypt_sizes": [
        21119152
      ],
      "runs": [
        {
          "run_id": 0,
          "query_time": 0.33920629997737706,
          "decrypt_time": 0.08220870001241565,
          "success": true,
          "num_results": 311
        }
      ]
    }
  },
  "summary": {
    "dot": {
      "avg_encrypt_time": 0.1807035499950871,
      "std_encrypt_time": 0.17969484999775887,
      "min_encrypt_time": 0.0010086999973282218,
      "max_encrypt_time": 0.36039839999284595,
      "avg_query_time": 0.48857759998645633,
      "std_query_time": 0.0,
      "min_query_time": 0.48857759998645633,
      "max_query_time": 0.48857759998645633,
      "avg_decrypt_time": 0.03592639998532832,
      "std_decrypt_time": 0.0,
      "min_decrypt_time": 0.03592639998532832,
      "max_decrypt_time": 0.03592639998532832,
      "avg_communication_size": 109727.802734375,
      "std_communication_size": 147662.04123564545,
      "total_communication": 329183.408203125
    },
    "decision_tree": {
      "avg_encrypt_time": 0.17783609998878092,
      "std_encrypt_time": 0.17676160001428798,
      "min_encrypt_time": 0.0010744999744929373,
      "max_encrypt_time": 0.3545977000030689,
      "avg_query_time": 0.4522774000070058,
      "std_query_time": 0.0,
      "min_query_time": 0.4522774000070058,
      "max_query_time": 0.4522774000070058,
      "avg_decrypt_time": 0.08893020002869889,
      "std_decrypt_time": 0.0,
      "min_decrypt_time": 0.08893020002869889,
      "max_decrypt_time": 0.08893020002869889,
      "avg_communication_size": 113051.59505208333,
      "std_communication_size": 145490.77196428165,
      "total_communication": 339154.78515625
    },
    "neural_network": {
      "avg_encrypt_time": 0.2323544499813579,
      "std_encrypt_time": 0.10906275000888854,
      "min_encrypt_time": 0.12329169997246936,
      "max_encrypt_time": 0.34141719999024644,
      "avg_query_time": 0.33920629997737706,
      "std_query_time": 0.0,
      "min_query_time": 0.33920629997737706,
      "max_query_time": 0.33920629997737706,
      "avg_decrypt_time": 0.08220870001241565,
      "std_decrypt_time": 0.0,
      "min_decrypt_time": 0.08220870001241565,
      "max_decrypt_time": 0.08220870001241565,
      "avg_communication_size": 115460.82747395833,
      "std_communication_size": 143648.03593618475,
      "total_communication": 346382.482421875
    }
  }
}