{
  "config": {
    "N": 64,
    "n": 16,
    "num_records": 128,
    "record_dim": 64,
    "model_types": [
      "dot",
      "decision_tree",
      "neural_network"
    ],
    "policy_size": 8,
    "num_runs": 2,
    "save_results": true,
    "results_dir": "experiments/results/scheme2_server"
  },
  "models": {
    "dot": {
      "encrypt_times": [
        0.13495989999501035,
        0.0010196000221185386,
        0.13476629997603595,
        0.001117599953431636
      ],
      "query_times": [
        0.2262656000093557,
        0.23878209997201338
      ],
      "decrypt_times": [
        0.011235699988901615,
        0.013111800013575703
      ],
      "communication_sizes": [
        134217728,
        68086,
        4490251,
        134217728,
        68116,
        4489898
      ],
      "comm_upload_sizes": [
        134217728,
        134217728
      ],
      "comm_query_sizes": [
        68086,
        68116
      ],
      "comm_decrypt_sizes": [
        4490251,
        4489898
      ],
      "runs": [
        {
          "run_id": 0,
          "query_time": 0.2262656000093557,
          "decrypt_time": 0.011235699988901615,
          "success": true,
          "num_results": 128
        },
        {
          "run_id": 1,
          "query_time": 0.23878209997201338,
          "decrypt_time": 0.013111800013575703,
          "success": true,
          "num_results": 128
        }
      ]
    },
    "decision_tree": {
      "encrypt_times": [
        0.1382918000454083,
        0.0011274000280536711,
        0.12859979999484494,
        0.0009637000039219856
      ],
      "query_times": [
        0.16783729998860508,
        0.16020600002957508
      ],
      "decrypt_times": [
        0.03129399998579174,
        0.030108799983281642
      ],
      "communication_sizes": [
        134217728,
        68156,
        8691075,
        134217728,
        68081,
        8692879
      ],
      "comm_upload_sizes": [
        134217728,
        134217728
      ],
      "comm_query_sizes": [
        68156,
        68081
      ],
      "comm_decrypt_sizes": [
        8691075,
        8692879
      ],
      "runs": [
        {
          "run_id": 0,
          "query_time": 0.16783729998860508,
          "decrypt_time": 0.03129399998579174,
          "success": true,
          "num_results": 128
        },
        {
          "run_id": 1,
          "query_time": 0.16020600002957508,
          "decrypt_time": 0.030108799983281642,
          "success": true,
          "num_results": 128
        }
      ]
    },
    "neural_network": {
      "encrypt_times": [
        0.1308528000372462,
        0.1117136999964714,
        0.13212210003985092,
        0.11173330002930015
      ],
      "query_times": [
        0.13856340001802891,
        0.13021869998192415
      ],
      "decrypt_times": [
        0.029579400026705116,
        0.02951080002821982
      ],
      "communication_sizes": [
        134217728,
        7469775,
        8692584,
        134217728,
        7470153,
        8691873
      ],
      "comm_upload_sizes": [
        134217728,
        134217728
      ],
      "comm_query_sizes": [
        7469775,
        7470153
      ],
      "comm_decrypt_sizes": [
        8692584,
        8691873
      ],
      "runs": [
        {
          "run_id": 0,
          "query_time": 0.13856340001802891,
          "decrypt_time": 0.029579400026705116,
          "success": true,
          "num_results": 128
        },
        {
          "run_id": 1,
          "query_time": 0.13021869998192415,
          "decrypt_time": 0.02951080002821982,
          "success": true,
          "num_results": 128
        }
      ]
    }
  },
  "summary": {
    "dot": {
      "avg_encrypt_time": 0.06796584998664912,
      "std_encrypt_time": 0.06689729398885344,
      "min_encrypt_time": 0.0010196000221185386,
      "max_encrypt_time": 0.13495989999501035,
      "avg_query_time": 0.23252384999068454,
      "std_query_time": 0.006258249981328845,
      "min_query_time": 0.2262656000093557,
      "max_query_time": 0.23878209997201338,
      "avg_decrypt_time": 0.012173750001238659,
      "std_decrypt_time": 0.0009380500123370439,
      "min_decrypt_time": 0.011235699988901615,
      "max_decrypt_time": 0.013111800013575703,
      "avg_communication_size": 45174.44775390625,
      "std_communication_size": 60764.32128842077,
      "total_communication": 271046.6865234375
    },
    "decision_tree": {
      "avg_encrypt_time": 0.06724567501805723,
      "std_encrypt_time": 0.06628877550629794,
      "min_encrypt_time": 0.0009637000039219856,
      "max_encrypt_time": 0.1382918000454083,
      "avg_query_time": 0.16402165000909008,
      "std_query_time": 0.003815649979515001,
      "min_query_time": 0.16020600002957508,
      "max_query_time": 0.16783729998860508,
      "avg_decrypt_time": 0.030701399984536693,
      "std_decrypt_time": 0.0005926000012550503,
      "min_decrypt_time": 0.030108799983281642,
      "max_decrypt_time": 0.03129399998579174,
      "avg_communication_size": 46542.26025390625,
      "std_communication_size": 59870.35487504973,
      "total_communication": 279253.5615234375
    },
    "neural_network": {
      "avg_encrypt_time": 0.12160547502571717,
      "std_encrypt_time": 0.009892161972312288,
      "min_encrypt_time": 0.1117136999964714,
      "max_encrypt_time": 0.13212210003985092,
      "avg_query_time": 0.13439104999997653,
      "std_query_time": 0.004172350018052384,
      "min_query_time": 0.13021869998192415,
      "max_query_time": 0.13856340001802891,
      "avg_decrypt_time": 0.029545100027462468,
      "std_decrypt_time": 3.429999924264848e-05,
      "min_decrypt_time": 0.02951080002821982,
      "max_decrypt_time": 0.029579400026705116,
      "avg_communication_size": 48951.797037760414,
      "std_communication_size": 58069.796979071354,
      "total_communication": 293710.7822265625
    }
  }
}