{
  "config": {
    "N": 64,
    "n": 16,
    "num_records": 45,
    "record_dim": 32,
    "model_types": [
      "dot",
      "decision_tree",
      "neural_network"
    ],
    "policy_size": 8,
    "num_runs": 1,
    "save_results": true,
    "results_dir": "experiments/results/scheme2_server"
  },
  "models": {
    "dot": {
      "encrypt_times": [
        0.04797160002635792,
        0.00104750000173226
      ],
      "query_times": [
        0.06922560004750267
      ],
      "decrypt_times": [
        0.004571199999190867
      ],
      "communication_sizes": [
        47185920,
        68027,
        1578398
      ],
      "comm_upload_sizes": [
        47185920
      ],
      "comm_query_sizes": [
        68027
      ],
      "comm_decrypt_sizes": [
        1578398
      ],
      "runs": [
        {
          "run_id": 0,
          "query_time": 0.06922560004750267,
          "decrypt_time": 0.004571199999190867,
          "success": true,
          "num_results": 45
        }
      ]
    },
    "decision_tree": {
      "encrypt_times": [
        0.0470989000168629,
        0.0010544999968260527
      ],
      "query_times": [
        0.05986099998699501
      ],
      "decrypt_times": [
        0.011228899995330721
      ],
      "communication_sizes": [
        47185920,
        68121,
        3055751
      ],
      "comm_upload_sizes": [
        47185920
      ],
      "comm_query_sizes": [
        68121
      ],
      "comm_decrypt_sizes": [
        3055751
      ],
      "runs": [
        {
          "run_id": 0,
          "query_time": 0.05986099998699501,
          "decrypt_time": 0.011228899995330721,
          "success": true,
          "num_results": 45
        }
      ]
    },
    "neural_network": {
      "encrypt_times": [
        0.04708109999774024,
        0.11363979999441653
      ],
      "query_times": [
        0.04570909996982664
      ],
      "decrypt_times": [
        0.010198700008913875
      ],
      "communication_sizes": [
        47185920,
        7470121,
        3055628
      ],
      "comm_upload_sizes": [
        47185920
      ],
      "comm_query_sizes": [
        7470121
      ],
      "comm_decrypt_sizes": [
        3055628
      ],
      "runs": [
        {
          "run_id": 0,
          "query_time": 0.04570909996982664,
          "decrypt_time": 0.010198700008913875,
          "success": true,
          "num_results": 45
        }
      ]
    }
  },
  "summary": {
    "dot": {
      "avg_encrypt_time": 0.02450955001404509,
      "std_encrypt_time": 0.02346205001231283,
      "min_encrypt_time": 0.00104750000173226,
      "max_encrypt_time": 0.04797160002635792,
      "avg_query_time": 0.06922560004750267,
      "std_query_time": 0.0,
      "min_query_time": 0.06922560004750267,
      "max_query_time": 0.06922560004750267,
      "avg_decrypt_time": 0.004571199999190867,
      "std_decrypt_time": 0.0,
      "min_decrypt_time": 0.004571199999190867,
      "max_decrypt_time": 0.004571199999190867,
      "avg_communication_size": 15895.945638020834,
      "std_communication_size": 21351.84205416721,
      "total_communication": 47687.8369140625
    },
    "decision_tree": {
      "avg_encrypt_time": 0.024076700006844476,
      "std_encrypt_time": 0.023022200010018423,
      "min_encrypt_time": 0.0010544999968260527,
      "max_encrypt_time": 0.0470989000168629,
      "avg_query_time": 0.05986099998699501,
      "std_query_time": 0.0,
      "min_query_time": 0.05986099998699501,
      "max_query_time": 0.05986099998699501,
      "avg_decrypt_time": 0.011228899995330721,
      "std_decrypt_time": 0.0,
      "min_decrypt_time": 0.011228899995330721,
      "max_decrypt_time": 0.011228899995330721,
      "avg_communication_size": 16376.885416666666,
      "std_communication_size": 21037.020863706235,
      "total_communication": 49130.65625
    },
    "neural_network": {
      "avg_encrypt_time": 0.08036044999607839,
      "std_encrypt_time": 0.03327934999833815,
      "min_encrypt_time": 0.04708109999774024,
      "max_encrypt_time": 0.11363979999441653,
      "avg_query_time": 0.04570909996982664,
      "std_query_time": 0.0,
      "min_query_time": 0.04570909996982664,
      "max_query_time": 0.04570909996982664,
      "avg_decrypt_time": 0.010198700008913875,
      "std_decrypt_time": 0.0,
      "min_decrypt_time": 0.010198700008913875,
      "max_decrypt_time": 0.010198700008913875,
      "avg_communication_size": 18786.3505859375,
      "std_communication_size": 19379.606377976306,
      "total_communication": 56359.0517578125
    }
  }
}