{
  "config": {
    "N": 64,
    "n": 16,
    "num_records": 70,
    "record_dim": 16,
    "model_types": [
      "dot",
      "decision_tree",
      "neural_network"
    ],
    "policy_size": 8,
    "num_runs": 1,
    "save_results": true,
    "results_dir": "experiments/results/scheme2_server"
  },
  "models": {
    "dot": {
      "encrypt_times": [
        0.08307960000820458,
        0.0012279999791644514
      ],
      "query_times": [
        0.10909490002086386
      ],
      "decrypt_times": [
        0.007094099943060428
      ],
      "communication_sizes": [
        73400320,
        68085,
        2455503
      ],
      "comm_upload_sizes": [
        73400320
      ],
      "comm_query_sizes": [
        68085
      ],
      "comm_decrypt_sizes": [
        2455503
      ],
      "runs": [
        {
          "run_id": 0,
          "query_time": 0.10909490002086386,
          "decrypt_time": 0.007094099943060428,
          "success": true,
          "num_results": 70
        }
      ]
    },
    "decision_tree": {
      "encrypt_times": [
        0.0815308999735862,
        0.0013165000127628446
      ],
      "query_times": [
        0.10419400001410395
      ],
      "decrypt_times": [
        0.01914980000583455
      ],
      "communication_sizes": [
        73400320,
        68104,
        4752778
      ],
      "comm_upload_sizes": [
        73400320
      ],
      "comm_query_sizes": [
        68104
      ],
      "comm_decrypt_sizes": [
        4752778
      ],
      "runs": [
        {
          "run_id": 0,
          "query_time": 0.10419400001410395,
          "decrypt_time": 0.01914980000583455,
          "success": true,
          "num_results": 70
        }
      ]
    },
    "neural_network": {
      "encrypt_times": [
        0.08467950002523139,
        0.13315120001789182
      ],
      "query_times": [
        0.0806692999904044
      ],
      "decrypt_times": [
        0.0182801999617368
      ],
      "communication_sizes": [
        73400320,
        7469025,
        4753333
      ],
      "comm_upload_sizes": [
        73400320
      ],
      "comm_query_sizes": [
        7469025
      ],
      "comm_decrypt_sizes": [
        4753333
      ],
      "runs": [
        {
          "run_id": 0,
          "query_time": 0.0806692999904044,
          "decrypt_time": 0.0182801999617368,
          "success": true,
          "num_results": 70
        }
      ]
    }
  },
  "summary": {
    "dot": {
      "avg_encrypt_time": 0.042153799993684515,
      "std_encrypt_time": 0.040925800014520064,
      "min_encrypt_time": 0.0012279999791644514,
      "max_encrypt_time": 0.08307960000820458,
      "avg_query_time": 0.10909490002086386,
      "std_query_time": 0.0,
      "min_query_time": 0.10909490002086386,
      "max_query_time": 0.10909490002086386,
      "avg_decrypt_time": 0.007094099943060428,
      "std_decrypt_time": 0.0,
      "min_decrypt_time": 0.007094099943060428,
      "max_decrypt_time": 0.007094099943060428,
      "avg_communication_size": 24714.813802083332,
      "std_communication_size": 33223.0388511379,
      "total_communication": 74144.44140625
    },
    "decision_tree": {
      "avg_encrypt_time": 0.04142369999317452,
      "std_encrypt_time": 0.04010719998041168,
      "min_encrypt_time": 0.0013165000127628446,
      "max_encrypt_time": 0.0815308999735862,
      "avg_query_time": 0.10419400001410395,
      "std_query_time": 0.0,
      "min_query_time": 0.10419400001410395,
      "max_query_time": 0.10419400001410395,
      "avg_decrypt_time": 0.01914980000583455,
      "std_decrypt_time": 0.0,
      "min_decrypt_time": 0.01914980000583455,
      "max_decrypt_time": 0.01914980000583455,
      "avg_communication_size": 25462.630859375,
      "std_communication_size": 32733.94041352854,
      "total_communication": 76387.892578125
    },
    "neural_network": {
      "avg_encrypt_time": 0.10891535002156161,
      "std_encrypt_time": 0.024235849996330217,
      "min_encrypt_time": 0.08467950002523139,
      "max_encrypt_time": 0.13315120001789182,
      "avg_query_time": 0.0806692999904044,
      "std_query_time": 0.0,
      "min_query_time": 0.0806692999904044,
      "max_query_time": 0.0806692999904044,
      "avg_decrypt_time": 0.0182801999617368,
      "std_decrypt_time": 0.0,
      "min_decrypt_time": 0.0182801999617368,
      "max_decrypt_time": 0.0182801999617368,
      "avg_communication_size": 27871.965494791668,
      "std_communication_size": 30995.87336387611,
      "total_communication": 83615.896484375
    }
  }
}