{
  "config": {
    "N": 64,
    "n": 16,
    "num_records": 320,
    "record_dim": 96,
    "model_types": [
      "dot",
      "decision_tree",
      "neural_network"
    ],
    "policy_size": 8,
    "num_runs": 1,
    "save_results": true,
    "results_dir": "experiments/results/scheme2_server"
  },
  "models": {
    "dot": {
      "encrypt_times": [
        0.46223290002672,
        0.0013559000217355788
      ],
      "query_times": [
        1.085653300047852
      ],
      "decrypt_times": [
        0.03232509997906163
      ],
      "communication_sizes": [
        335544320,
        68032,
        11226353
      ],
      "comm_upload_sizes": [
        335544320
      ],
      "comm_query_sizes": [
        68032
      ],
      "comm_decrypt_sizes": [
        11226353
      ],
      "runs": [
        {
          "run_id": 0,
          "query_time": 1.085653300047852,
          "decrypt_time": 0.03232509997906163,
          "success": true,
          "num_results": 320
        }
      ]
    },
    "decision_tree": {
      "encrypt_times": [
        0.41895670001395047,
        0.0011807999690063298
      ],
      "query_times": [
        0.47637119999853894
      ],
      "decrypt_times": [
        0.08418629999505356
      ],
      "communication_sizes": [
        335544320,
        68079,
        21729585
      ],
      "comm_upload_sizes": [
        335544320
      ],
      "comm_query_sizes": [
        68079
      ],
      "comm_decrypt_sizes": [
        21729585
      ],
      "runs": [
        {
          "run_id": 0,
          "query_time": 0.47637119999853894,
          "decrypt_time": 0.08418629999505356,
          "success": true,
          "num_results": 320
        }
      ]
    },
    "neural_network": {
      "encrypt_times": [
        0.41112219996284693,
        0.1315203999984078
      ],
      "query_times": [
        0.38506870000855997
      ],
      "decrypt_times": [
        0.08528759999899194
      ],
      "communication_sizes": [
        335544320,
        7470241,
        21730359
      ],
      "comm_upload_sizes": [
        335544320
      ],
      "comm_query_sizes": [
        7470241
      ],
      "comm_decrypt_sizes": [
        21730359
      ],
      "runs": [
        {
          "run_id": 0,
          "query_time": 0.38506870000855997,
          "decrypt_time": 0.08528759999899194,
          "success": true,
          "num_results": 320
        }
      ]
    }
  },
  "summary": {
    "dot": {
      "avg_encrypt_time": 0.2317944000242278,
      "std_encrypt_time": 0.23043850000249222,
      "min_encrypt_time": 0.0013559000217355788,
      "max_encrypt_time": 0.46223290002672,
      "avg_query_time": 1.085653300047852,
      "std_query_time": 0.0,
      "min_query_time": 1.085653300047852,
      "max_query_time": 1.085653300047852,
      "avg_decrypt_time": 0.03232509997906163,
      "std_decrypt_time": 0.0,
      "min_decrypt_time": 0.03232509997906163,
      "max_decrypt_time": 0.03232509997906163,
      "avg_communication_size": 112903.22428385417,
      "std_communication_size": 151935.25505100776,
      "total_communication": 338709.6728515625
    },
    "decision_tree": {
      "avg_encrypt_time": 0.2100687499914784,
      "std_encrypt_time": 0.20888795002247207,
      "min_encrypt_time": 0.0011807999690063298,
      "max_encrypt_time": 0.41895670001395047,
      "avg_query_time": 0.47637119999853894,
      "std_query_time": 0.0,
      "min_query_time": 0.47637119999853894,
      "max_query_time": 0.47637119999853894,
      "avg_decrypt_time": 0.08418629999505356,
      "std_decrypt_time": 0.0,
      "min_decrypt_time": 0.08418629999505356,
      "max_decrypt_time": 0.08418629999505356,
      "avg_communication_size": 116322.26041666667,
      "std_communication_size": 149701.79586500494,
      "total_communication": 348966.78125
    },
    "neural_network": {
      "avg_encrypt_time": 0.2713212999806274,
      "std_encrypt_time": 0.13980089998221956,
      "min_encrypt_time": 0.1315203999984078,
      "max_encrypt_time": 0.41112219996284693,
      "avg_query_time": 0.38506870000855997,
      "std_query_time": 0.0,
      "min_query_time": 0.38506870000855997,
      "max_query_time": 0.38506870000855997,
      "avg_decrypt_time": 0.08528759999899194,
      "std_decrypt_time": 0.0,
      "min_decrypt_time": 0.08528759999899194,
      "max_decrypt_time": 0.08528759999899194,
      "avg_communication_size": 118732.0703125,
      "std_communication_size": 147857.83856741744,
      "total_communication": 356196.2109375
    }
  }
}