{
  "config": {
    "N": 64,
    "n": 16,
    "num_records": 170,
    "record_dim": 32,
    "model_types": [
      "dot",
      "decision_tree",
      "neural_network"
    ],
    "policy_size": 8,
    "num_runs": 1,
    "save_results": true,
    "results_dir": "experiments/results/scheme2_server"
  },
  "models": {
    "dot": {
      "encrypt_times": [
        0.18580360000487417,
        0.0011411999585106969
      ],
      "query_times": [
        0.27933450002456084
      ],
      "decrypt_times": [
        0.017349799978546798
      ],
      "communication_sizes": [
        178257920,
        68080,
        5963361
      ],
      "comm_upload_sizes": [
        178257920
      ],
      "comm_query_sizes": [
        68080
      ],
      "comm_decrypt_sizes": [
        5963361
      ],
      "runs": [
        {
          "run_id": 0,
          "query_time": 0.27933450002456084,
          "decrypt_time": 0.017349799978546798,
          "success": true,
          "num_results": 170
        }
      ]
    },
    "decision_tree": {
      "encrypt_times": [
        0.1781421999912709,
        0.0012511000386439264
      ],
      "query_times": [
        0.2372800000011921
      ],
      "decrypt_times": [
        0.04485519998706877
      ],
      "communication_sizes": [
        178257920,
        68095,
        11544123
      ],
      "comm_upload_sizes": [
        178257920
      ],
      "comm_query_sizes": [
        68095
      ],
      "comm_decrypt_sizes": [
        11544123
      ],
      "runs": [
        {
          "run_id": 0,
          "query_time": 0.2372800000011921,
          "decrypt_time": 0.04485519998706877,
          "success": true,
          "num_results": 170
        }
      ]
    },
    "neural_network": {
      "encrypt_times": [
        0.17868640000233427,
        0.11889859999064356
      ],
      "query_times": [
        0.18954500003019348
      ],
      "decrypt_times": [
        0.041573300026357174
      ],
      "communication_sizes": [
        178257920,
        7470327,
        11544033
      ],
      "comm_upload_sizes": [
        178257920
      ],
      "comm_query_sizes": [
        7470327
      ],
      "comm_decrypt_sizes": [
        11544033
      ],
      "runs": [
        {
          "run_id": 0,
          "query_time": 0.18954500003019348,
          "decrypt_time": 0.041573300026357174,
          "success": true,
          "num_results": 170
        }
      ]
    }
  },
  "summary": {
    "dot": {
      "avg_encrypt_time": 0.09347239998169243,
      "std_encrypt_time": 0.09233120002318174,
      "min_encrypt_time": 0.0011411999585106969,
      "max_encrypt_time": 0.18580360000487417,
      "avg_query_time": 0.27933450002456084,
      "std_query_time": 0.0,
      "min_query_time": 0.27933450002456084,
      "max_query_time": 0.27933450002456084,
      "avg_decrypt_time": 0.017349799978546798,
      "std_decrypt_time": 0.0,
      "min_decrypt_time": 0.017349799978546798,
      "max_decrypt_time": 0.017349799978546798,
      "avg_communication_size": 59990.0263671875,
      "std_communication_size": 80708.02373391758,
      "total_communication": 179970.0791015625
    },
    "decision_tree": {
      "avg_encrypt_time": 0.08969665001495741,
      "std_encrypt_time": 0.08844554997631349,
      "min_encrypt_time": 0.0012511000386439264,
      "max_encrypt_time": 0.1781421999912709,
      "avg_query_time": 0.2372800000011921,
      "std_query_time": 0.0,
      "min_query_time": 0.2372800000011921,
      "max_query_time": 0.2372800000011921,
      "avg_decrypt_time": 0.04485519998706877,
      "std_decrypt_time": 0.0,
      "min_decrypt_time": 0.04485519998706877,
      "max_decrypt_time": 0.04485519998706877,
      "avg_communication_size": 61806.685546875,
      "std_communication_size": 79520.9506746436,
      "total_communication": 185420.056640625
    },
    "neural_network": {
      "avg_encrypt_time": 0.14879249999648891,
      "std_encrypt_time": 0.029893900005845353,
      "min_encrypt_time": 0.11889859999064356,
      "max_encrypt_time": 0.17868640000233427,
      "avg_query_time": 0.18954500003019348,
      "std_query_time": 0.0,
      "min_query_time": 0.18954500003019348,
      "max_query_time": 0.18954500003019348,
      "avg_decrypt_time": 0.041573300026357174,
      "std_decrypt_time": 0.0,
      "min_decrypt_time": 0.041573300026357174,
      "max_decrypt_time": 0.041573300026357174,
      "avg_communication_size": 64216.236979166664,
      "std_communication_size": 77702.38689750357,
      "total_communication": 192648.7109375
    }
  }
}