{
  "config": {
    "N": 64,
    "n": 16,
    "num_records": 128,
    "record_dim": 32,
    "model_types": [
      "dot",
      "decision_tree",
      "neural_network"
    ],
    "policy_size": 8,
    "num_runs": 2,
    "save_results": true,
    "results_dir": "experiments/results/scheme2_server"
  },
  "models": {
    "dot": {
      "encrypt_times": [
        0.15356000000610948,
        0.00103859999217093,
        0.1306023999932222,
        0.001097200030926615
      ],
      "query_times": [
        0.20740900002419949,
        0.22028349997708574
      ],
      "decrypt_times": [
        0.010971700015943497,
        0.01122320001013577
      ],
      "communication_sizes": [
        134217728,
        68034,
        4489465,
        134217728,
        68083,
        4490017
      ],
      "comm_upload_sizes": [
        134217728,
        134217728
      ],
      "comm_query_sizes": [
        68034,
        68083
      ],
      "comm_decrypt_sizes": [
        4489465,
        4490017
      ],
      "runs": [
        {
          "run_id": 0,
          "query_time": 0.20740900002419949,
          "decrypt_time": 0.010971700015943497,
          "success": true,
          "num_results": 128
        },
        {
          "run_id": 1,
          "query_time": 0.22028349997708574,
          "decrypt_time": 0.01122320001013577,
          "success": true,
          "num_results": 128
        }
      ]
    },
    "decision_tree": {
      "encrypt_times": [
        0.13745590002508834,
        0.0010858000023290515,
        0.13805989996762946,
        0.00117350002983585
      ],
      "query_times": [
        0.16520319995470345,
        0.16216040001017973
      ],
      "decrypt_times": [
        0.03068730002269149,
        0.033005100034642965
      ],
      "communication_sizes": [
        134217728,
        68091,
        8692480,
        134217728,
        68146,
        8691664
      ],
      "comm_upload_sizes": [
        134217728,
        134217728
      ],
      "comm_query_sizes": [
        68091,
        68146
      ],
      "comm_decrypt_sizes": [
        8692480,
        8691664
      ],
      "runs": [
        {
          "run_id": 0,
          "query_time": 0.16520319995470345,
          "decrypt_time": 0.03068730002269149,
          "success": true,
          "num_results": 128
        },
        {
          "run_id": 1,
          "query_time": 0.16216040001017973,
          "decrypt_time": 0.033005100034642965,
          "success": true,
          "num_results": 128
        }
      ]
    },
    "neural_network": {
      "encrypt_times": [
        0.13720090000424534,
        0.11558550002519041,
        0.1302119000465609,
        0.11354910000227392
      ],
      "query_times": [
        0.1331408999976702,
        0.13905369996791705
      ],
      "decrypt_times": [
        0.03094790002796799,
        0.03229699999792501
      ],
      "communication_sizes": [
        134217728,
        7469782,
        8691998,
        134217728,
        7470238,
        8691891
      ],
      "comm_upload_sizes": [
        134217728,
        134217728
      ],
      "comm_query_sizes": [
        7469782,
        7470238
      ],
      "comm_decrypt_sizes": [
        8691998,
        8691891
      ],
      "runs": [
        {
          "run_id": 0,
          "query_time": 0.1331408999976702,
          "decrypt_time": 0.03094790002796799,
          "success": true,
          "num_results": 128
        },
        {
          "run_id": 1,
          "query_time": 0.13905369996791705,
          "decrypt_time": 0.03229699999792501,
          "success": true,
          "num_results": 128
        }
      ]
    }
  },
  "summary": {
    "dot": {
      "avg_encrypt_time": 0.07157455000560731,
      "std_encrypt_time": 0.07097231535904833,
      "min_encrypt_time": 0.00103859999217093,
      "max_encrypt_time": 0.15356000000610948,
      "avg_query_time": 0.2138462500006426,
      "std_query_time": 0.006437249976443127,
      "min_query_time": 0.20740900002419949,
      "max_query_time": 0.22028349997708574,
      "avg_decrypt_time": 0.011097450013039634,
      "std_decrypt_time": 0.0001257499970961362,
      "min_decrypt_time": 0.010971700015943497,
      "max_decrypt_time": 0.01122320001013577,
      "avg_communication_size": 45174.325358072914,
      "std_communication_size": 60764.40443318282,
      "total_communication": 271045.9521484375
    },
    "decision_tree": {
      "avg_encrypt_time": 0.06944377500622068,
      "std_encrypt_time": 0.06831446579291538,
      "min_encrypt_time": 0.0010858000023290515,
      "max_encrypt_time": 0.13805989996762946,
      "avg_query_time": 0.1636817999824416,
      "std_query_time": 0.001521399972261861,
      "min_query_time": 0.16216040001017973,
      "max_query_time": 0.16520319995470345,
      "avg_decrypt_time": 0.031846200028667226,
      "std_decrypt_time": 0.0011589000059757382,
      "min_decrypt_time": 0.03068730002269149,
      "max_decrypt_time": 0.033005100034642965,
      "avg_communication_size": 46542.291178385414,
      "std_communication_size": 59870.33521753512,
      "total_communication": 279253.7470703125
    },
    "neural_network": {
      "avg_encrypt_time": 0.12413685001956765,
      "std_encrypt_time": 0.009909612403970034,
      "min_encrypt_time": 0.11354910000227392,
      "max_encrypt_time": 0.13720090000424534,
      "avg_query_time": 0.13609729998279363,
      "std_query_time": 0.0029563999851234257,
      "min_query_time": 0.1331408999976702,
      "max_query_time": 0.13905369996791705,
      "avg_decrypt_time": 0.0316224500129465,
      "std_decrypt_time": 0.0006745499849785119,
      "min_decrypt_time": 0.03094790002796799,
      "max_decrypt_time": 0.03229699999792501,
      "avg_communication_size": 48951.719563802086,
      "std_communication_size": 58069.85065533847,
      "total_communication": 293710.3173828125
    }
  }
}