{
  "config": {
    "N": 64,
    "n": 16,
    "num_records": 512,
    "record_dim": 16,
    "model_types": [
      "dot",
      "decision_tree",
      "neural_network"
    ],
    "policy_size": 8,
    "num_runs": 1,
    "save_results": true,
    "results_dir": "experiments/results/scheme2_server"
  },
  "models": {
    "dot": {
      "encrypt_times": [
        0.6633446000050753,
        0.0013426999794319272
      ],
      "query_times": [
        0.848087900027167
      ],
      "decrypt_times": [
        0.05147799995029345
      ],
      "communication_sizes": [
        536870912,
        68186,
        17960240
      ],
      "comm_upload_sizes": [
        536870912
      ],
      "comm_query_sizes": [
        68186
      ],
      "comm_decrypt_sizes": [
        17960240
      ],
      "runs": [
        {
          "run_id": 0,
          "query_time": 0.848087900027167,
          "decrypt_time": 0.05147799995029345,
          "success": true,
          "num_results": 512
        }
      ]
    },
    "decision_tree": {
      "encrypt_times": [
        0.6150196000235155,
        0.0010588999721221626
      ],
      "query_times": [
        0.7413724000216462
      ],
      "decrypt_times": [
        0.13408839999465272
      ],
      "communication_sizes": [
        536870912,
        68126,
        34768482
      ],
      "comm_upload_sizes": [
        536870912
      ],
      "comm_query_sizes": [
        68126
      ],
      "comm_decrypt_sizes": [
        34768482
      ],
      "runs": [
        {
          "run_id": 0,
          "query_time": 0.7413724000216462,
          "decrypt_time": 0.13408839999465272,
          "success": true,
          "num_results": 512
        }
      ]
    },
    "neural_network": {
      "encrypt_times": [
        0.5890679000294767,
        0.12416770000709221
      ],
      "query_times": [
        0.5938566999975592
      ],
      "decrypt_times": [
        0.13702500000363216
      ],
      "communication_sizes": [
        536870912,
        7469897,
        34766878
      ],
      "comm_upload_sizes": [
        536870912
      ],
      "comm_query_sizes": [
        7469897
      ],
      "comm_decrypt_sizes": [
        34766878
      ],
      "runs": [
        {
          "run_id": 0,
          "query_time": 0.5938566999975592,
          "decrypt_time": 0.13702500000363216,
          "success": true,
          "num_results": 512
        }
      ]
    }
  },
  "summary": {
    "dot": {
      "avg_encrypt_time": 0.33234364999225363,
      "std_encrypt_time": 0.3310009500128217,
      "min_encrypt_time": 0.0013426999794319272,
      "max_encrypt_time": 0.6633446000050753,
      "avg_query_time": 0.848087900027167,
      "std_query_time": 0.0,
      "min_query_time": 0.848087900027167,
      "max_query_time": 0.848087900027167,
      "avg_decrypt_time": 0.05147799995029345,
      "std_decrypt_time": 0.0,
      "min_decrypt_time": 0.05147799995029345,
      "max_decrypt_time": 0.05147799995029345,
      "avg_communication_size": 180631.294921875,
      "std_communication_size": 243106.65985485766,
      "total_communication": 541893.884765625
    },
    "decision_tree": {
      "avg_encrypt_time": 0.30803924999781884,
      "std_encrypt_time": 0.3069803500256967,
      "min_encrypt_time": 0.0010588999721221626,
      "max_encrypt_time": 0.6150196000235155,
      "avg_query_time": 0.7413724000216462,
      "std_query_time": 0.0,
      "min_query_time": 0.7413724000216462,
      "max_query_time": 0.7413724000216462,
      "avg_decrypt_time": 0.13408839999465272,
      "std_decrypt_time": 0.0,
      "min_decrypt_time": 0.13408839999465272,
      "max_decrypt_time": 0.13408839999465272,
      "avg_communication_size": 186102.70833333334,
      "std_communication_size": 239532.95102783764,
      "total_communication": 558308.125
    },
    "neural_network": {
      "avg_encrypt_time": 0.35661780001828447,
      "std_encrypt_time": 0.23245010001119226,
      "min_encrypt_time": 0.12416770000709221,
      "max_encrypt_time": 0.5890679000294767,
      "avg_query_time": 0.5938566999975592,
      "std_query_time": 0.0,
      "min_query_time": 0.5938566999975592,
      "max_query_time": 0.5938566999975592,
      "avg_decrypt_time": 0.13702500000363216,
      "std_decrypt_time": 0.0,
      "min_decrypt_time": 0.13702500000363216,
      "max_decrypt_time": 0.13702500000363216,
      "avg_communication_size": 188511.61686197916,
      "std_communication_size": 237679.03608246028,
      "total_communication": 565534.8505859375
    }
  }
}