{
  "config": {
    "N": 64,
    "n": 16,
    "num_records": 256,
    "record_dim": 16,
    "model_types": [
      "dot",
      "decision_tree",
      "neural_network"
    ],
    "policy_size": 8,
    "num_runs": 1,
    "save_results": true,
    "results_dir": "experiments/results/scheme2_server"
  },
  "models": {
    "dot": {
      "encrypt_times": [
        0.31630819995189086,
        0.001265500031877309
      ],
      "query_times": [
        0.3822747999802232
      ],
      "decrypt_times": [
        0.024125399999320507
      ],
      "communication_sizes": [
        268435456,
        68072,
        8979211
      ],
      "comm_upload_sizes": [
        268435456
      ],
      "comm_query_sizes": [
        68072
      ],
      "comm_decrypt_sizes": [
        8979211
      ],
      "runs": [
        {
          "run_id": 0,
          "query_time": 0.3822747999802232,
          "decrypt_time": 0.024125399999320507,
          "success": true,
          "num_results": 256
        }
      ]
    },
    "decision_tree": {
      "encrypt_times": [
        0.2850474999868311,
        0.0011606999905779958
      ],
      "query_times": [
        0.34268589998828247
      ],
      "decrypt_times": [
        0.06115789996692911
      ],
      "communication_sizes": [
        268435456,
        68106,
        17383421
      ],
      "comm_upload_sizes": [
        268435456
      ],
      "comm_query_sizes": [
        68106
      ],
      "comm_decrypt_sizes": [
        17383421
      ],
      "runs": [
        {
          "run_id": 0,
          "query_time": 0.34268589998828247,
          "decrypt_time": 0.06115789996692911,
          "success": true,
          "num_results": 256
        }
      ]
    },
    "neural_network": {
      "encrypt_times": [
        0.2687415999826044,
        0.11580630001844838
      ],
      "query_times": [
        0.2888114000088535
      ],
      "decrypt_times": [
        0.06324300001142547
      ],
      "communication_sizes": [
        268435456,
        7470025,
        17383732
      ],
      "comm_upload_sizes": [
        268435456
      ],
      "comm_query_sizes": [
        7470025
      ],
      "comm_decrypt_sizes": [
        17383732
      ],
      "runs": [
        {
          "run_id": 0,
          "query_time": 0.2888114000088535,
          "decrypt_time": 0.06324300001142547,
          "success": true,
          "num_results": 256
        }
      ]
    }
  },
  "summary": {
    "dot": {
      "avg_encrypt_time": 0.15878684999188408,
      "std_encrypt_time": 0.15752134996000677,
      "min_encrypt_time": 0.001265500031877309,
      "max_encrypt_time": 0.31630819995189086,
      "avg_query_time": 0.3822747999802232,
      "std_query_time": 0.0,
      "min_query_time": 0.3822747999802232,
      "max_query_time": 0.3822747999802232,
      "avg_decrypt_time": 0.024125399999320507,
      "std_decrypt_time": 0.0,
      "min_decrypt_time": 0.024125399999320507,
      "max_decrypt_time": 0.024125399999320507,
      "avg_communication_size": 90326.41243489583,
      "std_communication_size": 121545.31386827216,
      "total_communication": 270979.2373046875
    },
    "decision_tree": {
      "avg_encrypt_time": 0.14310409998870455,
      "std_encrypt_time": 0.14194339999812655,
      "min_encrypt_time": 0.0011606999905779958,
      "max_encrypt_time": 0.2850474999868311,
      "avg_query_time": 0.34268589998828247,
      "std_query_time": 0.0,
      "min_query_time": 0.34268589998828247,
      "max_query_time": 0.34268589998828247,
      "avg_decrypt_time": 0.06115789996692911,
      "std_decrypt_time": 0.0,
      "min_decrypt_time": 0.06115789996692911,
      "max_decrypt_time": 0.06115789996692911,
      "avg_communication_size": 93062.1689453125,
      "std_communication_size": 119758.0390755495,
      "total_communication": 279186.5068359375
    },
    "neural_network": {
      "avg_encrypt_time": 0.19227395000052638,
      "std_encrypt_time": 0.076467649982078,
      "min_encrypt_time": 0.11580630001844838,
      "max_encrypt_time": 0.2687415999826044,
      "avg_query_time": 0.2888114000088535,
      "std_query_time": 0.0,
      "min_query_time": 0.2888114000088535,
      "max_query_time": 0.2888114000088535,
      "avg_decrypt_time": 0.06324300001142547,
      "std_decrypt_time": 0.0,
      "min_decrypt_time": 0.06324300001142547,
      "max_decrypt_time": 0.06324300001142547,
      "avg_communication_size": 95471.7490234375,
      "std_communication_size": 117921.33420320663,
      "total_communication": 286415.2470703125
    }
  }
}