{
  "config": {
    "N": 64,
    "n": 16,
    "num_records": 157,
    "record_dim": 16,
    "model_types": [
      "dot",
      "decision_tree",
      "neural_network"
    ],
    "policy_size": 8,
    "num_runs": 1,
    "save_results": true,
    "results_dir": "experiments/results/scheme2_server"
  },
  "models": {
    "dot": {
      "encrypt_times": [
        0.1760896000196226,
        0.0011613999959081411
      ],
      "query_times": [
        0.23126329999649897
      ],
      "decrypt_times": [
        0.014488500019069761
      ],
      "communication_sizes": [
        164626432,
        68071,
        5507034
      ],
      "comm_upload_sizes": [
        164626432
      ],
      "comm_query_sizes": [
        68071
      ],
      "comm_decrypt_sizes": [
        5507034
      ],
      "runs": [
        {
          "run_id": 0,
          "query_time": 0.23126329999649897,
          "decrypt_time": 0.014488500019069761,
          "success": true,
          "num_results": 157
        }
      ]
    },
    "decision_tree": {
      "encrypt_times": [
        0.1696335999877192,
        0.0011081999982707202
      ],
      "query_times": [
        0.21235210000304505
      ],
      "decrypt_times": [
        0.040141899953596294
      ],
      "communication_sizes": [
        164626432,
        68059,
        10661389
      ],
      "comm_upload_sizes": [
        164626432
      ],
      "comm_query_sizes": [
        68059
      ],
      "comm_decrypt_sizes": [
        10661389
      ],
      "runs": [
        {
          "run_id": 0,
          "query_time": 0.21235210000304505,
          "decrypt_time": 0.040141899953596294,
          "success": true,
          "num_results": 157
        }
      ]
    },
    "neural_network": {
      "encrypt_times": [
        0.1659116999944672,
        0.11633819999406114
      ],
      "query_times": [
        0.16766509995795786
      ],
      "decrypt_times": [
        0.03766839997842908
      ],
      "communication_sizes": [
        164626432,
        7469761,
        10660967
      ],
      "comm_upload_sizes": [
        164626432
      ],
      "comm_query_sizes": [
        7469761
      ],
      "comm_decrypt_sizes": [
        10660967
      ],
      "runs": [
        {
          "run_id": 0,
          "query_time": 0.16766509995795786,
          "decrypt_time": 0.03766839997842908,
          "success": true,
          "num_results": 157
        }
      ]
    }
  },
  "summary": {
    "dot": {
      "avg_encrypt_time": 0.08862550000776537,
      "std_encrypt_time": 0.08746410001185723,
      "min_encrypt_time": 0.0011613999959081411,
      "max_encrypt_time": 0.1760896000196226,
      "avg_query_time": 0.23126329999649897,
      "std_query_time": 0.0,
      "min_query_time": 0.23126329999649897,
      "max_query_time": 0.23126329999649897,
      "avg_decrypt_time": 0.014488500019069761,
      "std_decrypt_time": 0.0,
      "min_decrypt_time": 0.014488500019069761,
      "max_decrypt_time": 0.014488500019069761,
      "avg_communication_size": 55404.146158854164,
      "std_communication_size": 74535.0443149204,
      "total_communication": 166212.4384765625
    },
    "decision_tree": {
      "avg_encrypt_time": 0.08537089999299496,
      "std_encrypt_time": 0.08426269999472424,
      "min_encrypt_time": 0.0011081999982707202,
      "max_encrypt_time": 0.1696335999877192,
      "avg_query_time": 0.21235210000304505,
      "std_query_time": 0.0,
      "min_query_time": 0.21235210000304505,
      "max_query_time": 0.21235210000304505,
      "avg_decrypt_time": 0.040141899953596294,
      "std_decrypt_time": 0.0,
      "min_decrypt_time": 0.040141899953596294,
      "max_decrypt_time": 0.040141899953596294,
      "avg_communication_size": 57081.9921875,
      "std_communication_size": 73438.61913591254,
      "total_communication": 171245.9765625
    },
    "neural_network": {
      "avg_encrypt_time": 0.14112494999426417,
      "std_encrypt_time": 0.02478675000020303,
      "min_encrypt_time": 0.11633819999406114,
      "max_encrypt_time": 0.1659116999944672,
      "avg_query_time": 0.16766509995795786,
      "std_query_time": 0.0,
      "min_query_time": 0.16766509995795786,
      "max_query_time": 0.16766509995795786,
      "avg_decrypt_time": 0.03766839997842908,
      "std_decrypt_time": 0.0,
      "min_decrypt_time": 0.03766839997842908,
      "max_decrypt_time": 0.03766839997842908,
      "avg_communication_size": 59491.263020833336,
      "std_communication_size": 71624.76804369349,
      "total_communication": 178473.7890625
    }
  }
}