{
  "config": {
    "N": 64,
    "n": 16,
    "num_records": 170,
    "record_dim": 8,
    "model_types": [
      "dot",
      "decision_tree",
      "neural_network"
    ],
    "policy_size": 8,
    "num_runs": 1,
    "save_results": true,
    "results_dir": "experiments/results/scheme2_server"
  },
  "models": {
    "dot": {
      "encrypt_times": [
        0.1949328000191599,
        0.0011912999907508492
      ],
      "query_times": [
        0.20832299999892712
      ],
      "decrypt_times": [
        0.016590400016866624
      ],
      "communication_sizes": [
        178257920,
        68107,
        5962877
      ],
      "comm_upload_sizes": [
        178257920
      ],
      "comm_query_sizes": [
        68107
      ],
      "comm_decrypt_sizes": [
        5962877
      ],
      "runs": [
        {
          "run_id": 0,
          "query_time": 0.20832299999892712,
          "decrypt_time": 0.016590400016866624,
          "success": true,
          "num_results": 170
        }
      ]
    },
    "decision_tree": {
      "encrypt_times": [
        0.18750409997301176,
        0.0011094000074081123
      ],
      "query_times": [
        0.23592639999696985
      ],
      "decrypt_times": [
        0.04605300002731383
      ],
      "communication_sizes": [
        178257920,
        68090,
        11543864
      ],
      "comm_upload_sizes": [
        178257920
      ],
      "comm_query_sizes": [
        68090
      ],
      "comm_decrypt_sizes": [
        11543864
      ],
      "runs": [
        {
          "run_id": 0,
          "query_time": 0.23592639999696985,
          "decrypt_time": 0.04605300002731383,
          "success": true,
          "num_results": 170
        }
      ]
    },
    "neural_network": {
      "encrypt_times": [
        0.1916095000342466,
        0.09730250004213303
      ],
      "query_times": [
        0.18655450001824647
      ],
      "decrypt_times": [
        0.04233409999869764
      ],
      "communication_sizes": [
        178257920,
        6111554,
        11544710
      ],
      "comm_upload_sizes": [
        178257920
      ],
      "comm_query_sizes": [
        6111554
      ],
      "comm_decrypt_sizes": [
        11544710
      ],
      "runs": [
        {
          "run_id": 0,
          "query_time": 0.18655450001824647,
          "decrypt_time": 0.04233409999869764,
          "success": true,
          "num_results": 170
        }
      ]
    }
  },
  "summary": {
    "dot": {
      "avg_encrypt_time": 0.09806205000495538,
      "std_encrypt_time": 0.09687075001420453,
      "min_encrypt_time": 0.0011912999907508492,
      "max_encrypt_time": 0.1949328000191599,
      "avg_query_time": 0.20832299999892712,
      "std_query_time": 0.0,
      "min_query_time": 0.20832299999892712,
      "max_query_time": 0.20832299999892712,
      "avg_decrypt_time": 0.016590400016866624,
      "std_decrypt_time": 0.0,
      "min_decrypt_time": 0.016590400016866624,
      "max_decrypt_time": 0.016590400016866624,
      "avg_communication_size": 59989.877604166664,
      "std_communication_size": 80708.12294813927,
      "total_communication": 179969.6328125
    },
    "decision_tree": {
      "avg_encrypt_time": 0.09430674999020994,
      "std_encrypt_time": 0.09319734998280182,
      "min_encrypt_time": 0.0011094000074081123,
      "max_encrypt_time": 0.18750409997301176,
      "avg_query_time": 0.23592639999696985,
      "std_query_time": 0.0,
      "min_query_time": 0.23592639999696985,
      "max_query_time": 0.23592639999696985,
      "avg_decrypt_time": 0.04605300002731383,
      "std_decrypt_time": 0.0,
      "min_decrypt_time": 0.04605300002731383,
      "max_decrypt_time": 0.04605300002731383,
      "avg_communication_size": 61806.599609375,
      "std_communication_size": 79521.00551474259,
      "total_communication": 185419.798828125
    },
    "neural_network": {
      "avg_encrypt_time": 0.1444560000381898,
      "std_encrypt_time": 0.04715349999605678,
      "min_encrypt_time": 0.09730250004213303,
      "max_encrypt_time": 0.1916095000342466,
      "avg_query_time": 0.18655450001824647,
      "std_query_time": 0.0,
      "min_query_time": 0.18655450001824647,
      "max_query_time": 0.18655450001824647,
      "avg_decrypt_time": 0.04233409999869764,
      "std_decrypt_time": 0.0,
      "min_decrypt_time": 0.04233409999869764,
      "max_decrypt_time": 0.04233409999869764,
      "avg_communication_size": 63774.1484375,
      "std_communication_size": 78028.08720211127,
      "total_communication": 191322.4453125
    }
  }
}