{
  "config": {
    "N": 64,
    "n": 16,
    "num_records": 64,
    "record_dim": 16,
    "model_types": [
      "dot",
      "decision_tree",
      "neural_network"
    ],
    "policy_size": 8,
    "num_runs": 2,
    "save_results": true,
    "results_dir": "experiments/results/scheme2_server"
  },
  "models": {
    "dot": {
      "encrypt_times": [
        0.08234850002918392,
        0.002124899998307228,
        0.07950230001006275,
        0.001083899987861514
      ],
      "query_times": [
        0.11424129997612908,
        0.09472809999715537
      ],
      "decrypt_times": [
        0.006302600027993321,
        0.005771899945102632
      ],
      "communication_sizes": [
        67108864,
        68020,
        2245005,
        67108864,
        68075,
        2244813
      ],
      "comm_upload_sizes": [
        67108864,
        67108864
      ],
      "comm_query_sizes": [
        68020,
        68075
      ],
      "comm_decrypt_sizes": [
        2245005,
        2244813
      ],
      "runs": [
        {
          "run_id": 0,
          "query_time": 0.11424129997612908,
          "decrypt_time": 0.006302600027993321,
          "success": true,
          "num_results": 64
        },
        {
          "run_id": 1,
          "query_time": 0.09472809999715537,
          "decrypt_time": 0.005771899945102632,
          "success": true,
          "num_results": 64
        }
      ]
    },
    "decision_tree": {
      "encrypt_times": [
        0.07413520000409335,
        0.00212459999602288,
        0.07338269997853786,
        0.0011182999587617815
      ],
      "query_times": [
        0.10246610001195222,
        0.09245500003453344
      ],
      "decrypt_times": [
        0.01702530001057312,
        0.01739719999022782
      ],
      "communication_sizes": [
        67108864,
        68161,
        4345283,
        67108864,
        68109,
        4345723
      ],
      "comm_upload_sizes": [
        67108864,
        67108864
      ],
      "comm_query_sizes": [
        68161,
        68109
      ],
      "comm_decrypt_sizes": [
        4345283,
        4345723
      ],
      "runs": [
        {
          "run_id": 0,
          "query_time": 0.10246610001195222,
          "decrypt_time": 0.01702530001057312,
          "success": true,
          "num_results": 64
        },
        {
          "run_id": 1,
          "query_time": 0.09245500003453344,
          "decrypt_time": 0.01739719999022782,
          "success": true,
          "num_results": 64
        }
      ]
    },
    "neural_network": {
      "encrypt_times": [
        0.07395490002818406,
        0.13300159998470917,
        0.07328640000196174,
        0.12638349999906495
      ],
      "query_times": [
        0.0757733000209555,
        0.07219679997069761
      ],
      "decrypt_times": [
        0.01841060002334416,
        0.018083100032527
      ],
      "communication_sizes": [
        67108864,
        7469463,
        4346240,
        67108864,
        7469997,
        4346024
      ],
      "comm_upload_sizes": [
        67108864,
        67108864
      ],
      "comm_query_sizes": [
        7469463,
        7469997
      ],
      "comm_decrypt_sizes": [
        4346240,
        4346024
      ],
      "runs": [
        {
          "run_id": 0,
          "query_time": 0.0757733000209555,
          "decrypt_time": 0.01841060002334416,
          "success": true,
          "num_results": 64
        },
        {
          "run_id": 1,
          "query_time": 0.07219679997069761,
          "decrypt_time": 0.018083100032527,
          "success": true,
          "num_results": 64
        }
      ]
    }
  },
  "summary": {
    "dot": {
      "avg_encrypt_time": 0.041264900006353855,
      "std_encrypt_time": 0.03967497105542577,
      "min_encrypt_time": 0.001083899987861514,
      "max_encrypt_time": 0.08234850002918392,
      "avg_query_time": 0.10448469998664223,
      "std_query_time": 0.009756599989486858,
      "min_query_time": 0.09472809999715537,
      "max_query_time": 0.11424129997612908,
      "avg_decrypt_time": 0.006037249986547977,
      "std_decrypt_time": 0.0002653500414453447,
      "min_decrypt_time": 0.005771899945102632,
      "max_decrypt_time": 0.006302600027993321,
      "avg_communication_size": 22598.248860677082,
      "std_communication_size": 30373.976306468954,
      "total_communication": 135589.4931640625
    },
    "decision_tree": {
      "avg_encrypt_time": 0.03769019998435397,
      "std_encrypt_time": 0.03607148581735131,
      "min_encrypt_time": 0.0011182999587617815,
      "max_encrypt_time": 0.07413520000409335,
      "avg_query_time": 0.09746055002324283,
      "std_query_time": 0.00500554998870939,
      "min_query_time": 0.09245500003453344,
      "max_query_time": 0.10246610001195222,
      "avg_decrypt_time": 0.01721125000040047,
      "std_decrypt_time": 0.00018594998982734978,
      "min_decrypt_time": 0.01702530001057312,
      "max_decrypt_time": 0.01739719999022782,
      "avg_communication_size": 23282.064453125,
      "std_communication_size": 29926.670144677842,
      "total_communication": 139692.38671875
    },
    "neural_network": {
      "avg_encrypt_time": 0.10165660000347998,
      "std_encrypt_time": 0.028134414143813152,
      "min_encrypt_time": 0.07328640000196174,
      "max_encrypt_time": 0.13300159998470917,
      "avg_query_time": 0.07398504999582656,
      "std_query_time": 0.0017882500251289457,
      "min_query_time": 0.07219679997069761,
      "max_query_time": 0.0757733000209555,
      "avg_decrypt_time": 0.01824685002793558,
      "std_decrypt_time": 0.0001637499954085797,
      "min_decrypt_time": 0.018083100032527,
      "max_decrypt_time": 0.01841060002334416,
      "avg_communication_size": 25691.642578125,
      "std_communication_size": 28201.7237247835,
      "total_communication": 154149.85546875
    }
  }
}