{
  "config": {
    "N": 64,
    "n": 16,
    "num_records": 16,
    "record_dim": 32,
    "model_types": [
      "dot",
      "decision_tree",
      "neural_network"
    ],
    "policy_size": 8,
    "num_runs": 2,
    "save_results": true,
    "results_dir": "experiments/results/scheme2_server"
  },
  "models": {
    "dot": {
      "encrypt_times": [
        0.016726100002415478,
        0.0010036000167019665,
        0.01641490001929924,
        0.0010137000354006886
      ],
      "query_times": [
        0.025021999957971275,
        0.024938800022937357
      ],
      "decrypt_times": [
        0.0014269999810494483,
        0.0013467000098899007
      ],
      "communication_sizes": [
        16777216,
        67969,
        561242,
        16777216,
        68070,
        561072
      ],
      "comm_upload_sizes": [
        16777216,
        16777216
      ],
      "comm_query_sizes": [
        67969,
        68070
      ],
      "comm_decrypt_sizes": [
        561242,
        561072
      ],
      "runs": [
        {
          "run_id": 0,
          "query_time": 0.025021999957971275,
          "decrypt_time": 0.0014269999810494483,
          "success": true,
          "num_results": 16
        },
        {
          "run_id": 1,
          "query_time": 0.024938800022937357,
          "decrypt_time": 0.0013467000098899007,
          "success": true,
          "num_results": 16
        }
      ]
    },
    "decision_tree": {
      "encrypt_times": [
        0.01671580004040152,
        0.0010845999931916595,
        0.017547299969010055,
        0.0014998999540694058
      ],
      "query_times": [
        0.020547299995087087,
        0.019651299982797354
      ],
      "decrypt_times": [
        0.004232099978253245,
        0.0037905999924987555
      ],
      "communication_sizes": [
        16777216,
        68098,
        1086356,
        16777216,
        68082,
        1086702
      ],
      "comm_upload_sizes": [
        16777216,
        16777216
      ],
      "comm_query_sizes": [
        68098,
        68082
      ],
      "comm_decrypt_sizes": [
        1086356,
        1086702
      ],
      "runs": [
        {
          "run_id": 0,
          "query_time": 0.020547299995087087,
          "decrypt_time": 0.004232099978253245,
          "success": true,
          "num_results": 16
        },
        {
          "run_id": 1,
          "query_time": 0.019651299982797354,
          "decrypt_time": 0.0037905999924987555,
          "success": true,
          "num_results": 16
        }
      ]
    },
    "neural_network": {
      "encrypt_times": [
        0.016233400034252554,
        0.11038250004639849,
        0.016184200008865446,
        0.1063035000115633
      ],
      "query_times": [
        0.017230700002983212,
        0.015490700025111437
      ],
      "decrypt_times": [
        0.0037868000217713416,
        0.0036398000083863735
      ],
      "communication_sizes": [
        16777216,
        7469984,
        1086405,
        16777216,
        7469681,
        1086616
      ],
      "comm_upload_sizes": [
        16777216,
        16777216
      ],
      "comm_query_sizes": [
        7469984,
        7469681
      ],
      "comm_decrypt_sizes": [
        1086405,
        1086616
      ],
      "runs": [
        {
          "run_id": 0,
          "query_time": 0.017230700002983212,
          "decrypt_time": 0.0037868000217713416,
          "success": true,
          "num_results": 16
        },
        {
          "run_id": 1,
          "query_time": 0.015490700025111437,
          "decrypt_time": 0.0036398000083863735,
          "success": true,
          "num_results": 16
        }
      ]
    }
  },
  "summary": {
    "dot": {
      "avg_encrypt_time": 0.008789575018454343,
      "std_encrypt_time": 0.007781703680260868,
      "min_encrypt_time": 0.0010036000167019665,
      "max_encrypt_time": 0.016726100002415478,
      "avg_query_time": 0.024980399990454316,
      "std_query_time": 4.1599967516958714e-05,
      "min_query_time": 0.024938800022937357,
      "max_query_time": 0.025021999957971275,
      "avg_decrypt_time": 0.0013868499954696745,
      "std_decrypt_time": 4.0149985579773784e-05,
      "min_decrypt_time": 0.0013467000098899007,
      "max_decrypt_time": 0.0014269999810494483,
      "avg_communication_size": 5666.143391927083,
      "std_communication_size": 7581.218786510471,
      "total_communication": 33996.8603515625
    },
    "decision_tree": {
      "avg_encrypt_time": 0.00921189998916816,
      "std_encrypt_time": 0.007926464510877643,
      "min_encrypt_time": 0.0010845999931916595,
      "max_encrypt_time": 0.017547299969010055,
      "avg_query_time": 0.02009929998894222,
      "std_query_time": 0.00044800000614486635,
      "min_query_time": 0.019651299982797354,
      "max_query_time": 0.020547299995087087,
      "avg_decrypt_time": 0.004011349985376,
      "std_decrypt_time": 0.00022074999287724495,
      "min_decrypt_time": 0.0037905999924987555,
      "max_decrypt_time": 0.004232099978253245,
      "avg_communication_size": 5837.185872395833,
      "std_communication_size": 7468.768673035366,
      "total_communication": 35023.115234375
    },
    "neural_network": {
      "avg_encrypt_time": 0.06227590002526995,
      "std_encrypt_time": 0.046089671136738876,
      "min_encrypt_time": 0.016184200008865446,
      "max_encrypt_time": 0.11038250004639849,
      "avg_query_time": 0.016360700014047325,
      "std_query_time": 0.0008699999889358878,
      "min_query_time": 0.015490700025111437,
      "max_query_time": 0.017230700002983212,
      "avg_decrypt_time": 0.0037133000150788575,
      "std_decrypt_time": 7.350000669248402e-05,
      "min_decrypt_time": 0.0036398000083863735,
      "max_decrypt_time": 0.0037868000217713416,
      "avg_communication_size": 8246.601236979166,
      "std_communication_size": 6291.673761845763,
      "total_communication": 49479.607421875
    }
  }
}