{
  "config": {
    "N": 64,
    "n": 16,
    "num_records": 170,
    "record_dim": 64,
    "model_types": [
      "dot",
      "decision_tree",
      "neural_network"
    ],
    "policy_size": 8,
    "num_runs": 1,
    "save_results": true,
    "results_dir": "experiments/results/scheme2_server"
  },
  "models": {
    "dot": {
      "encrypt_times": [
        0.2516428000526503,
        0.0015030000358819962
      ],
      "query_times": [
        0.39560019999044016
      ],
      "decrypt_times": [
        0.01876139995874837
      ],
      "communication_sizes": [
        178257920,
        68114,
        5963367
      ],
      "comm_upload_sizes": [
        178257920
      ],
      "comm_query_sizes": [
        68114
      ],
      "comm_decrypt_sizes": [
        5963367
      ],
      "runs": [
        {
          "run_id": 0,
          "query_time": 0.39560019999044016,
          "decrypt_time": 0.01876139995874837,
          "success": true,
          "num_results": 170
        }
      ]
    },
    "decision_tree": {
      "encrypt_times": [
        0.22479379997821525,
        0.0012820999836549163
      ],
      "query_times": [
        0.2722805999801494
      ],
      "decrypt_times": [
        0.046798700001090765
      ],
      "communication_sizes": [
        178257920,
        68064,
        11544331
      ],
      "comm_upload_sizes": [
        178257920
      ],
      "comm_query_sizes": [
        68064
      ],
      "comm_decrypt_sizes": [
        11544331
      ],
      "runs": [
        {
          "run_id": 0,
          "query_time": 0.2722805999801494,
          "decrypt_time": 0.046798700001090765,
          "success": true,
          "num_results": 170
        }
      ]
    },
    "neural_network": {
      "encrypt_times": [
        0.21528539998689666,
        0.1415675000171177
      ],
      "query_times": [
        0.22044190001906827
      ],
      "decrypt_times": [
        0.05178360000718385
      ],
      "communication_sizes": [
        178257920,
        7469635,
        11543717
      ],
      "comm_upload_sizes": [
        178257920
      ],
      "comm_query_sizes": [
        7469635
      ],
      "comm_decrypt_sizes": [
        11543717
      ],
      "runs": [
        {
          "run_id": 0,
          "query_time": 0.22044190001906827,
          "decrypt_time": 0.05178360000718385,
          "success": true,
          "num_results": 170
        }
      ]
    }
  },
  "summary": {
    "dot": {
      "avg_encrypt_time": 0.12657290004426613,
      "std_encrypt_time": 0.12506990000838414,
      "min_encrypt_time": 0.0015030000358819962,
      "max_encrypt_time": 0.2516428000526503,
      "avg_query_time": 0.39560019999044016,
      "std_query_time": 0.0,
      "min_query_time": 0.39560019999044016,
      "max_query_time": 0.39560019999044016,
      "avg_decrypt_time": 0.01876139995874837,
      "std_decrypt_time": 0.0,
      "min_decrypt_time": 0.01876139995874837,
      "max_decrypt_time": 0.01876139995874837,
      "avg_communication_size": 59990.039388020836,
      "std_communication_size": 80708.01420562036,
      "total_communication": 179970.1181640625
    },
    "decision_tree": {
      "avg_encrypt_time": 0.11303794998093508,
      "std_encrypt_time": 0.11175584999728017,
      "min_encrypt_time": 0.0012820999836549163,
      "max_encrypt_time": 0.22479379997821525,
      "avg_query_time": 0.2722805999801494,
      "std_query_time": 0.0,
      "min_query_time": 0.2722805999801494,
      "max_query_time": 0.2722805999801494,
      "avg_decrypt_time": 0.046798700001090765,
      "std_decrypt_time": 0.0,
      "min_decrypt_time": 0.046798700001090765,
      "max_decrypt_time": 0.046798700001090765,
      "avg_communication_size": 61806.7431640625,
      "std_communication_size": 79520.91548291274,
      "total_communication": 185420.2294921875
    },
    "neural_network": {
      "avg_encrypt_time": 0.1784264500020072,
      "std_encrypt_time": 0.03685894998488948,
      "min_encrypt_time": 0.1415675000171177,
      "max_encrypt_time": 0.21528539998689666,
      "avg_query_time": 0.22044190001906827,
      "std_query_time": 0.0,
      "min_query_time": 0.22044190001906827,
      "max_query_time": 0.22044190001906827,
      "avg_decrypt_time": 0.05178360000718385,
      "std_decrypt_time": 0.0,
      "min_decrypt_time": 0.05178360000718385,
      "max_decrypt_time": 0.05178360000718385,
      "avg_communication_size": 64215.908854166664,
      "std_communication_size": 77702.62199959198,
      "total_communication": 192647.7265625
    }
  }
}