{
  "config": {
    "N": 64,
    "n": 16,
    "num_records": 103,
    "record_dim": 16,
    "model_types": [
      "dot",
      "decision_tree",
      "neural_network"
    ],
    "policy_size": 8,
    "num_runs": 1,
    "save_results": true,
    "results_dir": "experiments/results/scheme2_server"
  },
  "models": {
    "dot": {
      "encrypt_times": [
        0.12491300003603101,
        0.0010420000180602074
      ],
      "query_times": [
        0.14513280004030094
      ],
      "decrypt_times": [
        0.009329299966339022
      ],
      "communication_sizes": [
        108003328,
        68112,
        3612501
      ],
      "comm_upload_sizes": [
        108003328
      ],
      "comm_query_sizes": [
        68112
      ],
      "comm_decrypt_sizes": [
        3612501
      ],
      "runs": [
        {
          "run_id": 0,
          "query_time": 0.14513280004030094,
          "decrypt_time": 0.009329299966339022,
          "success": true,
          "num_results": 103
        }
      ]
    },
    "decision_tree": {
      "encrypt_times": [
        0.11519270000280812,
        0.0010711000068113208
      ],
      "query_times": [
        0.15884559997357428
      ],
      "decrypt_times": [
        0.024473599973134696
      ],
      "communication_sizes": [
        108003328,
        68101,
        6993420
      ],
      "comm_upload_sizes": [
        108003328
      ],
      "comm_query_sizes": [
        68101
      ],
      "comm_decrypt_sizes": [
        6993420
      ],
      "runs": [
        {
          "run_id": 0,
          "query_time": 0.15884559997357428,
          "decrypt_time": 0.024473599973134696,
          "success": true,
          "num_results": 103
        }
      ]
    },
    "neural_network": {
      "encrypt_times": [
        0.10956429998623207,
        0.11678639997262508
      ],
      "query_times": [
        0.10947019996820018
      ],
      "decrypt_times": [
        0.02642279997235164
      ],
      "communication_sizes": [
        108003328,
        7470226,
        6994569
      ],
      "comm_upload_sizes": [
        108003328
      ],
      "comm_query_sizes": [
        7470226
      ],
      "comm_decrypt_sizes": [
        6994569
      ],
      "runs": [
        {
          "run_id": 0,
          "query_time": 0.10947019996820018,
          "decrypt_time": 0.02642279997235164,
          "success": true,
          "num_results": 103
        }
      ]
    }
  },
  "summary": {
    "dot": {
      "avg_encrypt_time": 0.06297750002704561,
      "std_encrypt_time": 0.0619355000089854,
      "min_encrypt_time": 0.0010420000180602074,
      "max_encrypt_time": 0.12491300003603101,
      "avg_query_time": 0.14513280004030094,
      "std_query_time": 0.0,
      "min_query_time": 0.14513280004030094,
      "max_query_time": 0.14513280004030094,
      "avg_decrypt_time": 0.009329299966339022,
      "std_decrypt_time": 0.0,
      "min_decrypt_time": 0.009329299966339022,
      "max_decrypt_time": 0.009329299966339022,
      "avg_communication_size": 36355.449544270836,
      "std_communication_size": 48893.2056607777,
      "total_communication": 109066.3486328125
    },
    "decision_tree": {
      "avg_encrypt_time": 0.05813190000480972,
      "std_encrypt_time": 0.0570607999979984,
      "min_encrypt_time": 0.0010711000068113208,
      "max_encrypt_time": 0.11519270000280812,
      "avg_query_time": 0.15884559997357428,
      "std_query_time": 0.0,
      "min_query_time": 0.15884559997357428,
      "max_query_time": 0.15884559997357428,
      "avg_decrypt_time": 0.024473599973134696,
      "std_decrypt_time": 0.0,
      "min_decrypt_time": 0.024473599973134696,
      "max_decrypt_time": 0.024473599973134696,
      "avg_communication_size": 37456.005533854164,
      "std_communication_size": 48173.75629101956,
      "total_communication": 112368.0166015625
    },
    "neural_network": {
      "avg_encrypt_time": 0.11317534997942857,
      "std_encrypt_time": 0.0036110499931965023,
      "min_encrypt_time": 0.10956429998623207,
      "max_encrypt_time": 0.11678639997262508,
      "avg_query_time": 0.10947019996820018,
      "std_query_time": 0.0,
      "min_query_time": 0.10947019996820018,
      "max_query_time": 0.10947019996820018,
      "avg_decrypt_time": 0.02642279997235164,
      "std_decrypt_time": 0.0,
      "min_decrypt_time": 0.02642279997235164,
      "max_decrypt_time": 0.02642279997235164,
      "avg_communication_size": 39865.925455729164,
      "std_communication_size": 46390.88779013321,
      "total_communication": 119597.7763671875
    }
  }
}