{
  "config": {
    "N": 64,
    "n": 16,
    "num_records": 512,
    "record_dim": 32,
    "model_types": [
      "dot",
      "decision_tree",
      "neural_network"
    ],
    "policy_size": 8,
    "num_runs": 1,
    "save_results": true,
    "results_dir": "experiments/results/scheme2_server"
  },
  "models": {
    "dot": {
      "encrypt_times": [
        0.6179428000468761,
        0.0010666000307537615
      ],
      "query_times": [
        0.90895620000083
      ],
      "decrypt_times": [
        0.05675280001014471
      ],
      "communication_sizes": [
        536870912,
        68124,
        17960015
      ],
      "comm_upload_sizes": [
        536870912
      ],
      "comm_query_sizes": [
        68124
      ],
      "comm_decrypt_sizes": [
        17960015
      ],
      "runs": [
        {
          "run_id": 0,
          "query_time": 0.90895620000083,
          "decrypt_time": 0.05675280001014471,
          "success": true,
          "num_results": 512
        }
      ]
    },
    "decision_tree": {
      "encrypt_times": [
        0.5863311000284739,
        0.0011477999505586922
      ],
      "query_times": [
        0.7475596999865957
      ],
      "decrypt_times": [
        0.14316560002043843
      ],
      "communication_sizes": [
        536870912,
        68077,
        34766043
      ],
      "comm_upload_sizes": [
        536870912
      ],
      "comm_query_sizes": [
        68077
      ],
      "comm_decrypt_sizes": [
        34766043
      ],
      "runs": [
        {
          "run_id": 0,
          "query_time": 0.7475596999865957,
          "decrypt_time": 0.14316560002043843,
          "success": true,
          "num_results": 512
        }
      ]
    },
    "neural_network": {
      "encrypt_times": [
        0.6027348000206985,
        0.12274120002985
      ],
      "query_times": [
        0.5781388999894261
      ],
      "decrypt_times": [
        0.12946520000696182
      ],
      "communication_sizes": [
        536870912,
        7470074,
        34767837
      ],
      "comm_upload_sizes": [
        536870912
      ],
      "comm_query_sizes": [
        7470074
      ],
      "comm_decrypt_sizes": [
        34767837
      ],
      "runs": [
        {
          "run_id": 0,
          "query_time": 0.5781388999894261,
          "decrypt_time": 0.12946520000696182,
          "success": true,
          "num_results": 512
        }
      ]
    }
  },
  "summary": {
    "dot": {
      "avg_encrypt_time": 0.3095047000388149,
      "std_encrypt_time": 0.30843810000806116,
      "min_encrypt_time": 0.0010666000307537615,
      "max_encrypt_time": 0.6179428000468761,
      "avg_query_time": 0.90895620000083,
      "std_query_time": 0.0,
      "min_query_time": 0.90895620000083,
      "max_query_time": 0.90895620000083,
      "avg_decrypt_time": 0.05675280001014471,
      "std_decrypt_time": 0.0,
      "min_decrypt_time": 0.05675280001014471,
      "max_decrypt_time": 0.05675280001014471,
      "avg_communication_size": 180631.20149739584,
      "std_communication_size": 243106.72398072953,
      "total_communication": 541893.6044921875
    },
    "decision_tree": {
      "avg_encrypt_time": 0.2937394499895163,
      "std_encrypt_time": 0.2925916500389576,
      "min_encrypt_time": 0.0011477999505586922,
      "max_encrypt_time": 0.5863311000284739,
      "avg_query_time": 0.7475596999865957,
      "std_query_time": 0.0,
      "min_query_time": 0.7475596999865957,
      "max_query_time": 0.7475596999865957,
      "avg_decrypt_time": 0.14316560002043843,
      "std_decrypt_time": 0.0,
      "min_decrypt_time": 0.14316560002043843,
      "max_decrypt_time": 0.14316560002043843,
      "avg_communication_size": 186101.8984375,
      "std_communication_size": 239533.46772473736,
      "total_communication": 558305.6953125
    },
    "neural_network": {
      "avg_encrypt_time": 0.36273800002527423,
      "std_encrypt_time": 0.23999679999542423,
      "min_encrypt_time": 0.12274120002985,
      "max_encrypt_time": 0.6027348000206985,
      "avg_query_time": 0.5781388999894261,
      "std_query_time": 0.0,
      "min_query_time": 0.5781388999894261,
      "max_query_time": 0.5781388999894261,
      "avg_decrypt_time": 0.12946520000696182,
      "std_decrypt_time": 0.0,
      "min_decrypt_time": 0.12946520000696182,
      "max_decrypt_time": 0.12946520000696182,
      "avg_communication_size": 188511.98665364584,
      "std_communication_size": 237678.78914983416,
      "total_communication": 565535.9599609375
    }
  }
}