{
  "config": {
    "N": 64,
    "n": 16,
    "num_records": 150,
    "record_dim": 48,
    "model_types": [
      "dot",
      "decision_tree",
      "neural_network"
    ],
    "policy_size": 8,
    "num_runs": 1,
    "save_results": true,
    "results_dir": "experiments/results/scheme2_server"
  },
  "models": {
    "dot": {
      "encrypt_times": [
        0.20588339999085292,
        0.001445300003979355
      ],
      "query_times": [
        0.4570722000207752
      ],
      "decrypt_times": [
        0.01639399997657165
      ],
      "communication_sizes": [
        157286400,
        68070,
        5261963
      ],
      "comm_upload_sizes": [
        157286400
      ],
      "comm_query_sizes": [
        68070
      ],
      "comm_decrypt_sizes": [
        5261963
      ],
      "runs": [
        {
          "run_id": 0,
          "query_time": 0.4570722000207752,
          "decrypt_time": 0.01639399997657165,
          "success": true,
          "num_results": 150
        }
      ]
    },
    "decision_tree": {
      "encrypt_times": [
        0.1958672000328079,
        0.0012365999864414334
      ],
      "query_times": [
        0.22014940000372007
      ],
      "decrypt_times": [
        0.03848739998647943
      ],
      "communication_sizes": [
        157286400,
        68091,
        10185517
      ],
      "comm_upload_sizes": [
        157286400
      ],
      "comm_query_sizes": [
        68091
      ],
      "comm_decrypt_sizes": [
        10185517
      ],
      "runs": [
        {
          "run_id": 0,
          "query_time": 0.22014940000372007,
          "decrypt_time": 0.03848739998647943,
          "success": true,
          "num_results": 150
        }
      ]
    },
    "neural_network": {
      "encrypt_times": [
        0.18935449997661635,
        0.12566510000033304
      ],
      "query_times": [
        0.1810336000053212
      ],
      "decrypt_times": [
        0.03907229995820671
      ],
      "communication_sizes": [
        157286400,
        7471073,
        10186039
      ],
      "comm_upload_sizes": [
        157286400
      ],
      "comm_query_sizes": [
        7471073
      ],
      "comm_decrypt_sizes": [
        10186039
      ],
      "runs": [
        {
          "run_id": 0,
          "query_time": 0.1810336000053212,
          "decrypt_time": 0.03907229995820671,
          "success": true,
          "num_results": 150
        }
      ]
    }
  },
  "summary": {
    "dot": {
      "avg_encrypt_time": 0.10366434999741614,
      "std_encrypt_time": 0.10221904999343678,
      "min_encrypt_time": 0.001445300003979355,
      "max_encrypt_time": 0.20588339999085292,
      "avg_query_time": 0.4570722000207752,
      "std_query_time": 0.0,
      "min_query_time": 0.4570722000207752,
      "max_query_time": 0.4570722000207752,
      "avg_decrypt_time": 0.01639399997657165,
      "std_decrypt_time": 0.0,
      "min_decrypt_time": 0.01639399997657165,
      "max_decrypt_time": 0.01639399997657165,
      "avg_communication_size": 52935.036783854164,
      "std_communication_size": 71210.99081424766,
      "total_communication": 158805.1103515625
    },
    "decision_tree": {
      "avg_encrypt_time": 0.09855190000962466,
      "std_encrypt_time": 0.09731530002318323,
      "min_encrypt_time": 0.0012365999864414334,
      "max_encrypt_time": 0.1958672000328079,
      "avg_query_time": 0.22014940000372007,
      "std_query_time": 0.0,
      "min_query_time": 0.22014940000372007,
      "max_query_time": 0.22014940000372007,
      "avg_decrypt_time": 0.03848739998647943,
      "std_decrypt_time": 0.0,
      "min_decrypt_time": 0.03848739998647943,
      "max_decrypt_time": 0.03848739998647943,
      "avg_communication_size": 54537.763020833336,
      "std_communication_size": 70163.6191233068,
      "total_communication": 163613.2890625
    },
    "neural_network": {
      "avg_encrypt_time": 0.1575097999884747,
      "std_encrypt_time": 0.031844699988141656,
      "min_encrypt_time": 0.12566510000033304,
      "max_encrypt_time": 0.18935449997661635,
      "avg_query_time": 0.1810336000053212,
      "std_query_time": 0.0,
      "min_query_time": 0.1810336000053212,
      "max_query_time": 0.1810336000053212,
      "avg_decrypt_time": 0.03907229995820671,
      "std_decrypt_time": 0.0,
      "min_decrypt_time": 0.03907229995820671,
      "max_decrypt_time": 0.03907229995820671,
      "avg_communication_size": 56947.7578125,
      "std_communication_size": 68352.02670917442,
      "total_communication": 170843.2734375
    }
  }
}