{
  "config": {
    "N": 64,
    "n": 16,
    "num_records": 300,
    "record_dim": 32,
    "model_types": [
      "dot",
      "decision_tree",
      "neural_network"
    ],
    "policy_size": 8,
    "num_runs": 1,
    "save_results": true,
    "results_dir": "experiments/results/scheme2_server"
  },
  "models": {
    "dot": {
      "encrypt_times": [
        0.34075600001960993,
        0.0024065999896265566
      ],
      "query_times": [
        0.5297187000396661
      ],
      "decrypt_times": [
        0.027059299987740815
      ],
      "communication_sizes": [
        314572800,
        68065,
        10522763
      ],
      "comm_upload_sizes": [
        314572800
      ],
      "comm_query_sizes": [
        68065
      ],
      "comm_decrypt_sizes": [
        10522763
      ],
      "runs": [
        {
          "run_id": 0,
          "query_time": 0.5297187000396661,
          "decrypt_time": 0.027059299987740815,
          "success": true,
          "num_results": 300
        }
      ]
    },
    "decision_tree": {
      "encrypt_times": [
        0.32665910001378506,
        0.001102800015360117
      ],
      "query_times": [
        0.40328220004448667
      ],
      "decrypt_times": [
        0.07227610005065799
      ],
      "communication_sizes": [
        314572800,
        68132,
        20371604
      ],
      "comm_upload_sizes": [
        314572800
      ],
      "comm_query_sizes": [
        68132
      ],
      "comm_decrypt_sizes": [
        20371604
      ],
      "runs": [
        {
          "run_id": 0,
          "query_time": 0.40328220004448667,
          "decrypt_time": 0.07227610005065799,
          "success": true,
          "num_results": 300
        }
      ]
    },
    "neural_network": {
      "encrypt_times": [
        0.3105481999809854,
        0.11920240003382787
      ],
      "query_times": [
        0.3247286999830976
      ],
      "decrypt_times": [
        0.07340459997067228
      ],
      "communication_sizes": [
        314572800,
        7469696,
        20371847
      ],
      "comm_upload_sizes": [
        314572800
      ],
      "comm_query_sizes": [
        7469696
      ],
      "comm_decrypt_sizes": [
        20371847
      ],
      "runs": [
        {
          "run_id": 0,
          "query_time": 0.3247286999830976,
          "decrypt_time": 0.07340459997067228,
          "success": true,
          "num_results": 300
        }
      ]
    }
  },
  "summary": {
    "dot": {
      "avg_encrypt_time": 0.17158130000461824,
      "std_encrypt_time": 0.16917470001499169,
      "min_encrypt_time": 0.0024065999896265566,
      "max_encrypt_time": 0.34075600001960993,
      "avg_query_time": 0.5297187000396661,
      "std_query_time": 0.0,
      "min_query_time": 0.5297187000396661,
      "max_query_time": 0.5297187000396661,
      "avg_decrypt_time": 0.027059299987740815,
      "std_decrypt_time": 0.0,
      "min_decrypt_time": 0.027059299987740815,
      "max_decrypt_time": 0.027059299987740815,
      "avg_communication_size": 105847.53515625,
      "std_communication_size": 142438.6900717354,
      "total_communication": 317542.60546875
    },
    "decision_tree": {
      "avg_encrypt_time": 0.1638809500145726,
      "std_encrypt_time": 0.16277814999921247,
      "min_encrypt_time": 0.001102800015360117,
      "max_encrypt_time": 0.32665910001378506,
      "avg_query_time": 0.40328220004448667,
      "std_query_time": 0.0,
      "min_query_time": 0.40328220004448667,
      "max_query_time": 0.40328220004448667,
      "avg_decrypt_time": 0.07227610005065799,
      "std_decrypt_time": 0.0,
      "min_decrypt_time": 0.07227610005065799,
      "max_decrypt_time": 0.07227610005065799,
      "avg_communication_size": 109053.55989583333,
      "std_communication_size": 140344.32019821223,
      "total_communication": 327160.6796875
    },
    "neural_network": {
      "avg_encrypt_time": 0.21487530000740662,
      "std_encrypt_time": 0.09567289997357875,
      "min_encrypt_time": 0.11920240003382787,
      "max_encrypt_time": 0.3105481999809854,
      "avg_query_time": 0.3247286999830976,
      "std_query_time": 0.0,
      "min_query_time": 0.3247286999830976,
      "max_query_time": 0.3247286999830976,
      "avg_decrypt_time": 0.07340459997067228,
      "std_decrypt_time": 0.0,
      "min_decrypt_time": 0.07340459997067228,
      "max_decrypt_time": 0.07340459997067228,
      "avg_communication_size": 111463.00227864583,
      "std_communication_size": 138502.50942566167,
      "total_communication": 334389.0068359375
    }
  }
}