{
  "config": {
    "N": 64,
    "n": 16,
    "num_records": 128,
    "record_dim": 128,
    "model_types": [
      "dot",
      "decision_tree",
      "neural_network"
    ],
    "policy_size": 10,
    "num_runs": 3,
    "save_results": true,
    "results_dir": "experiments/results/scheme2_server"
  },
  "models": {
    "dot": {
      "encrypt_times": [
        0.1476068000192754,
        0.0011198000283911824,
        0.14008149999426678,
        0.0011198999709449708,
        0.1709460000274703,
        0.0011596999829635024
      ],
      "query_times": [
        0.2749426999944262,
        0.26614799996605143,
        0.2702697000349872
      ],
      "decrypt_times": [
        0.012812800006940961,
        0.012099199986550957,
        0.012203399965073913
      ],
      "communication_sizes": [
        134217728,
        1024,
        131072,
        134217728,
        1024,
        131072,
        134217728,
        1024,
        131072
      ],
      "comm_upload_sizes": [
        134217728,
        134217728,
        134217728
      ],
      "comm_query_sizes": [
        1024,
        1024,
        1024
      ],
      "comm_decrypt_sizes": [
        131072,
        131072,
        131072
      ],
      "runs": [
        {
          "run_id": 0,
          "query_time": 0.2749426999944262,
          "decrypt_time": 0.012812800006940961,
          "success": true,
          "num_results": 128
        },
        {
          "run_id": 1,
          "query_time": 0.26614799996605143,
          "decrypt_time": 0.012099199986550957,
          "success": true,
          "num_results": 128
        },
        {
          "run_id": 2,
          "query_time": 0.2702697000349872,
          "decrypt_time": 0.012203399965073913,
          "success": true,
          "num_results": 128
        }
      ]
    },
    "decision_tree": {
      "encrypt_times": [
        0.13964230002602562,
        0.0010819000308401883,
        0.14494569995440543,
        0.001068499987013638,
        0.14439400000264868,
        0.0017439000075682998
      ],
      "query_times": [
        0.17657110001891851,
        0.16986930003622547,
        0.17171710002003238
      ],
      "decrypt_times": [
        0.03175999998347834,
        0.03203389997361228,
        0.03276590001769364
      ],
      "communication_sizes": [
        134217728,
        1024,
        131072,
        134217728,
        1024,
        131072,
        134217728,
        1024,
        131072
      ],
      "comm_upload_sizes": [
        134217728,
        134217728,
        134217728
      ],
      "comm_query_sizes": [
        1024,
        1024,
        1024
      ],
      "comm_decrypt_sizes": [
        131072,
        131072,
        131072
      ],
      "runs": [
        {
          "run_id": 0,
          "query_time": 0.17657110001891851,
          "decrypt_time": 0.03175999998347834,
          "success": true,
          "num_results": 128
        },
        {
          "run_id": 1,
          "query_time": 0.16986930003622547,
          "decrypt_time": 0.03203389997361228,
          "success": true,
          "num_results": 128
        },
        {
          "run_id": 2,
          "query_time": 0.17171710002003238,
          "decrypt_time": 0.03276590001769364,
          "success": true,
          "num_results": 128
        }
      ]
    },
    "neural_network": {
      "encrypt_times": [
        0.13962219998938963,
        0.12041029997635633,
        0.13550729997223243,
        0.11561579996487126,
        0.1402038999949582,
        0.11634320003213361
      ],
      "query_times": [
        0.13857449998613447,
        0.13651350000873208,
        0.13659499998902902
      ],
      "decrypt_times": [
        0.030919099983293563,
        0.03140380000695586,
        0.03220419998979196
      ],
      "communication_sizes": [
        134217728,
        1024,
        131072,
        134217728,
        1024,
        131072,
        134217728,
        1024,
        131072
      ],
      "comm_upload_sizes": [
        134217728,
        134217728,
        134217728
      ],
      "comm_query_sizes": [
        1024,
        1024,
        1024
      ],
      "comm_decrypt_sizes": [
        131072,
        131072,
        131072
      ],
      "runs": [
        {
          "run_id": 0,
          "query_time": 0.13857449998613447,
          "decrypt_time": 0.030919099983293563,
          "success": true,
          "num_results": 128
        },
        {
          "run_id": 1,
          "query_time": 0.13651350000873208,
          "decrypt_time": 0.03140380000695586,
          "success": true,
          "num_results": 128
        },
        {
          "run_id": 2,
          "query_time": 0.13659499998902902,
          "decrypt_time": 0.03220419998979196,
          "success": true,
          "num_results": 128
        }
      ]
    }
  },
  "summary": {
    "dot": {
      "avg_encrypt_time": 0.07700561667055202,
      "std_encrypt_time": 0.07643929183475494,
      "min_encrypt_time": 0.0011198000283911824,
      "max_encrypt_time": 0.1709460000274703,
      "avg_query_time": 0.27045346666515496,
      "std_query_time": 0.0035927718897852206,
      "min_query_time": 0.26614799996605143,
      "max_query_time": 0.2749426999944262,
      "avg_decrypt_time": 0.012371799986188611,
      "std_decrypt_time": 0.00031472228245309257,
      "min_decrypt_time": 0.012099199986550957,
      "max_decrypt_time": 0.012812800006940961,
      "avg_communication_size": 43733.666666666664,
      "std_communication_size": 61757.549521405796,
      "total_communication": 393603.0
    },
    "decision_tree": {
      "avg_encrypt_time": 0.07214605000141698,
      "std_encrypt_time": 0.07086829725023926,
      "min_encrypt_time": 0.001068499987013638,
      "max_encrypt_time": 0.14494569995440543,
      "avg_query_time": 0.17271916669172546,
      "std_query_time": 0.0028262618377041973,
      "min_query_time": 0.16986930003622547,
      "max_query_time": 0.17657110001891851,
      "avg_decrypt_time": 0.032186599991594754,
      "std_decrypt_time": 0.0004246148775282309,
      "min_decrypt_time": 0.03175999998347834,
      "max_decrypt_time": 0.03276590001769364,
      "avg_communication_size": 43733.666666666664,
      "std_communication_size": 61757.549521405796,
      "total_communication": 393603.0
    },
    "neural_network": {
      "avg_encrypt_time": 0.12795044998832358,
      "std_encrypt_time": 0.010702090697470258,
      "min_encrypt_time": 0.11561579996487126,
      "max_encrypt_time": 0.1402038999949582,
      "avg_query_time": 0.13722766666129851,
      "std_query_time": 0.0009529360123196756,
      "min_query_time": 0.13651350000873208,
      "max_query_time": 0.13857449998613447,
      "avg_decrypt_time": 0.03150903332668046,
      "std_decrypt_time": 0.000529890583272144,
      "min_decrypt_time": 0.030919099983293563,
      "max_decrypt_time": 0.03220419998979196,
      "avg_communication_size": 43733.666666666664,
      "std_communication_size": 61757.549521405796,
      "total_communication": 393603.0
    }
  }
}