{
  "config": {
    "N": 64,
    "n": 16,
    "num_records": 115,
    "record_dim": 32,
    "model_types": [
      "dot",
      "decision_tree",
      "neural_network"
    ],
    "policy_size": 8,
    "num_runs": 1,
    "save_results": true,
    "results_dir": "experiments/results/scheme2_server"
  },
  "models": {
    "dot": {
      "encrypt_times": [
        0.12563540000701323,
        0.0010938000050373375
      ],
      "query_times": [
        0.1827266999753192
      ],
      "decrypt_times": [
        0.010821899981237948
      ],
      "communication_sizes": [
        120586240,
        68169,
        4033912
      ],
      "comm_upload_sizes": [
        120586240
      ],
      "comm_query_sizes": [
        68169
      ],
      "comm_decrypt_sizes": [
        4033912
      ],
      "runs": [
        {
          "run_id": 0,
          "query_time": 0.1827266999753192,
          "decrypt_time": 0.010821899981237948,
          "success": true,
          "num_results": 115
        }
      ]
    },
    "decision_tree": {
      "encrypt_times": [
        0.12456709996331483,
        0.0010814000270329416
      ],
      "query_times": [
        0.16103620000649244
      ],
      "decrypt_times": [
        0.02687020000303164
      ],
      "communication_sizes": [
        120586240,
        68055,
        7809197
      ],
      "comm_upload_sizes": [
        120586240
      ],
      "comm_query_sizes": [
        68055
      ],
      "comm_decrypt_sizes": [
        7809197
      ],
      "runs": [
        {
          "run_id": 0,
          "query_time": 0.16103620000649244,
          "decrypt_time": 0.02687020000303164,
          "success": true,
          "num_results": 115
        }
      ]
    },
    "neural_network": {
      "encrypt_times": [
        0.1278090999694541,
        0.12517630000365898
      ],
      "query_times": [
        0.12532069999724627
      ],
      "decrypt_times": [
        0.027183699945453554
      ],
      "communication_sizes": [
        120586240,
        7469825,
        7809626
      ],
      "comm_upload_sizes": [
        120586240
      ],
      "comm_query_sizes": [
        7469825
      ],
      "comm_decrypt_sizes": [
        7809626
      ],
      "runs": [
        {
          "run_id": 0,
          "query_time": 0.12532069999724627,
          "decrypt_time": 0.027183699945453554,
          "success": true,
          "num_results": 115
        }
      ]
    }
  },
  "summary": {
    "dot": {
      "avg_encrypt_time": 0.06336460000602528,
      "std_encrypt_time": 0.06227080000098795,
      "min_encrypt_time": 0.0010938000050373375,
      "max_encrypt_time": 0.12563540000701323,
      "avg_query_time": 0.1827266999753192,
      "std_query_time": 0.0,
      "min_query_time": 0.1827266999753192,
      "max_query_time": 0.1827266999753192,
      "avg_decrypt_time": 0.010821899981237948,
      "std_decrypt_time": 0.0,
      "min_decrypt_time": 0.010821899981237948,
      "max_decrypt_time": 0.010821899981237948,
      "avg_communication_size": 40588.646158854164,
      "std_communication_size": 54591.28762769287,
      "total_communication": 121765.9384765625
    },
    "decision_tree": {
      "avg_encrypt_time": 0.06282424999517389,
      "std_encrypt_time": 0.061742849968140945,
      "min_encrypt_time": 0.0010814000270329416,
      "max_encrypt_time": 0.12456709996331483,
      "avg_query_time": 0.16103620000649244,
      "std_query_time": 0.0,
      "min_query_time": 0.16103620000649244,
      "max_query_time": 0.16103620000649244,
      "avg_decrypt_time": 0.02687020000303164,
      "std_decrypt_time": 0.0,
      "min_decrypt_time": 0.02687020000303164,
      "max_decrypt_time": 0.02687020000303164,
      "avg_communication_size": 41817.54296875,
      "std_communication_size": 53788.04008909756,
      "total_communication": 125452.62890625
    },
    "neural_network": {
      "avg_encrypt_time": 0.12649269998655654,
      "std_encrypt_time": 0.0013163999828975648,
      "min_encrypt_time": 0.12517630000365898,
      "max_encrypt_time": 0.1278090999694541,
      "avg_query_time": 0.12532069999724627,
      "std_query_time": 0.0,
      "min_query_time": 0.12532069999724627,
      "max_query_time": 0.12532069999724627,
      "avg_decrypt_time": 0.027183699945453554,
      "std_decrypt_time": 0.0,
      "min_decrypt_time": 0.027183699945453554,
      "max_decrypt_time": 0.027183699945453554,
      "avg_communication_size": 44227.112955729164,
      "std_communication_size": 51995.779551379645,
      "total_communication": 132681.3388671875
    }
  }
}