{
  "config": {
    "N": 64,
    "n": 16,
    "num_records": 512,
    "record_dim": 8,
    "model_types": [
      "dot",
      "decision_tree",
      "neural_network"
    ],
    "policy_size": 8,
    "num_runs": 1,
    "save_results": true,
    "results_dir": "experiments/results/scheme2_server"
  },
  "models": {
    "dot": {
      "encrypt_times": [
        0.5881798000191338,
        0.0013162000104784966
      ],
      "query_times": [
        0.6843241000315174
      ],
      "decrypt_times": [
        0.044964300002902746
      ],
      "communication_sizes": [
        536870912,
        68120,
        17959533
      ],
      "comm_upload_sizes": [
        536870912
      ],
      "comm_query_sizes": [
        68120
      ],
      "comm_decrypt_sizes": [
        17959533
      ],
      "runs": [
        {
          "run_id": 0,
          "query_time": 0.6843241000315174,
          "decrypt_time": 0.044964300002902746,
          "success": true,
          "num_results": 512
        }
      ]
    },
    "decision_tree": {
      "encrypt_times": [
        0.5904468999942765,
        0.001119700027629733
      ],
      "query_times": [
        0.7069363999762572
      ],
      "decrypt_times": [
        0.13971509999828413
      ],
      "communication_sizes": [
        536870912,
        68113,
        34767225
      ],
      "comm_upload_sizes": [
        536870912
      ],
      "comm_query_sizes": [
        68113
      ],
      "comm_decrypt_sizes": [
        34767225
      ],
      "runs": [
        {
          "run_id": 0,
          "query_time": 0.7069363999762572,
          "decrypt_time": 0.13971509999828413,
          "success": true,
          "num_results": 512
        }
      ]
    },
    "neural_network": {
      "encrypt_times": [
        0.6075375000364147,
        0.10700649995123968
      ],
      "query_times": [
        0.5679311999701895
      ],
      "decrypt_times": [
        0.1270092999911867
      ],
      "communication_sizes": [
        536870912,
        6110925,
        34768412
      ],
      "comm_upload_sizes": [
        536870912
      ],
      "comm_query_sizes": [
        6110925
      ],
      "comm_decrypt_sizes": [
        34768412
      ],
      "runs": [
        {
          "run_id": 0,
          "query_time": 0.5679311999701895,
          "decrypt_time": 0.1270092999911867,
          "success": true,
          "num_results": 512
        }
      ]
    }
  },
  "summary": {
    "dot": {
      "avg_encrypt_time": 0.29474800001480617,
      "std_encrypt_time": 0.29343180000432767,
      "min_encrypt_time": 0.0013162000104784966,
      "max_encrypt_time": 0.5881798000191338,
      "avg_query_time": 0.6843241000315174,
      "std_query_time": 0.0,
      "min_query_time": 0.6843241000315174,
      "max_query_time": 0.6843241000315174,
      "avg_decrypt_time": 0.044964300002902746,
      "std_decrypt_time": 0.0,
      "min_decrypt_time": 0.044964300002902746,
      "max_decrypt_time": 0.044964300002902746,
      "avg_communication_size": 180631.04329427084,
      "std_communication_size": 243106.83020754546,
      "total_communication": 541893.1298828125
    },
    "decision_tree": {
      "avg_encrypt_time": 0.2957833000109531,
      "std_encrypt_time": 0.29466359998332337,
      "min_encrypt_time": 0.001119700027629733,
      "max_encrypt_time": 0.5904468999942765,
      "avg_query_time": 0.7069363999762572,
      "std_query_time": 0.0,
      "min_query_time": 0.7069363999762572,
      "max_query_time": 0.7069363999762572,
      "avg_decrypt_time": 0.13971509999828413,
      "std_decrypt_time": 0.0,
      "min_decrypt_time": 0.13971509999828413,
      "max_decrypt_time": 0.13971509999828413,
      "avg_communication_size": 186102.294921875,
      "std_communication_size": 239533.21422219,
      "total_communication": 558306.884765625
    },
    "neural_network": {
      "avg_encrypt_time": 0.3572719999938272,
      "std_encrypt_time": 0.2502655000425875,
      "min_encrypt_time": 0.10700649995123968,
      "max_encrypt_time": 0.6075375000364147,
      "avg_query_time": 0.5679311999701895,
      "std_query_time": 0.0,
      "min_query_time": 0.5679311999701895,
      "max_query_time": 0.5679311999701895,
      "avg_decrypt_time": 0.1270092999911867,
      "std_decrypt_time": 0.0,
      "min_decrypt_time": 0.1270092999911867,
      "max_decrypt_time": 0.1270092999911867,
      "avg_communication_size": 188069.74251302084,
      "std_communication_size": 238016.58083836793,
      "total_communication": 564209.2275390625
    }
  }
}