{
  "config": {
    "N": 64,
    "n": 16,
    "num_records": 210,
    "record_dim": 50,
    "model_types": [
      "dot",
      "decision_tree",
      "neural_network"
    ],
    "policy_size": 8,
    "num_runs": 1,
    "save_results": true,
    "results_dir": "experiments/results/scheme2_server"
  },
  "models": {
    "dot": {
      "encrypt_times": [
        0.2814543999847956,
        0.0013642999692820013
      ],
      "query_times": [
        0.7499766999972053
      ],
      "decrypt_times": [
        0.01989319996209815
      ],
      "communication_sizes": [
        220200960,
        68102,
        7366665
      ],
      "comm_upload_sizes": [
        220200960
      ],
      "comm_query_sizes": [
        68102
      ],
      "comm_decrypt_sizes": [
        7366665
      ],
      "runs": [
        {
          "run_id": 0,
          "query_time": 0.7499766999972053,
          "decrypt_time": 0.01989319996209815,
          "success": true,
          "num_results": 210
        }
      ]
    },
    "decision_tree": {
      "encrypt_times": [
        0.26208559999940917,
        0.0012181000201962888
      ],
      "query_times": [
        0.3093698999728076
      ],
      "decrypt_times": [
        0.059980600024573505
      ],
      "communication_sizes": [
        220200960,
        68068,
        14259061
      ],
      "comm_upload_sizes": [
        220200960
      ],
      "comm_query_sizes": [
        68068
      ],
      "comm_decrypt_sizes": [
        14259061
      ],
      "runs": [
        {
          "run_id": 0,
          "query_time": 0.3093698999728076,
          "decrypt_time": 0.059980600024573505,
          "success": true,
          "num_results": 210
        }
      ]
    },
    "neural_network": {
      "encrypt_times": [
        0.27291100000729784,
        0.13397170003736392
      ],
      "query_times": [
        0.2613524000043981
      ],
      "decrypt_times": [
        0.0577900999924168
      ],
      "communication_sizes": [
        220200960,
        7470031,
        14259950
      ],
      "comm_upload_sizes": [
        220200960
      ],
      "comm_query_sizes": [
        7470031
      ],
      "comm_decrypt_sizes": [
        14259950
      ],
      "runs": [
        {
          "run_id": 0,
          "query_time": 0.2613524000043981,
          "decrypt_time": 0.0577900999924168,
          "success": true,
          "num_results": 210
        }
      ]
    }
  },
  "summary": {
    "dot": {
      "avg_encrypt_time": 0.1414093499770388,
      "std_encrypt_time": 0.1400450500077568,
      "min_encrypt_time": 0.0013642999692820013,
      "max_encrypt_time": 0.2814543999847956,
      "avg_query_time": 0.7499766999972053,
      "std_query_time": 0.0,
      "min_query_time": 0.7499766999972053,
      "max_query_time": 0.7499766999972053,
      "avg_decrypt_time": 0.01989319996209815,
      "std_decrypt_time": 0.0,
      "min_decrypt_time": 0.01989319996209815,
      "max_decrypt_time": 0.01989319996209815,
      "avg_communication_size": 74100.17154947917,
      "std_communication_size": 99701.9784399148,
      "total_communication": 222300.5146484375
    },
    "decision_tree": {
      "avg_encrypt_time": 0.13165185000980273,
      "std_encrypt_time": 0.13043374998960644,
      "min_encrypt_time": 0.0012181000201962888,
      "max_encrypt_time": 0.26208559999940917,
      "avg_query_time": 0.3093698999728076,
      "std_query_time": 0.0,
      "min_query_time": 0.3093698999728076,
      "max_query_time": 0.3093698999728076,
      "avg_decrypt_time": 0.059980600024573505,
      "std_decrypt_time": 0.0,
      "min_decrypt_time": 0.059980600024573505,
      "max_decrypt_time": 0.059980600024573505,
      "avg_communication_size": 76343.77897135417,
      "std_communication_size": 98236.09333358011,
      "total_communication": 229031.3369140625
    },
    "neural_network": {
      "avg_encrypt_time": 0.20344135002233088,
      "std_encrypt_time": 0.06946964998496696,
      "min_encrypt_time": 0.13397170003736392,
      "max_encrypt_time": 0.27291100000729784,
      "avg_query_time": 0.2613524000043981,
      "std_query_time": 0.0,
      "min_query_time": 0.2613524000043981,
      "max_query_time": 0.2613524000043981,
      "avg_decrypt_time": 0.0577900999924168,
      "std_decrypt_time": 0.0,
      "min_decrypt_time": 0.0577900999924168,
      "max_decrypt_time": 0.0577900999924168,
      "avg_communication_size": 78753.5615234375,
      "std_communication_size": 96407.07718222089,
      "total_communication": 236260.6845703125
    }
  }
}