{
  "config": {
    "N": 64,
    "n": 16,
    "num_records": 32,
    "record_dim": 16,
    "model_types": [
      "dot",
      "decision_tree",
      "neural_network"
    ],
    "policy_size": 8,
    "num_runs": 1,
    "save_results": true,
    "results_dir": "experiments/results/scheme2_server"
  },
  "models": {
    "dot": {
      "encrypt_times": [
        0.03454409999540076,
        0.0010648999596014619
      ],
      "query_times": [
        0.04569240001728758
      ],
      "decrypt_times": [
        0.003086299984715879
      ],
      "communication_sizes": [
        33554432,
        68068,
        1122429
      ],
      "comm_upload_sizes": [
        33554432
      ],
      "comm_query_sizes": [
        68068
      ],
      "comm_decrypt_sizes": [
        1122429
      ],
      "runs": [
        {
          "run_id": 0,
          "query_time": 0.04569240001728758,
          "decrypt_time": 0.003086299984715879,
          "success": true,
          "num_results": 32
        }
      ]
    },
    "decision_tree": {
      "encrypt_times": [
        0.03482940001413226,
        0.0011155999964103103
      ],
      "query_times": [
        0.042856300016865134
      ],
      "decrypt_times": [
        0.009406299970578402
      ],
      "communication_sizes": [
        33554432,
        68159,
        2173201
      ],
      "comm_upload_sizes": [
        33554432
      ],
      "comm_query_sizes": [
        68159
      ],
      "comm_decrypt_sizes": [
        2173201
      ],
      "runs": [
        {
          "run_id": 0,
          "query_time": 0.042856300016865134,
          "decrypt_time": 0.009406299970578402,
          "success": true,
          "num_results": 32
        }
      ]
    },
    "neural_network": {
      "encrypt_times": [
        0.03381930000614375,
        0.11956179997650906
      ],
      "query_times": [
        0.03428160003386438
      ],
      "decrypt_times": [
        0.00940370000898838
      ],
      "communication_sizes": [
        33554432,
        7469422,
        2172842
      ],
      "comm_upload_sizes": [
        33554432
      ],
      "comm_query_sizes": [
        7469422
      ],
      "comm_decrypt_sizes": [
        2172842
      ],
      "runs": [
        {
          "run_id": 0,
          "query_time": 0.03428160003386438,
          "decrypt_time": 0.00940370000898838,
          "success": true,
          "num_results": 32
        }
      ]
    }
  },
  "summary": {
    "dot": {
      "avg_encrypt_time": 0.01780449997750111,
      "std_encrypt_time": 0.016739600017899647,
      "min_encrypt_time": 0.0010648999596014619,
      "max_encrypt_time": 0.03454409999540076,
      "avg_query_time": 0.04569240001728758,
      "std_query_time": 0.0,
      "min_query_time": 0.04569240001728758,
      "max_query_time": 0.04569240001728758,
      "avg_decrypt_time": 0.003086299984715879,
      "std_decrypt_time": 0.0,
      "min_decrypt_time": 0.003086299984715879,
      "max_decrypt_time": 0.003086299984715879,
      "avg_communication_size": 11310.1982421875,
      "std_communication_size": 15178.77875384261,
      "total_communication": 33930.5947265625
    },
    "decision_tree": {
      "avg_encrypt_time": 0.017972500005271286,
      "std_encrypt_time": 0.016856900008860976,
      "min_encrypt_time": 0.0011155999964103103,
      "max_encrypt_time": 0.03482940001413226,
      "avg_query_time": 0.042856300016865134,
      "std_query_time": 0.0,
      "min_query_time": 0.042856300016865134,
      "max_query_time": 0.042856300016865134,
      "avg_decrypt_time": 0.009406299970578402,
      "std_decrypt_time": 0.0,
      "min_decrypt_time": 0.009406299970578402,
      "max_decrypt_time": 0.009406299970578402,
      "avg_communication_size": 11652.276041666666,
      "std_communication_size": 14954.638735310114,
      "total_communication": 34956.828125
    },
    "neural_network": {
      "avg_encrypt_time": 0.0766905499913264,
      "std_encrypt_time": 0.04287124998518266,
      "min_encrypt_time": 0.03381930000614375,
      "max_encrypt_time": 0.11956179997650906,
      "avg_query_time": 0.03428160003386438,
      "std_query_time": 0.0,
      "min_query_time": 0.03428160003386438,
      "max_query_time": 0.03428160003386438,
      "avg_decrypt_time": 0.00940370000898838,
      "std_decrypt_time": 0.0,
      "min_decrypt_time": 0.00940370000898838,
      "max_decrypt_time": 0.00940370000898838,
      "avg_communication_size": 14061.424479166666,
      "std_communication_size": 13395.036725413212,
      "total_communication": 42184.2734375
    }
  }
}