{
  "config": {
    "N": 64,
    "n": 16,
    "num_records": 467,
    "record_dim": 16,
    "model_types": [
      "dot",
      "decision_tree",
      "neural_network"
    ],
    "policy_size": 8,
    "num_runs": 1,
    "save_results": true,
    "results_dir": "experiments/results/scheme2_server"
  },
  "models": {
    "dot": {
      "encrypt_times": [
        0.5248839000123553,
        0.002188200014643371
      ],
      "query_times": [
        0.7353710000170395
      ],
      "decrypt_times": [
        0.042125599982682616
      ],
      "communication_sizes": [
        489684992,
        68199,
        16380939
      ],
      "comm_upload_sizes": [
        489684992
      ],
      "comm_query_sizes": [
        68199
      ],
      "comm_decrypt_sizes": [
        16380939
      ],
      "runs": [
        {
          "run_id": 0,
          "query_time": 0.7353710000170395,
          "decrypt_time": 0.042125599982682616,
          "success": true,
          "num_results": 467
        }
      ]
    },
    "decision_tree": {
      "encrypt_times": [
        0.5235975999967195,
        0.0011029000161215663
      ],
      "query_times": [
        0.6416116000036709
      ],
      "decrypt_times": [
        0.11832739994861186
      ],
      "communication_sizes": [
        489684992,
        68098,
        31711640
      ],
      "comm_upload_sizes": [
        489684992
      ],
      "comm_query_sizes": [
        68098
      ],
      "comm_decrypt_sizes": [
        31711640
      ],
      "runs": [
        {
          "run_id": 0,
          "query_time": 0.6416116000036709,
          "decrypt_time": 0.11832739994861186,
          "success": true,
          "num_results": 467
        }
      ]
    },
    "neural_network": {
      "encrypt_times": [
        0.5102239000261761,
        0.12778049998451024
      ],
      "query_times": [
        0.5131562000024132
      ],
      "decrypt_times": [
        0.12089630000991747
      ],
      "communication_sizes": [
        489684992,
        7470158,
        31712063
      ],
      "comm_upload_sizes": [
        489684992
      ],
      "comm_query_sizes": [
        7470158
      ],
      "comm_decrypt_sizes": [
        31712063
      ],
      "runs": [
        {
          "run_id": 0,
          "query_time": 0.5131562000024132,
          "decrypt_time": 0.12089630000991747,
          "success": true,
          "num_results": 467
        }
      ]
    }
  },
  "summary": {
    "dot": {
      "avg_encrypt_time": 0.26353605001349933,
      "std_encrypt_time": 0.26134784999885596,
      "min_encrypt_time": 0.002188200014643371,
      "max_encrypt_time": 0.5248839000123553,
      "avg_query_time": 0.7353710000170395,
      "std_query_time": 0.0,
      "min_query_time": 0.7353710000170395,
      "max_query_time": 0.7353710000170395,
      "avg_decrypt_time": 0.042125599982682616,
      "std_decrypt_time": 0.0,
      "min_decrypt_time": 0.042125599982682616,
      "max_decrypt_time": 0.042125599982682616,
      "avg_communication_size": 164757.20377604166,
      "std_communication_size": 221738.57840861718,
      "total_communication": 494271.611328125
    },
    "decision_tree": {
      "avg_encrypt_time": 0.26235025000642054,
      "std_encrypt_time": 0.26124734999029897,
      "min_encrypt_time": 0.0011029000161215663,
      "max_encrypt_time": 0.5235975999967195,
      "avg_query_time": 0.6416116000036709,
      "std_query_time": 0.0,
      "min_query_time": 0.6416116000036709,
      "max_query_time": 0.6416116000036709,
      "avg_decrypt_time": 0.11832739994861186,
      "std_decrypt_time": 0.0,
      "min_decrypt_time": 0.11832739994861186,
      "max_decrypt_time": 0.11832739994861186,
      "avg_communication_size": 169747.63346354166,
      "std_communication_size": 218478.95412668842,
      "total_communication": 509242.900390625
    },
    "neural_network": {
      "avg_encrypt_time": 0.3190022000053432,
      "std_encrypt_time": 0.19122170002083294,
      "min_encrypt_time": 0.12778049998451024,
      "max_encrypt_time": 0.5102239000261761,
      "avg_query_time": 0.5131562000024132,
      "std_query_time": 0.0,
      "min_query_time": 0.5131562000024132,
      "max_query_time": 0.5131562000024132,
      "avg_decrypt_time": 0.12089630000991747,
      "std_decrypt_time": 0.0,
      "min_decrypt_time": 0.12089630000991747,
      "max_decrypt_time": 0.12089630000991747,
      "avg_communication_size": 172157.2958984375,
      "std_communication_size": 216626.23194059482,
      "total_communication": 516471.8876953125
    }
  }
}