{
  "config": {
    "N": 64,
    "n": 16,
    "num_records": 229,
    "record_dim": 16,
    "model_types": [
      "dot",
      "decision_tree",
      "neural_network"
    ],
    "policy_size": 8,
    "num_runs": 1,
    "save_results": true,
    "results_dir": "experiments/results/scheme2_server"
  },
  "models": {
    "dot": {
      "encrypt_times": [
        0.25777470000321046,
        0.0018326000426895916
      ],
      "query_times": [
        0.34287100000074133
      ],
      "decrypt_times": [
        0.021556499996222556
      ],
      "communication_sizes": [
        240123904,
        68099,
        8032750
      ],
      "comm_upload_sizes": [
        240123904
      ],
      "comm_query_sizes": [
        68099
      ],
      "comm_decrypt_sizes": [
        8032750
      ],
      "runs": [
        {
          "run_id": 0,
          "query_time": 0.34287100000074133,
          "decrypt_time": 0.021556499996222556,
          "success": true,
          "num_results": 229
        }
      ]
    },
    "decision_tree": {
      "encrypt_times": [
        0.25644050003029406,
        0.0012235000031068921
      ],
      "query_times": [
        0.30553260003216565
      ],
      "decrypt_times": [
        0.056648300029337406
      ],
      "communication_sizes": [
        240123904,
        68115,
        15551053
      ],
      "comm_upload_sizes": [
        240123904
      ],
      "comm_query_sizes": [
        68115
      ],
      "comm_decrypt_sizes": [
        15551053
      ],
      "runs": [
        {
          "run_id": 0,
          "query_time": 0.30553260003216565,
          "decrypt_time": 0.056648300029337406,
          "success": true,
          "num_results": 229
        }
      ]
    },
    "neural_network": {
      "encrypt_times": [
        0.24841110000852495,
        0.12085659999866039
      ],
      "query_times": [
        0.2553286000038497
      ],
      "decrypt_times": [
        0.0602597999968566
      ],
      "communication_sizes": [
        240123904,
        7470703,
        15551764
      ],
      "comm_upload_sizes": [
        240123904
      ],
      "comm_query_sizes": [
        7470703
      ],
      "comm_decrypt_sizes": [
        15551764
      ],
      "runs": [
        {
          "run_id": 0,
          "query_time": 0.2553286000038497,
          "decrypt_time": 0.0602597999968566,
          "success": true,
          "num_results": 229
        }
      ]
    }
  },
  "summary": {
    "dot": {
      "avg_encrypt_time": 0.12980365002295002,
      "std_encrypt_time": 0.12797104998026043,
      "min_encrypt_time": 0.0018326000426895916,
      "max_encrypt_time": 0.25777470000321046,
      "avg_query_time": 0.34287100000074133,
      "std_query_time": 0.0,
      "min_query_time": 0.34287100000074133,
      "max_query_time": 0.34287100000074133,
      "avg_decrypt_time": 0.021556499996222556,
      "std_decrypt_time": 0.0,
      "min_decrypt_time": 0.021556499996222556,
      "max_decrypt_time": 0.021556499996222556,
      "avg_communication_size": 80802.32845052083,
      "std_communication_size": 108724.21609134004,
      "total_communication": 242406.9853515625
    },
    "decision_tree": {
      "avg_encrypt_time": 0.12883200001670048,
      "std_encrypt_time": 0.12760850001359358,
      "min_encrypt_time": 0.0012235000031068921,
      "max_encrypt_time": 0.25644050003029406,
      "avg_query_time": 0.30553260003216565,
      "std_query_time": 0.0,
      "min_query_time": 0.30553260003216565,
      "max_query_time": 0.30553260003216565,
      "avg_decrypt_time": 0.056648300029337406,
      "std_decrypt_time": 0.0,
      "min_decrypt_time": 0.056648300029337406,
      "max_decrypt_time": 0.056648300029337406,
      "avg_communication_size": 83249.69791666667,
      "std_communication_size": 107125.27541346507,
      "total_communication": 249749.09375
    },
    "neural_network": {
      "avg_encrypt_time": 0.18463385000359267,
      "std_encrypt_time": 0.06377725000493228,
      "min_encrypt_time": 0.12085659999866039,
      "max_encrypt_time": 0.24841110000852495,
      "avg_query_time": 0.2553286000038497,
      "std_query_time": 0.0,
      "min_query_time": 0.2553286000038497,
      "max_query_time": 0.2553286000038497,
      "avg_decrypt_time": 0.0602597999968566,
      "std_decrypt_time": 0.0,
      "min_decrypt_time": 0.0602597999968566,
      "max_decrypt_time": 0.0602597999968566,
      "avg_communication_size": 85659.6259765625,
      "std_communication_size": 105292.510823237,
      "total_communication": 256978.8779296875
    }
  }
}