{
  "config": {
    "N": 64,
    "n": 16,
    "num_records": 128,
    "record_dim": 128,
    "model_types": [
      "dot",
      "decision_tree",
      "neural_network"
    ],
    "policy_size": 10,
    "num_runs": 3,
    "save_results": true,
    "results_dir": "experiments/results/scheme2_server"
  },
  "models": {
    "dot": {
      "encrypt_times": [
        0.16042359999846667,
        0.0010492000146768987,
        0.14086370001314208,
        0.0012397000100463629,
        0.1403169000404887,
        0.0011335999588482082
      ],
      "query_times": [
        0.27991550002479926,
        0.2662494000396691,
        0.26391780003905296
      ],
      "decrypt_times": [
        0.011982500029262155,
        0.01350619998993352,
        0.01535690005403012
      ],
      "communication_sizes": [
        134217728,
        68142,
        4490012,
        134217728,
        68088,
        4489909,
        134217728,
        68040,
        4489546
      ],
      "comm_upload_sizes": [
        134217728,
        134217728,
        134217728
      ],
      "comm_query_sizes": [
        68142,
        68088,
        68040
      ],
      "comm_decrypt_sizes": [
        4490012,
        4489909,
        4489546
      ],
      "runs": [
        {
          "run_id": 0,
          "query_time": 0.27991550002479926,
          "decrypt_time": 0.011982500029262155,
          "success": true,
          "num_results": 128
        },
        {
          "run_id": 1,
          "query_time": 0.2662494000396691,
          "decrypt_time": 0.01350619998993352,
          "success": true,
          "num_results": 128
        },
        {
          "run_id": 2,
          "query_time": 0.26391780003905296,
          "decrypt_time": 0.01535690005403012,
          "success": true,
          "num_results": 128
        }
      ]
    },
    "decision_tree": {
      "encrypt_times": [
        0.14219669997692108,
        0.001145099988207221,
        0.1417031000019051,
        0.0010689999908208847,
        0.1413326000329107,
        0.0010454999865032732
      ],
      "query_times": [
        0.1786223000381142,
        0.17018969997297972,
        0.17518989997915924
      ],
      "decrypt_times": [
        0.031226899998728186,
        0.03184320003492758,
        0.03467900003306568
      ],
      "communication_sizes": [
        134217728,
        68131,
        8692070,
        134217728,
        68105,
        8691656,
        134217728,
        68116,
        8692318
      ],
      "comm_upload_sizes": [
        134217728,
        134217728,
        134217728
      ],
      "comm_query_sizes": [
        68131,
        68105,
        68116
      ],
      "comm_decrypt_sizes": [
        8692070,
        8691656,
        8692318
      ],
      "runs": [
        {
          "run_id": 0,
          "query_time": 0.1786223000381142,
          "decrypt_time": 0.031226899998728186,
          "success": true,
          "num_results": 128
        },
        {
          "run_id": 1,
          "query_time": 0.17018969997297972,
          "decrypt_time": 0.03184320003492758,
          "success": true,
          "num_results": 128
        },
        {
          "run_id": 2,
          "query_time": 0.17518989997915924,
          "decrypt_time": 0.03467900003306568,
          "success": true,
          "num_results": 128
        }
      ]
    },
    "neural_network": {
      "encrypt_times": [
        0.14220649999333546,
        0.12038779997965321,
        0.13759589998517185,
        0.1215438999934122,
        0.14047240000218153,
        0.1181368000106886
      ],
      "query_times": [
        0.1467240999918431,
        0.13605349999852479,
        0.14130540000041947
      ],
      "decrypt_times": [
        0.03093589999480173,
        0.03436990000773221,
        0.03306820004945621
      ],
      "communication_sizes": [
        134217728,
        7469605,
        8691810,
        134217728,
        7469267,
        8692440,
        134217728,
        7470659,
        8692149
      ],
      "comm_upload_sizes": [
        134217728,
        134217728,
        134217728
      ],
      "comm_query_sizes": [
        7469605,
        7469267,
        7470659
      ],
      "comm_decrypt_sizes": [
        8691810,
        8692440,
        8692149
      ],
      "runs": [
        {
          "run_id": 0,
          "query_time": 0.1467240999918431,
          "decrypt_time": 0.03093589999480173,
          "success": true,
          "num_results": 128
        },
        {
          "run_id": 1,
          "query_time": 0.13605349999852479,
          "decrypt_time": 0.03436990000773221,
          "success": true,
          "num_results": 128
        },
        {
          "run_id": 2,
          "query_time": 0.14130540000041947,
          "decrypt_time": 0.03306820004945621,
          "success": true,
          "num_results": 128
        }
      ]
    }
  },
  "summary": {
    "dot": {
      "avg_encrypt_time": 0.07417111667261149,
      "std_encrypt_time": 0.07332909982823162,
      "min_encrypt_time": 0.0010492000146768987,
      "max_encrypt_time": 0.16042359999846667,
      "avg_query_time": 0.2700275667011738,
      "std_query_time": 0.007056321454320973,
      "min_query_time": 0.26391780003905296,
      "max_query_time": 0.27991550002479926,
      "avg_decrypt_time": 0.0136152000244086,
      "std_decrypt_time": 0.0013797474738577314,
      "min_decrypt_time": 0.011982500029262155,
      "max_decrypt_time": 0.01535690005403012,
      "avg_communication_size": 45174.36208767361,
      "std_communication_size": 60764.37904865409,
      "total_communication": 406569.2587890625
    },
    "decision_tree": {
      "avg_encrypt_time": 0.07141533332954471,
      "std_encrypt_time": 0.07032925179030464,
      "min_encrypt_time": 0.0010454999865032732,
      "max_encrypt_time": 0.14219669997692108,
      "avg_query_time": 0.17466729999675104,
      "std_query_time": 0.0034623709622970044,
      "min_query_time": 0.17018969997297972,
      "max_query_time": 0.1786223000381142,
      "avg_decrypt_time": 0.03258303335557381,
      "std_decrypt_time": 0.0015032772351370753,
      "min_decrypt_time": 0.031226899998728186,
      "max_decrypt_time": 0.03467900003306568,
      "avg_communication_size": 46542.272135416664,
      "std_communication_size": 59870.347374539655,
      "total_communication": 418880.44921875
    },
    "neural_network": {
      "avg_encrypt_time": 0.13005721666074047,
      "std_encrypt_time": 0.01017335890565069,
      "min_encrypt_time": 0.1181368000106886,
      "max_encrypt_time": 0.14220649999333546,
      "avg_query_time": 0.1413609999969291,
      "std_query_time": 0.004356431611159155,
      "min_query_time": 0.13605349999852479,
      "max_query_time": 0.1467240999918431,
      "avg_decrypt_time": 0.032791333350663386,
      "std_decrypt_time": 0.0014155282639064391,
      "min_decrypt_time": 0.03093589999480173,
      "max_decrypt_time": 0.03436990000773221,
      "avg_communication_size": 48951.72677951389,
      "std_communication_size": 58069.84674118554,
      "total_communication": 440565.541015625
    }
  }
}