{
  "config": {
    "N": 64,
    "n": 16,
    "num_records": 72,
    "record_dim": 14,
    "model_types": [
      "dot",
      "decision_tree",
      "neural_network"
    ],
    "policy_size": 8,
    "num_runs": 1,
    "save_results": true,
    "results_dir": "experiments/results/scheme2_server"
  },
  "models": {
    "dot": {
      "encrypt_times": [
        0.0988020000513643,
        0.0014454000047408044
      ],
      "query_times": [
        0.19163070002105087
      ],
      "decrypt_times": [
        0.009978400019463152
      ],
      "communication_sizes": [
        75497472,
        68122,
        2525443
      ],
      "comm_upload_sizes": [
        75497472
      ],
      "comm_query_sizes": [
        68122
      ],
      "comm_decrypt_sizes": [
        2525443
      ],
      "runs": [
        {
          "run_id": 0,
          "query_time": 0.19163070002105087,
          "decrypt_time": 0.009978400019463152,
          "success": true,
          "num_results": 72
        }
      ]
    },
    "decision_tree": {
      "encrypt_times": [
        0.09984019998228177,
        0.0013432000414468348
      ],
      "query_times": [
        0.11175410001305863
      ],
      "decrypt_times": [
        0.020694800012279302
      ],
      "communication_sizes": [
        75497472,
        68149,
        4889238
      ],
      "comm_upload_sizes": [
        75497472
      ],
      "comm_query_sizes": [
        68149
      ],
      "comm_decrypt_sizes": [
        4889238
      ],
      "runs": [
        {
          "run_id": 0,
          "query_time": 0.11175410001305863,
          "decrypt_time": 0.020694800012279302,
          "success": true,
          "num_results": 72
        }
      ]
    },
    "neural_network": {
      "encrypt_times": [
        0.09281200001714751,
        0.1401354999979958
      ],
      "query_times": [
        0.08342849998734891
      ],
      "decrypt_times": [
        0.01863260002573952
      ],
      "communication_sizes": [
        75497472,
        7469876,
        4889644
      ],
      "comm_upload_sizes": [
        75497472
      ],
      "comm_query_sizes": [
        7469876
      ],
      "comm_decrypt_sizes": [
        4889644
      ],
      "runs": [
        {
          "run_id": 0,
          "query_time": 0.08342849998734891,
          "decrypt_time": 0.01863260002573952,
          "success": true,
          "num_results": 72
        }
      ]
    }
  },
  "summary": {
    "dot": {
      "avg_encrypt_time": 0.050123700028052554,
      "std_encrypt_time": 0.04867830002331175,
      "min_encrypt_time": 0.0014454000047408044,
      "max_encrypt_time": 0.0988020000513643,
      "avg_query_time": 0.19163070002105087,
      "std_query_time": 0.0,
      "min_query_time": 0.19163070002105087,
      "max_query_time": 0.19163070002105087,
      "avg_decrypt_time": 0.009978400019463152,
      "std_decrypt_time": 0.0,
      "min_decrypt_time": 0.009978400019463152,
      "max_decrypt_time": 0.009978400019463152,
      "avg_communication_size": 25420.259440104168,
      "std_communication_size": 34172.77689981786,
      "total_communication": 76260.7783203125
    },
    "decision_tree": {
      "avg_encrypt_time": 0.050591700011864305,
      "std_encrypt_time": 0.04924849997041747,
      "min_encrypt_time": 0.0013432000414468348,
      "max_encrypt_time": 0.09984019998228177,
      "avg_query_time": 0.11175410001305863,
      "std_query_time": 0.0,
      "min_query_time": 0.11175410001305863,
      "max_query_time": 0.11175410001305863,
      "avg_decrypt_time": 0.020694800012279302,
      "std_decrypt_time": 0.0,
      "min_decrypt_time": 0.020694800012279302,
      "max_decrypt_time": 0.020694800012279302,
      "avg_communication_size": 26189.732747395832,
      "std_communication_size": 33669.53795370117,
      "total_communication": 78569.1982421875
    },
    "neural_network": {
      "avg_encrypt_time": 0.11647375000757165,
      "std_encrypt_time": 0.02366174999042414,
      "min_encrypt_time": 0.09281200001714751,
      "max_encrypt_time": 0.1401354999979958,
      "avg_query_time": 0.08342849998734891,
      "std_query_time": 0.0,
      "min_query_time": 0.08342849998734891,
      "max_query_time": 0.08342849998734891,
      "avg_decrypt_time": 0.01863260002573952,
      "std_decrypt_time": 0.0,
      "min_decrypt_time": 0.01863260002573952,
      "max_decrypt_time": 0.01863260002573952,
      "avg_communication_size": 28599.28125,
      "std_communication_size": 31927.399276805754,
      "total_communication": 85797.84375
    }
  }
}