{
  "config": {
    "N": 64,
    "n": 16,
    "num_records": 170,
    "record_dim": 256,
    "model_types": [
      "dot",
      "decision_tree",
      "neural_network"
    ],
    "policy_size": 8,
    "num_runs": 1,
    "save_results": true,
    "results_dir": "experiments/results/scheme2_server"
  },
  "models": {
    "dot": {
      "encrypt_times": [
        0.23516629997175187,
        0.0015503999893553555
      ],
      "query_times": [
        0.48243299999739975
      ],
      "decrypt_times": [
        0.02031849999912083
      ],
      "communication_sizes": [
        178257920,
        68138,
        5962712
      ],
      "comm_upload_sizes": [
        178257920
      ],
      "comm_query_sizes": [
        68138
      ],
      "comm_decrypt_sizes": [
        5962712
      ],
      "runs": [
        {
          "run_id": 0,
          "query_time": 0.48243299999739975,
          "decrypt_time": 0.02031849999912083,
          "success": true,
          "num_results": 170
        }
      ]
    },
    "decision_tree": {
      "encrypt_times": [
        0.24078140000347048,
        0.0014548999606631696
      ],
      "query_times": [
        0.2848851000308059
      ],
      "decrypt_times": [
        0.05385029996978119
      ],
      "communication_sizes": [
        178257920,
        68074,
        11544269
      ],
      "comm_upload_sizes": [
        178257920
      ],
      "comm_query_sizes": [
        68074
      ],
      "comm_decrypt_sizes": [
        11544269
      ],
      "runs": [
        {
          "run_id": 0,
          "query_time": 0.2848851000308059,
          "decrypt_time": 0.05385029996978119,
          "success": true,
          "num_results": 170
        }
      ]
    },
    "neural_network": {
      "encrypt_times": [
        0.23768989997915924,
        0.15432650002185255
      ],
      "query_times": [
        0.2373090999899432
      ],
      "decrypt_times": [
        0.05570420000003651
      ],
      "communication_sizes": [
        178257920,
        7470080,
        11543633
      ],
      "comm_upload_sizes": [
        178257920
      ],
      "comm_query_sizes": [
        7470080
      ],
      "comm_decrypt_sizes": [
        11543633
      ],
      "runs": [
        {
          "run_id": 0,
          "query_time": 0.2373090999899432,
          "decrypt_time": 0.05570420000003651,
          "success": true,
          "num_results": 170
        }
      ]
    }
  },
  "summary": {
    "dot": {
      "avg_encrypt_time": 0.11835834998055361,
      "std_encrypt_time": 0.11680794999119826,
      "min_encrypt_time": 0.0015503999893553555,
      "max_encrypt_time": 0.23516629997175187,
      "avg_query_time": 0.48243299999739975,
      "std_query_time": 0.0,
      "min_query_time": 0.48243299999739975,
      "max_query_time": 0.48243299999739975,
      "avg_decrypt_time": 0.02031849999912083,
      "std_decrypt_time": 0.0,
      "min_decrypt_time": 0.02031849999912083,
      "max_decrypt_time": 0.02031849999912083,
      "avg_communication_size": 59989.833984375,
      "std_communication_size": 80708.15150356622,
      "total_communication": 179969.501953125
    },
    "decision_tree": {
      "avg_encrypt_time": 0.12111814998206683,
      "std_encrypt_time": 0.11966325002140366,
      "min_encrypt_time": 0.0014548999606631696,
      "max_encrypt_time": 0.24078140000347048,
      "avg_query_time": 0.2848851000308059,
      "std_query_time": 0.0,
      "min_query_time": 0.2848851000308059,
      "max_query_time": 0.2848851000308059,
      "avg_decrypt_time": 0.05385029996978119,
      "std_decrypt_time": 0.0,
      "min_decrypt_time": 0.05385029996978119,
      "max_decrypt_time": 0.05385029996978119,
      "avg_communication_size": 61806.726236979164,
      "std_communication_size": 79520.92578076156,
      "total_communication": 185420.1787109375
    },
    "neural_network": {
      "avg_encrypt_time": 0.1960082000005059,
      "std_encrypt_time": 0.04168169997865334,
      "min_encrypt_time": 0.15432650002185255,
      "max_encrypt_time": 0.23768989997915924,
      "avg_query_time": 0.2373090999899432,
      "std_query_time": 0.0,
      "min_query_time": 0.2373090999899432,
      "max_query_time": 0.2373090999899432,
      "avg_decrypt_time": 0.05570420000003651,
      "std_decrypt_time": 0.0,
      "min_decrypt_time": 0.05570420000003651,
      "max_decrypt_time": 0.05570420000003651,
      "avg_communication_size": 64216.0263671875,
      "std_communication_size": 77702.53451519695,
      "total_communication": 192648.0791015625
    }
  }
}