{
  "config": {
    "N": 64,
    "n": 16,
    "num_records": 61,
    "record_dim": 16,
    "model_types": [
      "dot",
      "decision_tree",
      "neural_network"
    ],
    "policy_size": 8,
    "num_runs": 1,
    "save_results": true,
    "results_dir": "experiments/results/scheme2_server"
  },
  "models": {
    "dot": {
      "encrypt_times": [
        0.06760080001549795,
        0.0011972999782301486
      ],
      "query_times": [
        0.08645200001774356
      ],
      "decrypt_times": [
        0.005275400006212294
      ],
      "communication_sizes": [
        63963136,
        68112,
        2139719
      ],
      "comm_upload_sizes": [
        63963136
      ],
      "comm_query_sizes": [
        68112
      ],
      "comm_decrypt_sizes": [
        2139719
      ],
      "runs": [
        {
          "run_id": 0,
          "query_time": 0.08645200001774356,
          "decrypt_time": 0.005275400006212294,
          "success": true,
          "num_results": 61
        }
      ]
    },
    "decision_tree": {
      "encrypt_times": [
        0.06653140002163127,
        0.0011025999556295574
      ],
      "query_times": [
        0.08240509999450296
      ],
      "decrypt_times": [
        0.014377099985722452
      ],
      "communication_sizes": [
        63963136,
        68180,
        4141976
      ],
      "comm_upload_sizes": [
        63963136
      ],
      "comm_query_sizes": [
        68180
      ],
      "comm_decrypt_sizes": [
        4141976
      ],
      "runs": [
        {
          "run_id": 0,
          "query_time": 0.08240509999450296,
          "decrypt_time": 0.014377099985722452,
          "success": true,
          "num_results": 61
        }
      ]
    },
    "neural_network": {
      "encrypt_times": [
        0.06722079997416586,
        0.12979869998525828
      ],
      "query_times": [
        0.06768779997946694
      ],
      "decrypt_times": [
        0.014951099990867078
      ],
      "communication_sizes": [
        63963136,
        7470104,
        4142640
      ],
      "comm_upload_sizes": [
        63963136
      ],
      "comm_query_sizes": [
        7470104
      ],
      "comm_decrypt_sizes": [
        4142640
      ],
      "runs": [
        {
          "run_id": 0,
          "query_time": 0.06768779997946694,
          "decrypt_time": 0.014951099990867078,
          "success": true,
          "num_results": 61
        }
      ]
    }
  },
  "summary": {
    "dot": {
      "avg_encrypt_time": 0.03439904999686405,
      "std_encrypt_time": 0.0332017500186339,
      "min_encrypt_time": 0.0011972999782301486,
      "max_encrypt_time": 0.06760080001549795,
      "avg_query_time": 0.08645200001774356,
      "std_query_time": 0.0,
      "min_query_time": 0.08645200001774356,
      "max_query_time": 0.08645200001774356,
      "avg_decrypt_time": 0.005275400006212294,
      "std_decrypt_time": 0.0,
      "min_decrypt_time": 0.005275400006212294,
      "max_decrypt_time": 0.005275400006212294,
      "avg_communication_size": 21540.0283203125,
      "std_communication_size": 28949.401607048032,
      "total_communication": 64620.0849609375
    },
    "decision_tree": {
      "avg_encrypt_time": 0.033816999988630414,
      "std_encrypt_time": 0.03271440003300086,
      "min_encrypt_time": 0.0011025999556295574,
      "max_encrypt_time": 0.06653140002163127,
      "avg_query_time": 0.08240509999450296,
      "std_query_time": 0.0,
      "min_query_time": 0.08240509999450296,
      "max_query_time": 0.08240509999450296,
      "avg_decrypt_time": 0.014377099985722452,
      "std_decrypt_time": 0.0,
      "min_decrypt_time": 0.014377099985722452,
      "max_decrypt_time": 0.014377099985722452,
      "avg_communication_size": 22191.826822916668,
      "std_communication_size": 28523.004746587765,
      "total_communication": 66575.48046875
    },
    "neural_network": {
      "avg_encrypt_time": 0.09850974997971207,
      "std_encrypt_time": 0.03128895000554621,
      "min_encrypt_time": 0.06722079997416586,
      "max_encrypt_time": 0.12979869998525828,
      "avg_query_time": 0.06768779997946694,
      "std_query_time": 0.0,
      "min_query_time": 0.06768779997946694,
      "max_query_time": 0.06768779997946694,
      "avg_decrypt_time": 0.014951099990867078,
      "std_decrypt_time": 0.0,
      "min_decrypt_time": 0.014951099990867078,
      "max_decrypt_time": 0.014951099990867078,
      "avg_communication_size": 24601.5234375,
      "std_communication_size": 26805.660136955597,
      "total_communication": 73804.5703125
    }
  }
}