{
  "config": {
    "N": 64,
    "n": 16,
    "num_records": 32,
    "record_dim": 32,
    "model_types": [
      "dot",
      "decision_tree",
      "neural_network"
    ],
    "policy_size": 10,
    "num_runs": 3,
    "save_results": true,
    "results_dir": "experiments/results/scheme2_server"
  },
  "models": {
    "dot": {
      "encrypt_times": [
        0.03542019997257739,
        0.0011837999918498099,
        0.03349580004578456,
        0.001065499964170158,
        0.033187199966050684,
        0.0009615000453777611
      ],
      "query_times": [
        0.050850800005719066,
        0.055160799995064735,
        0.05456620000768453
      ],
      "decrypt_times": [
        0.0030724999960511923,
        0.0031871000537648797,
        0.002745600009802729
      ],
      "communication_sizes": [
        33554432,
        1024,
        32768,
        33554432,
        1024,
        32768,
        33554432,
        1024,
        32768
      ],
      "comm_upload_sizes": [
        33554432,
        33554432,
        33554432
      ],
      "comm_query_sizes": [
        1024,
        1024,
        1024
      ],
      "comm_decrypt_sizes": [
        32768,
        32768,
        32768
      ],
      "runs": [
        {
          "run_id": 0,
          "query_time": 0.050850800005719066,
          "decrypt_time": 0.0030724999960511923,
          "success": true,
          "num_results": 32
        },
        {
          "run_id": 1,
          "query_time": 0.055160799995064735,
          "decrypt_time": 0.0031871000537648797,
          "success": true,
          "num_results": 32
        },
        {
          "run_id": 2,
          "query_time": 0.05456620000768453,
          "decrypt_time": 0.002745600009802729,
          "success": true,
          "num_results": 32
        }
      ]
    },
    "decision_tree": {
      "encrypt_times": [
        0.03374820004682988,
        0.00106229999801144,
        0.033582600008230656,
        0.0010572999599389732,
        0.037378600041847676,
        0.0012459999998100102
      ],
      "query_times": [
        0.04031179996673018,
        0.04031559999566525,
        0.04523180000251159
      ],
      "decrypt_times": [
        0.007106099976226687,
        0.007327100029215217,
        0.008549100020900369
      ],
      "communication_sizes": [
        33554432,
        1024,
        32768,
        33554432,
        1024,
        32768,
        33554432,
        1024,
        32768
      ],
      "comm_upload_sizes": [
        33554432,
        33554432,
        33554432
      ],
      "comm_query_sizes": [
        1024,
        1024,
        1024
      ],
      "comm_decrypt_sizes": [
        32768,
        32768,
        32768
      ],
      "runs": [
        {
          "run_id": 0,
          "query_time": 0.04031179996673018,
          "decrypt_time": 0.007106099976226687,
          "success": true,
          "num_results": 32
        },
        {
          "run_id": 1,
          "query_time": 0.04031559999566525,
          "decrypt_time": 0.007327100029215217,
          "success": true,
          "num_results": 32
        },
        {
          "run_id": 2,
          "query_time": 0.04523180000251159,
          "decrypt_time": 0.008549100020900369,
          "success": true,
          "num_results": 32
        }
      ]
    },
    "neural_network": {
      "encrypt_times": [
        0.03391050000209361,
        0.11579869996057823,
        0.03691079997224733,
        0.11028640001313761,
        0.035661500005517155,
        0.11679080000612885
      ],
      "query_times": [
        0.034323500003665686,
        0.03158240002812818,
        0.03223189996788278
      ],
      "decrypt_times": [
        0.007738600019365549,
        0.007910099986474961,
        0.007527499983552843
      ],
      "communication_sizes": [
        33554432,
        1024,
        32768,
        33554432,
        1024,
        32768,
        33554432,
        1024,
        32768
      ],
      "comm_upload_sizes": [
        33554432,
        33554432,
        33554432
      ],
      "comm_query_sizes": [
        1024,
        1024,
        1024
      ],
      "comm_decrypt_sizes": [
        32768,
        32768,
        32768
      ],
      "runs": [
        {
          "run_id": 0,
          "query_time": 0.034323500003665686,
          "decrypt_time": 0.007738600019365549,
          "success": true,
          "num_results": 32
        },
        {
          "run_id": 1,
          "query_time": 0.03158240002812818,
          "decrypt_time": 0.007910099986474961,
          "success": true,
          "num_results": 32
        },
        {
          "run_id": 2,
          "query_time": 0.03223189996788278,
          "decrypt_time": 0.007527499983552843,
          "success": true,
          "num_results": 32
        }
      ]
    }
  },
  "summary": {
    "dot": {
      "avg_encrypt_time": 0.017552333330968395,
      "std_encrypt_time": 0.0164969903879175,
      "min_encrypt_time": 0.0009615000453777611,
      "max_encrypt_time": 0.03542019997257739,
      "avg_query_time": 0.05352593333615611,
      "std_query_time": 0.0019071166784720732,
      "min_query_time": 0.050850800005719066,
      "max_query_time": 0.055160799995064735,
      "avg_decrypt_time": 0.003001733353206267,
      "std_decrypt_time": 0.00018705883300769517,
      "min_decrypt_time": 0.002745600009802729,
      "max_decrypt_time": 0.0031871000537648797,
      "avg_communication_size": 10933.666666666666,
      "std_communication_size": 15439.210349698014,
      "total_communication": 98403.0
    },
    "decision_tree": {
      "avg_encrypt_time": 0.018012500009111438,
      "std_encrypt_time": 0.016936103998181063,
      "min_encrypt_time": 0.0010572999599389732,
      "max_encrypt_time": 0.037378600041847676,
      "avg_query_time": 0.04195306665496901,
      "std_query_time": 0.0023184151027905286,
      "min_query_time": 0.04031179996673018,
      "max_query_time": 0.04523180000251159,
      "avg_decrypt_time": 0.007660766675447424,
      "std_decrypt_time": 0.0006345929694630768,
      "min_decrypt_time": 0.007106099976226687,
      "max_decrypt_time": 0.008549100020900369,
      "avg_communication_size": 10933.666666666666,
      "std_communication_size": 15439.210349698014,
      "total_communication": 98403.0
    },
    "neural_network": {
      "avg_encrypt_time": 0.07489311665995046,
      "std_encrypt_time": 0.03946035587749316,
      "min_encrypt_time": 0.03391050000209361,
      "max_encrypt_time": 0.11679080000612885,
      "avg_query_time": 0.03271259999989221,
      "std_query_time": 0.0011695331431967016,
      "min_query_time": 0.03158240002812818,
      "max_query_time": 0.034323500003665686,
      "avg_decrypt_time": 0.007725399996464451,
      "std_decrypt_time": 0.00015647443031252368,
      "min_decrypt_time": 0.007527499983552843,
      "max_decrypt_time": 0.007910099986474961,
      "avg_communication_size": 10933.666666666666,
      "std_communication_size": 15439.210349698014,
      "total_communication": 98403.0
    }
  }
}