{
  "config": {
    "N": 64,
    "n": 16,
    "num_records": 128,
    "record_dim": 128,
    "model_types": [
      "dot",
      "decision_tree",
      "neural_network"
    ],
    "policy_size": 8,
    "num_runs": 2,
    "save_results": true,
    "results_dir": "experiments/results/scheme2_server"
  },
  "models": {
    "dot": {
      "encrypt_times": [
        0.13302609999664128,
        0.0011118000256828964,
        0.13481319998390973,
        0.0011015000054612756
      ],
      "query_times": [
        0.2567808000021614,
        0.26517089997651055
      ],
      "decrypt_times": [
        0.011781400011386722,
        0.011909799999557436
      ],
      "communication_sizes": [
        134217728,
        68076,
        4489531,
        134217728,
        68104,
        4490490
      ],
      "comm_upload_sizes": [
        134217728,
        134217728
      ],
      "comm_query_sizes": [
        68076,
        68104
      ],
      "comm_decrypt_sizes": [
        4489531,
        4490490
      ],
      "runs": [
        {
          "run_id": 0,
          "query_time": 0.2567808000021614,
          "decrypt_time": 0.011781400011386722,
          "success": true,
          "num_results": 128
        },
        {
          "run_id": 1,
          "query_time": 0.26517089997651055,
          "decrypt_time": 0.011909799999557436,
          "success": true,
          "num_results": 128
        }
      ]
    },
    "decision_tree": {
      "encrypt_times": [
        0.1371752999839373,
        0.001581899996381253,
        0.13272750005126,
        0.0009834999800659716
      ],
      "query_times": [
        0.1700868999469094,
        0.1622691999655217
      ],
      "decrypt_times": [
        0.03053610003553331,
        0.03154019999783486
      ],
      "communication_sizes": [
        134217728,
        68050,
        8692299,
        134217728,
        68138,
        8691965
      ],
      "comm_upload_sizes": [
        134217728,
        134217728
      ],
      "comm_query_sizes": [
        68050,
        68138
      ],
      "comm_decrypt_sizes": [
        8692299,
        8691965
      ],
      "runs": [
        {
          "run_id": 0,
          "query_time": 0.1700868999469094,
          "decrypt_time": 0.03053610003553331,
          "success": true,
          "num_results": 128
        },
        {
          "run_id": 1,
          "query_time": 0.1622691999655217,
          "decrypt_time": 0.03154019999783486,
          "success": true,
          "num_results": 128
        }
      ]
    },
    "neural_network": {
      "encrypt_times": [
        0.13270519999787211,
        0.11329229996772483,
        0.13269890000810847,
        0.10938330000499263
      ],
      "query_times": [
        0.13506290002260357,
        0.1315858000307344
      ],
      "decrypt_times": [
        0.03207119996659458,
        0.032074299990199506
      ],
      "communication_sizes": [
        134217728,
        7469955,
        8691399,
        134217728,
        7469667,
        8691824
      ],
      "comm_upload_sizes": [
        134217728,
        134217728
      ],
      "comm_query_sizes": [
        7469955,
        7469667
      ],
      "comm_decrypt_sizes": [
        8691399,
        8691824
      ],
      "runs": [
        {
          "run_id": 0,
          "query_time": 0.13506290002260357,
          "decrypt_time": 0.03207119996659458,
          "success": true,
          "num_results": 128
        },
        {
          "run_id": 1,
          "query_time": 0.1315858000307344,
          "decrypt_time": 0.032074299990199506,
          "success": true,
          "num_results": 128
        }
      ]
    }
  },
  "summary": {
    "dot": {
      "avg_encrypt_time": 0.0675131500029238,
      "std_encrypt_time": 0.06640950586796296,
      "min_encrypt_time": 0.0011015000054612756,
      "max_encrypt_time": 0.13481319998390973,
      "avg_query_time": 0.260975849989336,
      "std_query_time": 0.0041950499871745706,
      "min_query_time": 0.2567808000021614,
      "max_query_time": 0.26517089997651055,
      "avg_decrypt_time": 0.011845600005472079,
      "std_decrypt_time": 6.419999408535659e-05,
      "min_decrypt_time": 0.011781400011386722,
      "max_decrypt_time": 0.011909799999557436,
      "avg_communication_size": 45174.42333984375,
      "std_communication_size": 60764.337931981594,
      "total_communication": 271046.5400390625
    },
    "decision_tree": {
      "avg_encrypt_time": 0.06811705000291113,
      "std_encrypt_time": 0.0668531821810925,
      "min_encrypt_time": 0.0009834999800659716,
      "max_encrypt_time": 0.1371752999839373,
      "avg_query_time": 0.16617804995621555,
      "std_query_time": 0.003908849990693852,
      "min_query_time": 0.1622691999655217,
      "max_query_time": 0.1700868999469094,
      "avg_decrypt_time": 0.031038150016684085,
      "std_decrypt_time": 0.0005020499811507761,
      "min_decrypt_time": 0.03053610003553331,
      "max_decrypt_time": 0.03154019999783486,
      "avg_communication_size": 46542.302734375,
      "std_communication_size": 59870.328993987154,
      "total_communication": 279253.81640625
    },
    "neural_network": {
      "avg_encrypt_time": 0.12201992499467451,
      "std_encrypt_time": 0.010771157539610091,
      "min_encrypt_time": 0.10938330000499263,
      "max_encrypt_time": 0.13270519999787211,
      "avg_query_time": 0.13332435002666898,
      "std_query_time": 0.0017385499959345907,
      "min_query_time": 0.1315858000307344,
      "max_query_time": 0.13506290002260357,
      "avg_decrypt_time": 0.03207274997839704,
      "std_decrypt_time": 1.5500118024647236e-06,
      "min_decrypt_time": 0.03207119996659458,
      "max_decrypt_time": 0.032074299990199506,
      "avg_communication_size": 48951.54638671875,
      "std_communication_size": 58069.97265759667,
      "total_communication": 293709.2783203125
    }
  }
}