{
  "config": {
    "N": 64,
    "n": 16,
    "num_records": 70,
    "record_dim": 32,
    "model_types": [
      "dot",
      "decision_tree",
      "neural_network"
    ],
    "policy_size": 8,
    "num_runs": 1,
    "save_results": true,
    "results_dir": "experiments/results/scheme2_server"
  },
  "models": {
    "dot": {
      "encrypt_times": [
        0.07972780003910884,
        0.0010969999711960554
      ],
      "query_times": [
        0.11323779996018857
      ],
      "decrypt_times": [
        0.006143699982203543
      ],
      "communication_sizes": [
        73400320,
        68113,
        2455630
      ],
      "comm_upload_sizes": [
        73400320
      ],
      "comm_query_sizes": [
        68113
      ],
      "comm_decrypt_sizes": [
        2455630
      ],
      "runs": [
        {
          "run_id": 0,
          "query_time": 0.11323779996018857,
          "decrypt_time": 0.006143699982203543,
          "success": true,
          "num_results": 70
        }
      ]
    },
    "decision_tree": {
      "encrypt_times": [
        0.0770384999923408,
        0.0013848000089637935
      ],
      "query_times": [
        0.09846880001714453
      ],
      "decrypt_times": [
        0.018467700050678104
      ],
      "communication_sizes": [
        73400320,
        68150,
        4753765
      ],
      "comm_upload_sizes": [
        73400320
      ],
      "comm_query_sizes": [
        68150
      ],
      "comm_decrypt_sizes": [
        4753765
      ],
      "runs": [
        {
          "run_id": 0,
          "query_time": 0.09846880001714453,
          "decrypt_time": 0.018467700050678104,
          "success": true,
          "num_results": 70
        }
      ]
    },
    "neural_network": {
      "encrypt_times": [
        0.07434539997484535,
        0.11352730001090094
      ],
      "query_times": [
        0.0770885000238195
      ],
      "decrypt_times": [
        0.017011299962177873
      ],
      "communication_sizes": [
        73400320,
        7470685,
        4753714
      ],
      "comm_upload_sizes": [
        73400320
      ],
      "comm_query_sizes": [
        7470685
      ],
      "comm_decrypt_sizes": [
        4753714
      ],
      "runs": [
        {
          "run_id": 0,
          "query_time": 0.0770885000238195,
          "decrypt_time": 0.017011299962177873,
          "success": true,
          "num_results": 70
        }
      ]
    }
  },
  "summary": {
    "dot": {
      "avg_encrypt_time": 0.04041240000515245,
      "std_encrypt_time": 0.039315400033956394,
      "min_encrypt_time": 0.0010969999711960554,
      "max_encrypt_time": 0.07972780003910884,
      "avg_query_time": 0.11323779996018857,
      "std_query_time": 0.0,
      "min_query_time": 0.11323779996018857,
      "max_query_time": 0.11323779996018857,
      "avg_decrypt_time": 0.006143699982203543,
      "std_decrypt_time": 0.0,
      "min_decrypt_time": 0.006143699982203543,
      "max_decrypt_time": 0.006143699982203543,
      "avg_communication_size": 24714.8642578125,
      "std_communication_size": 33223.00431898609,
      "total_communication": 74144.5927734375
    },
    "decision_tree": {
      "avg_encrypt_time": 0.0392116500006523,
      "std_encrypt_time": 0.037826849991688505,
      "min_encrypt_time": 0.0013848000089637935,
      "max_encrypt_time": 0.0770384999923408,
      "avg_query_time": 0.09846880001714453,
      "std_query_time": 0.0,
      "min_query_time": 0.09846880001714453,
      "max_query_time": 0.09846880001714453,
      "avg_decrypt_time": 0.018467700050678104,
      "std_decrypt_time": 0.0,
      "min_decrypt_time": 0.018467700050678104,
      "max_decrypt_time": 0.018467700050678104,
      "avg_communication_size": 25462.967122395832,
      "std_communication_size": 32733.724434525706,
      "total_communication": 76388.9013671875
    },
    "neural_network": {
      "avg_encrypt_time": 0.09393634999287315,
      "std_encrypt_time": 0.019590950018027797,
      "min_encrypt_time": 0.07434539997484535,
      "max_encrypt_time": 0.11352730001090094,
      "avg_query_time": 0.0770885000238195,
      "std_query_time": 0.0,
      "min_query_time": 0.0770885000238195,
      "max_query_time": 0.0770885000238195,
      "avg_decrypt_time": 0.017011299962177873,
      "std_decrypt_time": 0.0,
      "min_decrypt_time": 0.017011299962177873,
      "max_decrypt_time": 0.017011299962177873,
      "avg_communication_size": 27872.6298828125,
      "std_communication_size": 30995.421673070156,
      "total_communication": 83617.8896484375
    }
  }
}