{
  "config": {
    "N": 64,
    "n": 16,
    "num_records": 32,
    "record_dim": 32,
    "model_types": [
      "dot",
      "decision_tree",
      "neural_network"
    ],
    "policy_size": 10,
    "num_runs": 3,
    "save_results": true,
    "results_dir": "experiments/results/our_decart_star"
  },
  "models": {
    "dot": {
      "encrypt_times": [
        0.3667175000300631,
        0.3674126999685541,
        0.36563170002773404
      ],
      "query_times": [
        0.05796599999302998,
        0.05651579995173961,
        0.05437879997771233
      ],
      "decrypt_times": [
        0.003739000007044524,
        0.0032597999670542777,
        0.003548800013959408
      ],
      "communication_sizes": [
        33554432,
        68349,
        1122447,
        33554432,
        68391,
        1123027,
        33554432,
        68324,
        1122941
      ],
      "comm_upload_sizes": [
        33554432,
        33554432,
        33554432
      ],
      "comm_query_sizes": [
        68349,
        68391,
        68324
      ],
      "comm_decrypt_sizes": [
        1122447,
        1123027,
        1122941
      ],
      "runs": [
        {
          "run_id": 0,
          "query_time": 0.05796599999302998,
          "decrypt_time": 0.003739000007044524,
          "success": true,
          "num_results": 32
        },
        {
          "run_id": 1,
          "query_time": 0.05651579995173961,
          "decrypt_time": 0.0032597999670542777,
          "success": true,
          "num_results": 32
        },
        {
          "run_id": 2,
          "query_time": 0.05437879997771233,
          "decrypt_time": 0.003548800013959408,
          "success": true,
          "num_results": 32
        }
      ]
    },
    "decision_tree": {
      "encrypt_times": [
        0.3815130000002682,
        0.36622079997323453,
        0.3872739999787882
      ],
      "query_times": [
        0.01688579999608919,
        0.01619519997620955,
        0.02430140000069514
      ],
      "decrypt_times": [
        0.007825700042303652,
        0.008161499979905784,
        0.009786600014194846
      ],
      "communication_sizes": [
        33554432,
        204552,
        2173512,
        33554432,
        204513,
        2174400,
        33554432,
        204539,
        2172814
      ],
      "comm_upload_sizes": [
        33554432,
        33554432,
        33554432
      ],
      "comm_query_sizes": [
        204552,
        204513,
        204539
      ],
      "comm_decrypt_sizes": [
        2173512,
        2174400,
        2172814
      ],
      "runs": [
        {
          "run_id": 0,
          "query_time": 0.01688579999608919,
          "decrypt_time": 0.007825700042303652,
          "success": true,
          "num_results": 32
        },
        {
          "run_id": 1,
          "query_time": 0.01619519997620955,
          "decrypt_time": 0.008161499979905784,
          "success": true,
          "num_results": 32
        },
        {
          "run_id": 2,
          "query_time": 0.02430140000069514,
          "decrypt_time": 0.009786600014194846,
          "success": true,
          "num_results": 32
        }
      ]
    },
    "neural_network": {
      "encrypt_times": [
        0.3867796999984421,
        0.3758129000198096,
        0.3756231999723241
      ],
      "query_times": [
        0.03466020000632852,
        0.0383680000086315,
        0.03886129998136312
      ],
      "decrypt_times": [
        0.010059399995952845,
        0.009428300021681935,
        0.008585400006268173
      ],
      "communication_sizes": [
        33554432,
        23853,
        2173125,
        33554432,
        23853,
        2173266,
        33554432,
        23853,
        2173190
      ],
      "comm_upload_sizes": [
        33554432,
        33554432,
        33554432
      ],
      "comm_query_sizes": [
        23853,
        23853,
        23853
      ],
      "comm_decrypt_sizes": [
        2173125,
        2173266,
        2173190
      ],
      "runs": [
        {
          "run_id": 0,
          "query_time": 0.03466020000632852,
          "decrypt_time": 0.010059399995952845,
          "success": true,
          "num_results": 32
        },
        {
          "run_id": 1,
          "query_time": 0.0383680000086315,
          "decrypt_time": 0.009428300021681935,
          "success": true,
          "num_results": 32
        },
        {
          "run_id": 2,
          "query_time": 0.03886129998136312,
          "decrypt_time": 0.008585400006268173,
          "success": true,
          "num_results": 32
        }
      ]
    }
  },
  "summary": {
    "dot": {
      "avg_encrypt_time": 0.36658730000878376,
      "std_encrypt_time": 0.0007328957322184846,
      "min_encrypt_time": 0.36563170002773404,
      "max_encrypt_time": 0.3674126999685541,
      "avg_query_time": 0.056286866640827306,
      "std_query_time": 0.0014733881211022178,
      "min_query_time": 0.05437879997771233,
      "max_query_time": 0.05796599999302998,
      "avg_decrypt_time": 0.00351586666268607,
      "std_decrypt_time": 0.00019701374537703915,
      "min_decrypt_time": 0.0032597999670542777,
      "max_decrypt_time": 0.003739000007044524,
      "avg_communication_size": 11310.413953993055,
      "std_communication_size": 15178.627268120972,
      "total_communication": 101793.7255859375
    },
    "decision_tree": {
      "avg_encrypt_time": 0.3783359333174303,
      "std_encrypt_time": 0.008883678748088547,
      "min_encrypt_time": 0.36622079997323453,
      "max_encrypt_time": 0.3872739999787882,
      "avg_query_time": 0.019127466657664627,
      "std_query_time": 0.0036693706795086455,
      "min_query_time": 0.01619519997620955,
      "max_query_time": 0.02430140000069514,
      "avg_decrypt_time": 0.008591266678801427,
      "std_decrypt_time": 0.0008562736075774168,
      "min_decrypt_time": 0.007825700042303652,
      "max_decrypt_time": 0.009786600014194846,
      "avg_communication_size": 11696.791015625,
      "std_communication_size": 14920.26058671588,
      "total_communication": 105271.119140625
    },
    "neural_network": {
      "avg_encrypt_time": 0.37940526666352525,
      "std_encrypt_time": 0.005215086882328578,
      "min_encrypt_time": 0.3756231999723241,
      "max_encrypt_time": 0.3867796999984421,
      "avg_query_time": 0.03729649999877438,
      "std_query_time": 0.0018749923472558088,
      "min_query_time": 0.03466020000632852,
      "max_query_time": 0.03886129998136312,
      "avg_decrypt_time": 0.009357700007967651,
      "std_decrypt_time": 0.0006038251754991922,
      "min_decrypt_time": 0.008585400006268173,
      "max_decrypt_time": 0.010059399995952845,
      "avg_communication_size": 11637.851128472223,
      "std_communication_size": 14965.823455200845,
      "total_communication": 104740.66015625
    }
  }
}