{
  "config": {
    "N": 64,
    "n": 16,
    "num_records": 128,
    "record_dim": 128,
    "model_types": [
      "dot",
      "decision_tree",
      "neural_network"
    ],
    "policy_size": 10,
    "num_runs": 3,
    "save_results": true,
    "results_dir": "experiments/results/our_decart_star"
  },
  "models": {
    "dot": {
      "encrypt_times": [
        0.5247949999757111,
        0.49504359997808933,
        0.5209299999987707
      ],
      "query_times": [
        0.2735695999581367,
        0.27487920003477484,
        0.27367129997583106
      ],
      "decrypt_times": [
        0.012858200003392994,
        0.01461299997754395,
        0.01266330003272742
      ],
      "communication_sizes": [
        134217728,
        68096,
        4490132,
        134217728,
        68207,
        4490097,
        134217728,
        68121,
        4490693
      ],
      "comm_upload_sizes": [
        134217728,
        134217728,
        134217728
      ],
      "comm_query_sizes": [
        68096,
        68207,
        68121
      ],
      "comm_decrypt_sizes": [
        4490132,
        4490097,
        4490693
      ],
      "runs": [
        {
          "run_id": 0,
          "query_time": 0.2735695999581367,
          "decrypt_time": 0.012858200003392994,
          "success": true,
          "num_results": 128
        },
        {
          "run_id": 1,
          "query_time": 0.27487920003477484,
          "decrypt_time": 0.01461299997754395,
          "success": true,
          "num_results": 128
        },
        {
          "run_id": 2,
          "query_time": 0.27367129997583106,
          "decrypt_time": 0.01266330003272742,
          "success": true,
          "num_results": 128
        }
      ]
    },
    "decision_tree": {
      "encrypt_times": [
        0.5303469999926165,
        0.5001801999751478,
        0.5038155000074767
      ],
      "query_times": [
        0.07143180002458394,
        0.06263689999468625,
        0.06456550001166761
      ],
      "decrypt_times": [
        0.03474520001327619,
        0.031117299979086965,
        0.03264609997859225
      ],
      "communication_sizes": [
        134217728,
        204208,
        8689500,
        134217728,
        204394,
        8697402,
        134217728,
        204259,
        8695070
      ],
      "comm_upload_sizes": [
        134217728,
        134217728,
        134217728
      ],
      "comm_query_sizes": [
        204208,
        204394,
        204259
      ],
      "comm_decrypt_sizes": [
        8689500,
        8697402,
        8695070
      ],
      "runs": [
        {
          "run_id": 0,
          "query_time": 0.07143180002458394,
          "decrypt_time": 0.03474520001327619,
          "success": true,
          "num_results": 128
        },
        {
          "run_id": 1,
          "query_time": 0.06263689999468625,
          "decrypt_time": 0.031117299979086965,
          "success": true,
          "num_results": 128
        },
        {
          "run_id": 2,
          "query_time": 0.06456550001166761,
          "decrypt_time": 0.03264609997859225,
          "success": true,
          "num_results": 128
        }
      ]
    },
    "neural_network": {
      "encrypt_times": [
        0.503058499947656,
        0.4875439999741502,
        0.4993388000293635
      ],
      "query_times": [
        0.14952350000385195,
        0.1438474000315182,
        0.14111609995597973
      ],
      "decrypt_times": [
        0.03464620001614094,
        0.033043299976270646,
        0.03166100004455075
      ],
      "communication_sizes": [
        134217728,
        34633165,
        8691664,
        134217728,
        34632159,
        8692150,
        134217728,
        34633135,
        8692314
      ],
      "comm_upload_sizes": [
        134217728,
        134217728,
        134217728
      ],
      "comm_query_sizes": [
        34633165,
        34632159,
        34633135
      ],
      "comm_decrypt_sizes": [
        8691664,
        8692150,
        8692314
      ],
      "runs": [
        {
          "run_id": 0,
          "query_time": 0.14952350000385195,
          "decrypt_time": 0.03464620001614094,
          "success": true,
          "num_results": 128
        },
        {
          "run_id": 1,
          "query_time": 0.1438474000315182,
          "decrypt_time": 0.033043299976270646,
          "success": true,
          "num_results": 128
        },
        {
          "run_id": 2,
          "query_time": 0.14111609995597973,
          "decrypt_time": 0.03166100004455075,
          "success": true,
          "num_results": 128
        }
      ]
    }
  },
  "summary": {
    "dot": {
      "avg_encrypt_time": 0.5135895333175237,
      "std_encrypt_time": 0.013208539883436392,
      "min_encrypt_time": 0.49504359997808933,
      "max_encrypt_time": 0.5247949999757111,
      "avg_query_time": 0.2740400333229142,
      "std_query_time": 0.0005948312371987072,
      "min_query_time": 0.2735695999581367,
      "max_query_time": 0.27487920003477484,
      "avg_decrypt_time": 0.013378166671221456,
      "std_decrypt_time": 0.0008767768512926077,
      "min_decrypt_time": 0.01266330003272742,
      "max_decrypt_time": 0.01461299997754395,
      "avg_communication_size": 45174.53667534722,
      "std_communication_size": 60764.26066473033,
      "total_communication": 406570.830078125
    },
    "decision_tree": {
      "avg_encrypt_time": 0.5114475666584136,
      "std_encrypt_time": 0.01344607221079189,
      "min_encrypt_time": 0.5001801999751478,
      "max_encrypt_time": 0.5303469999926165,
      "avg_query_time": 0.0662114000103126,
      "std_query_time": 0.0037744144568509588,
      "min_query_time": 0.06263689999468625,
      "max_query_time": 0.07143180002458394,
      "avg_decrypt_time": 0.03283619999031847,
      "std_decrypt_time": 0.0014871714035625428,
      "min_decrypt_time": 0.031117299979086965,
      "max_decrypt_time": 0.03474520001327619,
      "avg_communication_size": 46587.24142795139,
      "std_communication_size": 59835.55166097736,
      "total_communication": 419285.1728515625
    },
    "neural_network": {
      "avg_encrypt_time": 0.4966470999837232,
      "std_encrypt_time": 0.006613565060225448,
      "min_encrypt_time": 0.4875439999741502,
      "max_encrypt_time": 0.503058499947656,
      "avg_query_time": 0.14482899999711663,
      "std_query_time": 0.0035017850458099764,
      "min_query_time": 0.14111609995597973,
      "max_query_time": 0.14952350000385195,
      "avg_decrypt_time": 0.03311683334565411,
      "std_decrypt_time": 0.0012198114840431104,
      "min_decrypt_time": 0.03166100004455075,
      "max_decrypt_time": 0.03464620001614094,
      "avg_communication_size": 57793.81195746528,
      "std_communication_size": 52837.53208360559,
      "total_communication": 520144.3076171875
    }
  }
}