{
  "config": {
    "N": 64,
    "n": 16,
    "num_records": 512,
    "record_dim": 64,
    "model_types": [
      "dot",
      "decision_tree",
      "neural_network"
    ],
    "policy_size": 8,
    "num_runs": 1,
    "save_results": true,
    "results_dir": "experiments/results/our_decart_star"
  },
  "models": {
    "dot": {
      "encrypt_times": [
        0.95979030005401
      ],
      "query_times": [
        1.2016875999979675
      ],
      "decrypt_times": [
        0.06292649998795241
      ],
      "communication_sizes": [
        536870912,
        68190,
        17959344
      ],
      "comm_upload_sizes": [
        536870912
      ],
      "comm_query_sizes": [
        68190
      ],
      "comm_decrypt_sizes": [
        17959344
      ],
      "runs": [
        {
          "run_id": 0,
          "query_time": 1.2016875999979675,
          "decrypt_time": 0.06292649998795241,
          "success": true,
          "num_results": 512
        }
      ]
    },
    "decision_tree": {
      "encrypt_times": [
        1.00341030000709
      ],
      "query_times": [
        1.0057085000444204
      ],
      "decrypt_times": [
        0.13594509998802096
      ],
      "communication_sizes": [
        536870912,
        204206,
        34768777
      ],
      "comm_upload_sizes": [
        536870912
      ],
      "comm_query_sizes": [
        204206
      ],
      "comm_decrypt_sizes": [
        34768777
      ],
      "runs": [
        {
          "run_id": 0,
          "query_time": 1.0057085000444204,
          "decrypt_time": 0.13594509998802096,
          "success": true,
          "num_results": 512
        }
      ]
    },
    "neural_network": {
      "encrypt_times": [
        0.935130099998787
      ],
      "query_times": [
        0.9583513999823481
      ],
      "decrypt_times": [
        0.1438715000404045
      ],
      "communication_sizes": [
        536870912,
        34631147,
        34768140
      ],
      "comm_upload_sizes": [
        536870912
      ],
      "comm_query_sizes": [
        34631147
      ],
      "comm_decrypt_sizes": [
        34768140
      ],
      "runs": [
        {
          "run_id": 0,
          "query_time": 0.9583513999823481,
          "decrypt_time": 0.1438715000404045,
          "success": true,
          "num_results": 512
        }
      ]
    }
  },
  "summary": {
    "dot": {
      "avg_encrypt_time": 0.95979030005401,
      "std_encrypt_time": 0.0,
      "min_encrypt_time": 0.95979030005401,
      "max_encrypt_time": 0.95979030005401,
      "avg_query_time": 1.2016875999979675,
      "std_query_time": 0.0,
      "min_query_time": 1.2016875999979675,
      "max_query_time": 1.2016875999979675,
      "avg_decrypt_time": 0.06292649998795241,
      "std_decrypt_time": 0.0,
      "min_decrypt_time": 0.06292649998795241,
      "max_decrypt_time": 0.06292649998795241,
      "avg_communication_size": 180631.00455729166,
      "std_communication_size": 243106.8545572803,
      "total_communication": 541893.013671875
    },
    "decision_tree": {
      "avg_encrypt_time": 1.00341030000709,
      "std_encrypt_time": 0.0,
      "min_encrypt_time": 1.00341030000709,
      "max_encrypt_time": 1.00341030000709,
      "avg_query_time": 1.0057085000444204,
      "std_query_time": 0.0,
      "min_query_time": 1.0057085000444204,
      "max_query_time": 1.0057085000444204,
      "avg_decrypt_time": 0.13594509998802096,
      "std_decrypt_time": 0.0,
      "min_decrypt_time": 0.13594509998802096,
      "max_decrypt_time": 0.13594509998802096,
      "avg_communication_size": 186147.10123697916,
      "std_communication_size": 239498.49202021846,
      "total_communication": 558441.3037109375
    },
    "neural_network": {
      "avg_encrypt_time": 0.935130099998787,
      "std_encrypt_time": 0.0,
      "min_encrypt_time": 0.935130099998787,
      "max_encrypt_time": 0.935130099998787,
      "avg_query_time": 0.9583513999823481,
      "std_query_time": 0.0,
      "min_query_time": 0.9583513999823481,
      "max_query_time": 0.9583513999823481,
      "avg_decrypt_time": 0.1438715000404045,
      "std_decrypt_time": 0.0,
      "min_decrypt_time": 0.1438715000404045,
      "max_decrypt_time": 0.1438715000404045,
      "avg_communication_size": 197353.58040364584,
      "std_communication_size": 231177.55155150732,
      "total_communication": 592060.7412109375
    }
  }
}