{
  "config": {
    "N": 64,
    "n": 16,
    "num_records": 64,
    "record_dim": 64,
    "model_types": [
      "dot",
      "decision_tree",
      "neural_network"
    ],
    "policy_size": 10,
    "num_runs": 3,
    "save_results": true,
    "results_dir": "experiments/results/our_decart_star"
  },
  "models": {
    "dot": {
      "encrypt_times": [
        0.459582399984356,
        0.4162751999683678,
        0.44138309999834746
      ],
      "query_times": [
        0.13382160000037402,
        0.12669649999588728,
        0.12468570005148649
      ],
      "decrypt_times": [
        0.0067906000185757875,
        0.006838899978902191,
        0.006988000008277595
      ],
      "communication_sizes": [
        67108864,
        68319,
        2245593,
        67108864,
        68369,
        2245237,
        67108864,
        68349,
        2244938
      ],
      "comm_upload_sizes": [
        67108864,
        67108864,
        67108864
      ],
      "comm_query_sizes": [
        68319,
        68369,
        68349
      ],
      "comm_decrypt_sizes": [
        2245593,
        2245237,
        2244938
      ],
      "runs": [
        {
          "run_id": 0,
          "query_time": 0.13382160000037402,
          "decrypt_time": 0.0067906000185757875,
          "success": true,
          "num_results": 64
        },
        {
          "run_id": 1,
          "query_time": 0.12669649999588728,
          "decrypt_time": 0.006838899978902191,
          "success": true,
          "num_results": 64
        },
        {
          "run_id": 2,
          "query_time": 0.12468570005148649,
          "decrypt_time": 0.006988000008277595,
          "success": true,
          "num_results": 64
        }
      ]
    },
    "decision_tree": {
      "encrypt_times": [
        0.43292320001637563,
        0.43975909997243434,
        0.40898740000557154
      ],
      "query_times": [
        0.034663100028410554,
        0.03412749996641651,
        0.03396829997655004
      ],
      "decrypt_times": [
        0.016012099978979677,
        0.01565750001464039,
        0.01626919995760545
      ],
      "communication_sizes": [
        67108864,
        204625,
        4348293,
        67108864,
        204404,
        4347026,
        67108864,
        204489,
        4344862
      ],
      "comm_upload_sizes": [
        67108864,
        67108864,
        67108864
      ],
      "comm_query_sizes": [
        204625,
        204404,
        204489
      ],
      "comm_decrypt_sizes": [
        4348293,
        4347026,
        4344862
      ],
      "runs": [
        {
          "run_id": 0,
          "query_time": 0.034663100028410554,
          "decrypt_time": 0.016012099978979677,
          "success": true,
          "num_results": 64
        },
        {
          "run_id": 1,
          "query_time": 0.03412749996641651,
          "decrypt_time": 0.01565750001464039,
          "success": true,
          "num_results": 64
        },
        {
          "run_id": 2,
          "query_time": 0.03396829997655004,
          "decrypt_time": 0.01626919995760545,
          "success": true,
          "num_results": 64
        }
      ]
    },
    "neural_network": {
      "encrypt_times": [
        0.43861969996942207,
        0.4347688999841921,
        0.4468722000019625
      ],
      "query_times": [
        0.07531360001303256,
        0.07385210000211373,
        0.0901638999930583
      ],
      "decrypt_times": [
        0.016195799980778247,
        0.016799199976958334,
        0.02142270002514124
      ],
      "communication_sizes": [
        67108864,
        36453,
        4345909,
        67108864,
        36453,
        4346260,
        67108864,
        36453,
        4346391
      ],
      "comm_upload_sizes": [
        67108864,
        67108864,
        67108864
      ],
      "comm_query_sizes": [
        36453,
        36453,
        36453
      ],
      "comm_decrypt_sizes": [
        4345909,
        4346260,
        4346391
      ],
      "runs": [
        {
          "run_id": 0,
          "query_time": 0.07531360001303256,
          "decrypt_time": 0.016195799980778247,
          "success": true,
          "num_results": 64
        },
        {
          "run_id": 1,
          "query_time": 0.07385210000211373,
          "decrypt_time": 0.016799199976958334,
          "success": true,
          "num_results": 64
        },
        {
          "run_id": 2,
          "query_time": 0.0901638999930583,
          "decrypt_time": 0.02142270002514124,
          "success": true,
          "num_results": 64
        }
      ]
    }
  },
  "summary": {
    "dot": {
      "avg_encrypt_time": 0.4390802333170238,
      "std_encrypt_time": 0.017754920248016986,
      "min_encrypt_time": 0.4162751999683678,
      "max_encrypt_time": 0.459582399984356,
      "avg_query_time": 0.1284012666825826,
      "std_query_time": 0.003919680179221291,
      "min_query_time": 0.12468570005148649,
      "max_query_time": 0.13382160000037402,
      "avg_decrypt_time": 0.0068725000019185245,
      "std_decrypt_time": 8.4017498747154e-05,
      "min_decrypt_time": 0.0067906000185757875,
      "max_decrypt_time": 0.006988000008277595,
      "avg_communication_size": 22598.458875868055,
      "std_communication_size": 30373.828420550773,
      "total_communication": 203386.1298828125
    },
    "decision_tree": {
      "avg_encrypt_time": 0.4272232333314605,
      "std_encrypt_time": 0.013193220351617789,
      "min_encrypt_time": 0.40898740000557154,
      "max_encrypt_time": 0.43975909997243434,
      "avg_query_time": 0.034252966657125704,
      "std_query_time": 0.0002972016104425632,
      "min_query_time": 0.03396829997655004,
      "max_query_time": 0.034663100028410554,
      "avg_decrypt_time": 0.01597959998374184,
      "std_decrypt_time": 0.000250780637641358,
      "min_decrypt_time": 0.01565750001464039,
      "max_decrypt_time": 0.01626919995760545,
      "avg_communication_size": 23326.8544921875,
      "std_communication_size": 29892.025236162644,
      "total_communication": 209941.6904296875
    },
    "neural_network": {
      "avg_encrypt_time": 0.44008693331852555,
      "std_encrypt_time": 0.0050488974443655315,
      "min_encrypt_time": 0.4347688999841921,
      "max_encrypt_time": 0.4468722000019625,
      "avg_query_time": 0.0797765333360682,
      "std_query_time": 0.007369171600686254,
      "min_query_time": 0.07385210000211373,
      "max_query_time": 0.0901638999930583,
      "avg_decrypt_time": 0.01813923332762594,
      "std_decrypt_time": 0.002334793074930703,
      "min_decrypt_time": 0.016195799980778247,
      "max_decrypt_time": 0.02142270002514124,
      "avg_communication_size": 23271.97384982639,
      "std_communication_size": 29934.531563185694,
      "total_communication": 209447.7646484375
    }
  }
}