{
  "config": {
    "N": 64,
    "n": 16,
    "num_records": 32,
    "record_dim": 32,
    "model_types": [
      "dot",
      "decision_tree",
      "neural_network"
    ],
    "policy_size": 10,
    "num_runs": 3,
    "save_results": true,
    "results_dir": "experiments/results/our_decart_star"
  },
  "models": {
    "dot": {
      "encrypt_times": [
        0.37364020000677556,
        0.3682453000219539,
        0.3678325000219047
      ],
      "query_times": [
        0.054032000014558434,
        0.05247360002249479,
        0.05572740000206977
      ],
      "decrypt_times": [
        0.0035453999880701303,
        0.0037318000104278326,
        0.006434099981561303
      ],
      "communication_sizes": [
        33554432,
        68313,
        1122757,
        33554432,
        68338,
        1122776,
        33554432,
        68369,
        1122477
      ],
      "comm_upload_sizes": [
        33554432,
        33554432,
        33554432
      ],
      "comm_query_sizes": [
        68313,
        68338,
        68369
      ],
      "comm_decrypt_sizes": [
        1122757,
        1122776,
        1122477
      ],
      "runs": [
        {
          "run_id": 0,
          "query_time": 0.054032000014558434,
          "decrypt_time": 0.0035453999880701303,
          "success": true,
          "num_results": 32
        },
        {
          "run_id": 1,
          "query_time": 0.05247360002249479,
          "decrypt_time": 0.0037318000104278326,
          "success": true,
          "num_results": 32
        },
        {
          "run_id": 2,
          "query_time": 0.05572740000206977,
          "decrypt_time": 0.006434099981561303,
          "success": true,
          "num_results": 32
        }
      ]
    },
    "decision_tree": {
      "encrypt_times": [
        0.36262180004268885,
        0.36389400000916794,
        0.3656238000257872
      ],
      "query_times": [
        0.01577620004536584,
        0.01995290000922978,
        0.015864199958741665
      ],
      "decrypt_times": [
        0.007539600017480552,
        0.009733300015795976,
        0.0076698000193573534
      ],
      "communication_sizes": [
        33554432,
        33554432,
        33554432
      ],
      "comm_upload_sizes": [
        33554432,
        33554432,
        33554432
      ],
      "comm_query_sizes": [
        0,
        0,
        0
      ],
      "comm_decrypt_sizes": [
        0,
        0,
        0
      ],
      "runs": [
        {
          "run_id": 0,
          "query_time": 0.01577620004536584,
          "decrypt_time": 0.007539600017480552,
          "success": true,
          "num_results": 32
        },
        {
          "run_id": 1,
          "query_time": 0.01995290000922978,
          "decrypt_time": 0.009733300015795976,
          "success": true,
          "num_results": 32
        },
        {
          "run_id": 2,
          "query_time": 0.015864199958741665,
          "decrypt_time": 0.0076698000193573534,
          "success": true,
          "num_results": 32
        }
      ]
    },
    "neural_network": {
      "encrypt_times": [
        0.3724156999960542,
        0.37761959998169914,
        0.3690453000017442
      ],
      "query_times": [
        0.03649010002845898,
        0.0356486999662593,
        0.038279299973510206
      ],
      "decrypt_times": [
        0.008126000000629574,
        0.008380900020711124,
        0.008128600020427257
      ],
      "communication_sizes": [
        33554432,
        23853,
        2172978,
        33554432,
        23853,
        2173336,
        33554432,
        23853,
        2173269
      ],
      "comm_upload_sizes": [
        33554432,
        33554432,
        33554432
      ],
      "comm_query_sizes": [
        23853,
        23853,
        23853
      ],
      "comm_decrypt_sizes": [
        2172978,
        2173336,
        2173269
      ],
      "runs": [
        {
          "run_id": 0,
          "query_time": 0.03649010002845898,
          "decrypt_time": 0.008126000000629574,
          "success": true,
          "num_results": 32
        },
        {
          "run_id": 1,
          "query_time": 0.0356486999662593,
          "decrypt_time": 0.008380900020711124,
          "success": true,
          "num_results": 32
        },
        {
          "run_id": 2,
          "query_time": 0.038279299973510206,
          "decrypt_time": 0.008128600020427257,
          "success": true,
          "num_results": 32
        }
      ]
    }
  },
  "summary": {
    "dot": {
      "avg_encrypt_time": 0.36990600001687807,
      "std_encrypt_time": 0.0026458506046793434,
      "min_encrypt_time": 0.3678325000219047,
      "max_encrypt_time": 0.37364020000677556,
      "avg_query_time": 0.05407766667970767,
      "std_query_time": 0.0013287507064908555,
      "min_query_time": 0.05247360002249479,
      "max_query_time": 0.05572740000206977,
      "avg_decrypt_time": 0.004570433326686422,
      "std_decrypt_time": 0.0013200066394916693,
      "min_decrypt_time": 0.0035453999880701303,
      "max_decrypt_time": 0.006434099981561303,
      "avg_communication_size": 11310.365234375,
      "std_communication_size": 15178.660375761405,
      "total_communication": 101793.287109375
    },
    "decision_tree": {
      "avg_encrypt_time": 0.36404653335921466,
      "std_encrypt_time": 0.0012302982813903283,
      "min_encrypt_time": 0.36262180004268885,
      "max_encrypt_time": 0.3656238000257872,
      "avg_query_time": 0.01719776667111243,
      "std_query_time": 0.0019485046880950842,
      "min_query_time": 0.01577620004536584,
      "max_query_time": 0.01995290000922978,
      "avg_decrypt_time": 0.008314233350877961,
      "std_decrypt_time": 0.0010048385143007917,
      "min_decrypt_time": 0.007539600017480552,
      "max_decrypt_time": 0.009733300015795976,
      "avg_communication_size": 32768.0,
      "std_communication_size": 0.0,
      "total_communication": 98304.0
    },
    "neural_network": {
      "avg_encrypt_time": 0.3730268666598325,
      "std_encrypt_time": 0.0035270193794713165,
      "min_encrypt_time": 0.3690453000017442,
      "max_encrypt_time": 0.37761959998169914,
      "avg_query_time": 0.03680603332274283,
      "std_query_time": 0.0010969273705415804,
      "min_query_time": 0.0356486999662593,
      "max_query_time": 0.038279299973510206,
      "avg_decrypt_time": 0.008211833347255984,
      "std_decrypt_time": 0.00011955290343784222,
      "min_decrypt_time": 0.008126000000629574,
      "max_decrypt_time": 0.008380900020711124,
      "avg_communication_size": 11637.851345486111,
      "std_communication_size": 14965.823317439968,
      "total_communication": 104740.662109375
    }
  }
}