{
  "config": {
    "N": 64,
    "n": 16,
    "num_records": 128,
    "record_dim": 128,
    "model_types": [
      "dot",
      "decision_tree",
      "neural_network"
    ],
    "policy_size": 10,
    "num_runs": 3,
    "save_results": true,
    "results_dir": "experiments/results/our_decart_star"
  },
  "models": {
    "dot": {
      "encrypt_times": [
        0.5129438000149094,
        0.5014481000252999,
        0.5081906000268646
      ],
      "query_times": [
        0.2697495000320487,
        0.26384650002000853,
        0.26940879999892786
      ],
      "decrypt_times": [
        0.012890499958302826,
        0.01256100001046434,
        0.01341299997875467
      ],
      "communication_sizes": [
        134217728,
        1024,
        1024,
        134217728,
        1024,
        1024,
        134217728,
        1024,
        1024
      ],
      "comm_upload_sizes": [
        134217728,
        134217728,
        134217728
      ],
      "comm_query_sizes": [
        1024,
        1024,
        1024
      ],
      "comm_decrypt_sizes": [
        1024,
        1024,
        1024
      ],
      "runs": [
        {
          "run_id": 0,
          "query_time": 0.2697495000320487,
          "decrypt_time": 0.012890499958302826,
          "success": true,
          "num_results": 128
        },
        {
          "run_id": 1,
          "query_time": 0.26384650002000853,
          "decrypt_time": 0.01256100001046434,
          "success": true,
          "num_results": 128
        },
        {
          "run_id": 2,
          "query_time": 0.26940879999892786,
          "decrypt_time": 0.01341299997875467,
          "success": true,
          "num_results": 128
        }
      ]
    },
    "decision_tree": {
      "encrypt_times": [
        0.5046300999820232,
        0.5146522999857552,
        0.5039473999640904
      ],
      "query_times": [
        0.06477349996566772,
        0.06885839998722076,
        0.06448549998458475
      ],
      "decrypt_times": [
        0.02935040002921596,
        0.030172300001140684,
        0.028897600015625358
      ],
      "communication_sizes": [
        134217728,
        134217728,
        134217728
      ],
      "comm_upload_sizes": [
        134217728,
        134217728,
        134217728
      ],
      "comm_query_sizes": [
        0,
        0,
        0
      ],
      "comm_decrypt_sizes": [
        0,
        0,
        0
      ],
      "runs": [
        {
          "run_id": 0,
          "query_time": 0.06477349996566772,
          "decrypt_time": 0.02935040002921596,
          "success": true,
          "num_results": 128
        },
        {
          "run_id": 1,
          "query_time": 0.06885839998722076,
          "decrypt_time": 0.030172300001140684,
          "success": true,
          "num_results": 128
        },
        {
          "run_id": 2,
          "query_time": 0.06448549998458475,
          "decrypt_time": 0.028897600015625358,
          "success": true,
          "num_results": 128
        }
      ]
    },
    "neural_network": {
      "encrypt_times": [
        0.5056022999924608,
        0.5060764999943785,
        0.4956613999675028
      ],
      "query_times": [
        0.14693250000709668,
        0.1399303000071086,
        0.14599460002500564
      ],
      "decrypt_times": [
        0.032781300018541515,
        0.03343389998190105,
        0.032636300020385534
      ],
      "communication_sizes": [
        134217728,
        1024,
        1024,
        134217728,
        1024,
        1024,
        134217728,
        1024,
        1024
      ],
      "comm_upload_sizes": [
        134217728,
        134217728,
        134217728
      ],
      "comm_query_sizes": [
        1024,
        1024,
        1024
      ],
      "comm_decrypt_sizes": [
        1024,
        1024,
        1024
      ],
      "runs": [
        {
          "run_id": 0,
          "query_time": 0.14693250000709668,
          "decrypt_time": 0.032781300018541515,
          "success": true,
          "num_results": 128
        },
        {
          "run_id": 1,
          "query_time": 0.1399303000071086,
          "decrypt_time": 0.03343389998190105,
          "success": true,
          "num_results": 128
        },
        {
          "run_id": 2,
          "query_time": 0.14599460002500564,
          "decrypt_time": 0.032636300020385534,
          "success": true,
          "num_results": 128
        }
      ]
    }
  },
  "summary": {
    "dot": {
      "avg_encrypt_time": 0.5075275000223579,
      "std_encrypt_time": 0.0047164644791594336,
      "min_encrypt_time": 0.5014481000252999,
      "max_encrypt_time": 0.5129438000149094,
      "avg_query_time": 0.26766826668366167,
      "std_query_time": 0.0027059741870781714,
      "min_query_time": 0.26384650002000853,
      "max_query_time": 0.2697495000320487,
      "avg_decrypt_time": 0.012954833315840611,
      "std_decrypt_time": 0.000350789654124086,
      "min_decrypt_time": 0.01256100001046434,
      "max_decrypt_time": 0.01341299997875467,
      "avg_communication_size": 43691.333333333336,
      "std_communication_size": 61787.46194460131,
      "total_communication": 393222.0
    },
    "decision_tree": {
      "avg_encrypt_time": 0.5077432666439563,
      "std_encrypt_time": 0.004893368036924284,
      "min_encrypt_time": 0.5039473999640904,
      "max_encrypt_time": 0.5146522999857552,
      "avg_query_time": 0.06603913331249107,
      "std_query_time": 0.001996986802611538,
      "min_query_time": 0.06448549998458475,
      "max_query_time": 0.06885839998722076,
      "avg_decrypt_time": 0.029473433348660667,
      "std_decrypt_time": 0.0005276159661081664,
      "min_decrypt_time": 0.028897600015625358,
      "max_decrypt_time": 0.030172300001140684,
      "avg_communication_size": 131072.0,
      "std_communication_size": 0.0,
      "total_communication": 393216.0
    },
    "neural_network": {
      "avg_encrypt_time": 0.5024467333181141,
      "std_encrypt_time": 0.004801859217681034,
      "min_encrypt_time": 0.4956613999675028,
      "max_encrypt_time": 0.5060764999943785,
      "avg_query_time": 0.14428580001307031,
      "std_query_time": 0.003103514064255862,
      "min_query_time": 0.1399303000071086,
      "max_query_time": 0.14693250000709668,
      "avg_decrypt_time": 0.0329505000069427,
      "std_decrypt_time": 0.0003469033503332101,
      "min_decrypt_time": 0.032636300020385534,
      "max_decrypt_time": 0.03343389998190105,
      "avg_communication_size": 43691.333333333336,
      "std_communication_size": 61787.46194460131,
      "total_communication": 393222.0
    }
  }
}