{
  "config": {
    "N": 64,
    "n": 16,
    "num_records": 100,
    "record_dim": 10000,
    "model_types": [
      "dot",
      "decision_tree",
      "neural_network"
    ],
    "policy_size": 8,
    "num_runs": 1,
    "save_results": true,
    "results_dir": "experiments/results/our_decart_star"
  },
  "models": {
    "dot": {
      "encrypt_times": [
        1.643229000037536
      ],
      "query_times": [
        0.321611599996686
      ],
      "decrypt_times": [
        0.011011600028723478
      ],
      "communication_sizes": [
        104857600,
        68066,
        3507109
      ],
      "comm_upload_sizes": [
        104857600
      ],
      "comm_query_sizes": [
        68066
      ],
      "comm_decrypt_sizes": [
        3507109
      ],
      "runs": [
        {
          "run_id": 0,
          "query_time": 0.321611599996686,
          "decrypt_time": 0.011011600028723478,
          "success": true,
          "num_results": 100
        }
      ]
    },
    "decision_tree": {
      "encrypt_times": [
        1.6364756000693887
      ],
      "query_times": [
        0.2094627000624314
      ],
      "decrypt_times": [
        0.028164400020614266
      ],
      "communication_sizes": [
        104857600,
        204280,
        6790759
      ],
      "comm_upload_sizes": [
        104857600
      ],
      "comm_query_sizes": [
        204280
      ],
      "comm_decrypt_sizes": [
        6790759
      ],
      "runs": [
        {
          "run_id": 0,
          "query_time": 0.2094627000624314,
          "decrypt_time": 0.028164400020614266,
          "success": true,
          "num_results": 100
        }
      ]
    },
    "neural_network": {
      "encrypt_times": [
        1.6063963000196964
      ],
      "query_times": [
        0.6334465000545606
      ],
      "decrypt_times": [
        0.0292763999896124
      ],
      "communication_sizes": [
        104857600,
        34632198,
        6790883
      ],
      "comm_upload_sizes": [
        104857600
      ],
      "comm_query_sizes": [
        34632198
      ],
      "comm_decrypt_sizes": [
        6790883
      ],
      "runs": [
        {
          "run_id": 0,
          "query_time": 0.6334465000545606,
          "decrypt_time": 0.0292763999896124,
          "success": true,
          "num_results": 100
        }
      ]
    }
  },
  "summary": {
    "dot": {
      "avg_encrypt_time": 1.643229000037536,
      "std_encrypt_time": 0.0,
      "min_encrypt_time": 1.643229000037536,
      "max_encrypt_time": 1.643229000037536,
      "avg_query_time": 0.321611599996686,
      "std_query_time": 0.0,
      "min_query_time": 0.321611599996686,
      "max_query_time": 0.321611599996686,
      "avg_decrypt_time": 0.011011600028723478,
      "std_decrypt_time": 0.0,
      "min_decrypt_time": 0.011011600028723478,
      "max_decrypt_time": 0.011011600028723478,
      "avg_communication_size": 35297.127278645836,
      "std_communication_size": 47468.7014507007,
      "total_communication": 105891.3818359375
    },
    "decision_tree": {
      "avg_encrypt_time": 1.6364756000693887,
      "std_encrypt_time": 0.0,
      "min_encrypt_time": 1.6364756000693887,
      "max_encrypt_time": 1.6364756000693887,
      "avg_query_time": 0.2094627000624314,
      "std_query_time": 0.0,
      "min_query_time": 0.2094627000624314,
      "max_query_time": 0.2094627000624314,
      "avg_decrypt_time": 0.028164400020614266,
      "std_decrypt_time": 0.0,
      "min_decrypt_time": 0.028164400020614266,
      "max_decrypt_time": 0.028164400020614266,
      "avg_communication_size": 36410.3642578125,
      "std_communication_size": 46735.546954128,
      "total_communication": 109231.0927734375
    },
    "neural_network": {
      "avg_encrypt_time": 1.6063963000196964,
      "std_encrypt_time": 0.0,
      "min_encrypt_time": 1.6063963000196964,
      "max_encrypt_time": 1.6063963000196964,
      "avg_query_time": 0.6334465000545606,
      "std_query_time": 0.0,
      "min_query_time": 0.6334465000545606,
      "max_query_time": 0.6334465000545606,
      "avg_decrypt_time": 0.0292763999896124,
      "std_decrypt_time": 0.0,
      "min_decrypt_time": 0.0292763999896124,
      "max_decrypt_time": 0.0292763999896124,
      "avg_communication_size": 47617.4091796875,
      "std_communication_size": 40296.04355294903,
      "total_communication": 142852.2275390625
    }
  }
}