{
  "config": {
    "N": 64,
    "n": 16,
    "num_records": 128,
    "record_dim": 128,
    "model_types": [
      "dot",
      "decision_tree",
      "neural_network"
    ],
    "policy_size": 8,
    "num_runs": 2,
    "save_results": true,
    "results_dir": "experiments/results/our_decart_star"
  },
  "models": {
    "dot": {
      "encrypt_times": [
        0.4522636999608949,
        0.4591463999822736
      ],
      "query_times": [
        0.2734227000037208,
        0.2635706000146456
      ],
      "decrypt_times": [
        0.014724600012414157,
        0.012362000008579344
      ],
      "communication_sizes": [
        134217728,
        68173,
        4490378,
        134217728,
        68143,
        4489458
      ],
      "comm_upload_sizes": [
        134217728,
        134217728
      ],
      "comm_query_sizes": [
        68173,
        68143
      ],
      "comm_decrypt_sizes": [
        4490378,
        4489458
      ],
      "runs": [
        {
          "run_id": 0,
          "query_time": 0.2734227000037208,
          "decrypt_time": 0.014724600012414157,
          "success": true,
          "num_results": 128
        },
        {
          "run_id": 1,
          "query_time": 0.2635706000146456,
          "decrypt_time": 0.012362000008579344,
          "success": true,
          "num_results": 128
        }
      ]
    },
    "decision_tree": {
      "encrypt_times": [
        0.42191239999374375,
        0.44563700002618134
      ],
      "query_times": [
        0.23289839999051765,
        0.2556265000021085
      ],
      "decrypt_times": [
        0.03133329999400303,
        0.03943730000173673
      ],
      "communication_sizes": [
        134217728,
        204314,
        8691824,
        134217728,
        204262,
        8693115
      ],
      "comm_upload_sizes": [
        134217728,
        134217728
      ],
      "comm_query_sizes": [
        204314,
        204262
      ],
      "comm_decrypt_sizes": [
        8691824,
        8693115
      ],
      "runs": [
        {
          "run_id": 0,
          "query_time": 0.23289839999051765,
          "decrypt_time": 0.03133329999400303,
          "success": true,
          "num_results": 128
        },
        {
          "run_id": 1,
          "query_time": 0.2556265000021085,
          "decrypt_time": 0.03943730000173673,
          "success": true,
          "num_results": 128
        }
      ]
    },
    "neural_network": {
      "encrypt_times": [
        0.4336973000317812,
        0.422941799974069
      ],
      "query_times": [
        0.3376657000044361,
        0.3109066000324674
      ],
      "decrypt_times": [
        0.04466439998941496,
        0.031769199995324016
      ],
      "communication_sizes": [
        134217728,
        34632887,
        8691722,
        134217728,
        34630721,
        8691784
      ],
      "comm_upload_sizes": [
        134217728,
        134217728
      ],
      "comm_query_sizes": [
        34632887,
        34630721
      ],
      "comm_decrypt_sizes": [
        8691722,
        8691784
      ],
      "runs": [
        {
          "run_id": 0,
          "query_time": 0.3376657000044361,
          "decrypt_time": 0.04466439998941496,
          "success": true,
          "num_results": 128
        },
        {
          "run_id": 1,
          "query_time": 0.3109066000324674,
          "decrypt_time": 0.031769199995324016,
          "success": true,
          "num_results": 128
        }
      ]
    }
  },
  "summary": {
    "dot": {
      "avg_encrypt_time": 0.45570504997158423,
      "std_encrypt_time": 0.003441350010689348,
      "min_encrypt_time": 0.4522636999608949,
      "max_encrypt_time": 0.4591463999822736,
      "avg_query_time": 0.2684966500091832,
      "std_query_time": 0.004926049994537607,
      "min_query_time": 0.2635706000146456,
      "max_query_time": 0.2734227000037208,
      "avg_decrypt_time": 0.01354330001049675,
      "std_decrypt_time": 0.001181300001917407,
      "min_decrypt_time": 0.012362000008579344,
      "max_decrypt_time": 0.014724600012414157,
      "avg_communication_size": 45174.415364583336,
      "std_communication_size": 60764.341712492525,
      "total_communication": 271046.4921875
    },
    "decision_tree": {
      "avg_encrypt_time": 0.43377470000996254,
      "std_encrypt_time": 0.011862300016218796,
      "min_encrypt_time": 0.42191239999374375,
      "max_encrypt_time": 0.44563700002618134,
      "avg_query_time": 0.24426244999631308,
      "std_query_time": 0.011364050005795434,
      "min_query_time": 0.23289839999051765,
      "max_query_time": 0.2556265000021085,
      "avg_decrypt_time": 0.03538529999786988,
      "std_decrypt_time": 0.004052000003866851,
      "min_decrypt_time": 0.03133329999400303,
      "max_decrypt_time": 0.03943730000173673,
      "avg_communication_size": 46586.74658203125,
      "std_communication_size": 59835.866657130544,
      "total_communication": 279520.4794921875
    },
    "neural_network": {
      "avg_encrypt_time": 0.4283195500029251,
      "std_encrypt_time": 0.005377750028856099,
      "min_encrypt_time": 0.422941799974069,
      "max_encrypt_time": 0.4336973000317812,
      "avg_query_time": 0.32428615001845174,
      "std_query_time": 0.01337954998598434,
      "min_query_time": 0.3109066000324674,
      "max_query_time": 0.3376657000044361,
      "avg_decrypt_time": 0.03821679999236949,
      "std_decrypt_time": 0.006447599997045472,
      "min_decrypt_time": 0.031769199995324016,
      "max_decrypt_time": 0.04466439998941496,
      "avg_communication_size": 57793.387044270836,
      "std_communication_size": 52837.7700812384,
      "total_communication": 346760.322265625
    }
  }
}