{
  "config": {
    "N": 64,
    "n": 16,
    "num_records": 512,
    "record_dim": 256,
    "model_types": [
      "dot",
      "decision_tree",
      "neural_network"
    ],
    "policy_size": 8,
    "num_runs": 1,
    "save_results": true,
    "results_dir": "experiments/results/our_decart_star"
  },
  "models": {
    "dot": {
      "encrypt_times": [
        1.128545799991116
      ],
      "query_times": [
        1.4597771000117064
      ],
      "decrypt_times": [
        0.05917789996601641
      ],
      "communication_sizes": [
        536870912,
        68146,
        17960259
      ],
      "comm_upload_sizes": [
        536870912
      ],
      "comm_query_sizes": [
        68146
      ],
      "comm_decrypt_sizes": [
        17960259
      ],
      "runs": [
        {
          "run_id": 0,
          "query_time": 1.4597771000117064,
          "decrypt_time": 0.05917789996601641,
          "success": true,
          "num_results": 512
        }
      ]
    },
    "decision_tree": {
      "encrypt_times": [
        1.1100654999609105
      ],
      "query_times": [
        1.05556849995628
      ],
      "decrypt_times": [
        0.13412000000244007
      ],
      "communication_sizes": [
        536870912,
        204280,
        34767780
      ],
      "comm_upload_sizes": [
        536870912
      ],
      "comm_query_sizes": [
        204280
      ],
      "comm_decrypt_sizes": [
        34767780
      ],
      "runs": [
        {
          "run_id": 0,
          "query_time": 1.05556849995628,
          "decrypt_time": 0.13412000000244007,
          "success": true,
          "num_results": 512
        }
      ]
    },
    "neural_network": {
      "encrypt_times": [
        1.056735199992545
      ],
      "query_times": [
        0.9918306000181474
      ],
      "decrypt_times": [
        0.1379892000113614
      ],
      "communication_sizes": [
        536870912,
        34633493,
        34768390
      ],
      "comm_upload_sizes": [
        536870912
      ],
      "comm_query_sizes": [
        34633493
      ],
      "comm_decrypt_sizes": [
        34768390
      ],
      "runs": [
        {
          "run_id": 0,
          "query_time": 0.9918306000181474,
          "decrypt_time": 0.1379892000113614,
          "success": true,
          "num_results": 512
        }
      ]
    }
  },
  "summary": {
    "dot": {
      "avg_encrypt_time": 1.128545799991116,
      "std_encrypt_time": 0.0,
      "min_encrypt_time": 1.128545799991116,
      "max_encrypt_time": 1.128545799991116,
      "avg_query_time": 1.4597771000117064,
      "std_query_time": 0.0,
      "min_query_time": 1.4597771000117064,
      "max_query_time": 1.4597771000117064,
      "avg_decrypt_time": 0.05917789996601641,
      "std_decrypt_time": 0.0,
      "min_decrypt_time": 0.05917789996601641,
      "max_decrypt_time": 0.05917789996601641,
      "avg_communication_size": 180631.2880859375,
      "std_communication_size": 243106.66537669822,
      "total_communication": 541893.8642578125
    },
    "decision_tree": {
      "avg_encrypt_time": 1.1100654999609105,
      "std_encrypt_time": 0.0,
      "min_encrypt_time": 1.1100654999609105,
      "max_encrypt_time": 1.1100654999609105,
      "avg_query_time": 1.05556849995628,
      "std_query_time": 0.0,
      "min_query_time": 1.05556849995628,
      "max_query_time": 1.05556849995628,
      "avg_decrypt_time": 0.13412000000244007,
      "std_decrypt_time": 0.0,
      "min_decrypt_time": 0.13412000000244007,
      "max_decrypt_time": 0.13412000000244007,
      "avg_communication_size": 186146.80078125,
      "std_communication_size": 239498.67955511302,
      "total_communication": 558440.40234375
    },
    "neural_network": {
      "avg_encrypt_time": 1.056735199992545,
      "std_encrypt_time": 0.0,
      "min_encrypt_time": 1.056735199992545,
      "max_encrypt_time": 1.056735199992545,
      "avg_query_time": 0.9918306000181474,
      "std_query_time": 0.0,
      "min_query_time": 0.9918306000181474,
      "max_query_time": 0.9918306000181474,
      "avg_decrypt_time": 0.1379892000113614,
      "std_decrypt_time": 0.0,
      "min_decrypt_time": 0.1379892000113614,
      "max_decrypt_time": 0.1379892000113614,
      "avg_communication_size": 197354.42545572916,
      "std_communication_size": 231176.9538135545,
      "total_communication": 592063.2763671875
    }
  }
}