{
  "config": {
    "N": 64,
    "n": 16,
    "num_records": 128,
    "record_dim": 128,
    "model_types": [
      "dot",
      "decision_tree",
      "neural_network"
    ],
    "policy_size": 10,
    "num_runs": 3,
    "save_results": true,
    "results_dir": "experiments/results/our_decart_star"
  },
  "models": {
    "dot": {
      "encrypt_times": [
        0.4930166000267491,
        0.5007497000042349,
        0.510672300006263
      ],
      "query_times": [
        0.2651899000047706,
        0.2673161000129767,
        0.2622661999776028
      ],
      "decrypt_times": [
        0.012816400034353137,
        0.0139979999512434,
        0.013673300039954484
      ],
      "communication_sizes": [
        134217728,
        68062,
        4489711,
        134217728,
        68080,
        4490494,
        134217728,
        68139,
        4490337
      ],
      "comm_upload_sizes": [
        134217728,
        134217728,
        134217728
      ],
      "comm_query_sizes": [
        68062,
        68080,
        68139
      ],
      "comm_decrypt_sizes": [
        4489711,
        4490494,
        4490337
      ],
      "runs": [
        {
          "run_id": 0,
          "query_time": 0.2651899000047706,
          "decrypt_time": 0.012816400034353137,
          "success": true,
          "num_results": 128
        },
        {
          "run_id": 1,
          "query_time": 0.2673161000129767,
          "decrypt_time": 0.0139979999512434,
          "success": true,
          "num_results": 128
        },
        {
          "run_id": 2,
          "query_time": 0.2622661999776028,
          "decrypt_time": 0.013673300039954484,
          "success": true,
          "num_results": 128
        }
      ]
    },
    "decision_tree": {
      "encrypt_times": [
        0.4855562000302598,
        0.4799398999894038,
        0.47336389997508377
      ],
      "query_times": [
        0.235871099983342,
        0.22676579997641966,
        0.24775769998086616
      ],
      "decrypt_times": [
        0.031736699980683625,
        0.030997699999716133,
        0.03956480004126206
      ],
      "communication_sizes": [
        134217728,
        204223,
        8691798,
        134217728,
        204322,
        8692504,
        134217728,
        204327,
        8692340
      ],
      "comm_upload_sizes": [
        134217728,
        134217728,
        134217728
      ],
      "comm_query_sizes": [
        204223,
        204322,
        204327
      ],
      "comm_decrypt_sizes": [
        8691798,
        8692504,
        8692340
      ],
      "runs": [
        {
          "run_id": 0,
          "query_time": 0.235871099983342,
          "decrypt_time": 0.031736699980683625,
          "success": true,
          "num_results": 128
        },
        {
          "run_id": 1,
          "query_time": 0.22676579997641966,
          "decrypt_time": 0.030997699999716133,
          "success": true,
          "num_results": 128
        },
        {
          "run_id": 2,
          "query_time": 0.24775769998086616,
          "decrypt_time": 0.03956480004126206,
          "success": true,
          "num_results": 128
        }
      ]
    },
    "neural_network": {
      "encrypt_times": [
        0.49575140001252294,
        0.4802283000317402,
        0.48191010003210977
      ],
      "query_times": [
        0.35960440000053495,
        0.31455269997240975,
        0.3092663999996148
      ],
      "decrypt_times": [
        0.04072299995459616,
        0.031465500011108816,
        0.030725899967364967
      ],
      "communication_sizes": [
        134217728,
        34631677,
        8691828,
        134217728,
        34632980,
        8691611,
        134217728,
        34632389,
        8691974
      ],
      "comm_upload_sizes": [
        134217728,
        134217728,
        134217728
      ],
      "comm_query_sizes": [
        34631677,
        34632980,
        34632389
      ],
      "comm_decrypt_sizes": [
        8691828,
        8691611,
        8691974
      ],
      "runs": [
        {
          "run_id": 0,
          "query_time": 0.35960440000053495,
          "decrypt_time": 0.04072299995459616,
          "success": true,
          "num_results": 128
        },
        {
          "run_id": 1,
          "query_time": 0.31455269997240975,
          "decrypt_time": 0.031465500011108816,
          "success": true,
          "num_results": 128
        },
        {
          "run_id": 2,
          "query_time": 0.3092663999996148,
          "decrypt_time": 0.030725899967364967,
          "success": true,
          "num_results": 128
        }
      ]
    }
  },
  "summary": {
    "dot": {
      "avg_encrypt_time": 0.501479533345749,
      "std_encrypt_time": 0.007226360447299449,
      "min_encrypt_time": 0.4930166000267491,
      "max_encrypt_time": 0.510672300006263,
      "avg_query_time": 0.2649240666651167,
      "std_query_time": 0.0020701647462896774,
      "min_query_time": 0.2622661999776028,
      "max_query_time": 0.2673161000129767,
      "avg_decrypt_time": 0.013495900008517006,
      "std_decrypt_time": 0.0004984293124501426,
      "min_decrypt_time": 0.012816400034353137,
      "max_decrypt_time": 0.0139979999512434,
      "avg_communication_size": 45174.47992621528,
      "std_communication_size": 60764.29986181799,
      "total_communication": 406570.3193359375
    },
    "decision_tree": {
      "avg_encrypt_time": 0.4796199999982491,
      "std_encrypt_time": 0.00498262294794732,
      "min_encrypt_time": 0.47336389997508377,
      "max_encrypt_time": 0.4855562000302598,
      "avg_query_time": 0.23679819998020926,
      "std_query_time": 0.008594944337702786,
      "min_query_time": 0.22676579997641966,
      "max_query_time": 0.24775769998086616,
      "avg_decrypt_time": 0.03409973334055394,
      "std_decrypt_time": 0.0038761446288254906,
      "min_decrypt_time": 0.030997699999716133,
      "max_decrypt_time": 0.03956480004126206,
      "avg_communication_size": 46586.66427951389,
      "std_communication_size": 59835.918938824485,
      "total_communication": 419279.978515625
    },
    "neural_network": {
      "avg_encrypt_time": 0.4859632666921243,
      "std_encrypt_time": 0.0069552272061490636,
      "min_encrypt_time": 0.4802283000317402,
      "max_encrypt_time": 0.49575140001252294,
      "avg_query_time": 0.3278078333241865,
      "std_query_time": 0.022586905958293584,
      "min_query_time": 0.3092663999996148,
      "max_query_time": 0.35960440000053495,
      "avg_decrypt_time": 0.03430479997768998,
      "std_decrypt_time": 0.004548385813585984,
      "min_decrypt_time": 0.030725899967364967,
      "max_decrypt_time": 0.04072299995459616,
      "avg_communication_size": 57793.5810546875,
      "std_communication_size": 52837.67404240219,
      "total_communication": 520142.2294921875
    }
  }
}