{
  "config": {
    "N": 64,
    "n": 16,
    "num_records": 467,
    "record_dim": 16,
    "model_types": [
      "dot",
      "decision_tree",
      "neural_network"
    ],
    "policy_size": 8,
    "num_runs": 1,
    "save_results": true,
    "results_dir": "experiments/results/our_decart_star"
  },
  "models": {
    "dot": {
      "encrypt_times": [
        0.873028899950441
      ],
      "query_times": [
        0.8309847000055015
      ],
      "decrypt_times": [
        0.046468199987430125
      ],
      "communication_sizes": [
        489684992,
        68059,
        16382238
      ],
      "comm_upload_sizes": [
        489684992
      ],
      "comm_query_sizes": [
        68059
      ],
      "comm_decrypt_sizes": [
        16382238
      ],
      "runs": [
        {
          "run_id": 0,
          "query_time": 0.8309847000055015,
          "decrypt_time": 0.046468199987430125,
          "success": true,
          "num_results": 467
        }
      ]
    },
    "decision_tree": {
      "encrypt_times": [
        0.8937893999973312
      ],
      "query_times": [
        0.9096472999663092
      ],
      "decrypt_times": [
        0.119296699995175
      ],
      "communication_sizes": [
        489684992,
        204287,
        31712317
      ],
      "comm_upload_sizes": [
        489684992
      ],
      "comm_query_sizes": [
        204287
      ],
      "comm_decrypt_sizes": [
        31712317
      ],
      "runs": [
        {
          "run_id": 0,
          "query_time": 0.9096472999663092,
          "decrypt_time": 0.119296699995175,
          "success": true,
          "num_results": 467
        }
      ]
    },
    "neural_network": {
      "encrypt_times": [
        0.8325408000382595
      ],
      "query_times": [
        0.7386047000181861
      ],
      "decrypt_times": [
        0.13178139994852245
      ],
      "communication_sizes": [
        489684992,
        11545753,
        31713688
      ],
      "comm_upload_sizes": [
        489684992
      ],
      "comm_query_sizes": [
        11545753
      ],
      "comm_decrypt_sizes": [
        31713688
      ],
      "runs": [
        {
          "run_id": 0,
          "query_time": 0.7386047000181861,
          "decrypt_time": 0.13178139994852245,
          "success": true,
          "num_results": 467
        }
      ]
    }
  },
  "summary": {
    "dot": {
      "avg_encrypt_time": 0.873028899950441,
      "std_encrypt_time": 0.0,
      "min_encrypt_time": 0.873028899950441,
      "max_encrypt_time": 0.873028899950441,
      "avg_query_time": 0.8309847000055015,
      "std_query_time": 0.0,
      "min_query_time": 0.8309847000055015,
      "max_query_time": 0.8309847000055015,
      "avg_decrypt_time": 0.046468199987430125,
      "std_decrypt_time": 0.0,
      "min_decrypt_time": 0.046468199987430125,
      "max_decrypt_time": 0.046468199987430125,
      "avg_communication_size": 164757.5810546875,
      "std_communication_size": 221738.32857441876,
      "total_communication": 494272.7431640625
    },
    "decision_tree": {
      "avg_encrypt_time": 0.8937893999973312,
      "std_encrypt_time": 0.0,
      "min_encrypt_time": 0.8937893999973312,
      "max_encrypt_time": 0.8937893999973312,
      "avg_query_time": 0.9096472999663092,
      "std_query_time": 0.0,
      "min_query_time": 0.9096472999663092,
      "max_query_time": 0.9096472999663092,
      "avg_decrypt_time": 0.119296699995175,
      "std_decrypt_time": 0.0,
      "min_decrypt_time": 0.119296699995175,
      "max_decrypt_time": 0.119296699995175,
      "avg_communication_size": 169792.18619791666,
      "std_communication_size": 218444.38974479365,
      "total_communication": 509376.55859375
    },
    "neural_network": {
      "avg_encrypt_time": 0.8325408000382595,
      "std_encrypt_time": 0.0,
      "min_encrypt_time": 0.8325408000382595,
      "max_encrypt_time": 0.8325408000382595,
      "avg_query_time": 0.7386047000181861,
      "std_query_time": 0.0,
      "min_query_time": 0.7386047000181861,
      "max_query_time": 0.7386047000181861,
      "avg_decrypt_time": 0.13178139994852245,
      "std_decrypt_time": 0.0,
      "min_decrypt_time": 0.13178139994852245,
      "max_decrypt_time": 0.13178139994852245,
      "avg_communication_size": 173484.51595052084,
      "std_communication_size": 215622.01032820327,
      "total_communication": 520453.5478515625
    }
  }
}