{
  "config": {
    "N": 64,
    "n": 16,
    "num_records": 70,
    "record_dim": 16,
    "model_types": [
      "dot",
      "decision_tree",
      "neural_network"
    ],
    "policy_size": 8,
    "num_runs": 1,
    "save_results": true,
    "results_dir": "experiments/results/our_decart_star"
  },
  "models": {
    "dot": {
      "encrypt_times": [
        0.412315400026273
      ],
      "query_times": [
        0.11614830000326037
      ],
      "decrypt_times": [
        0.008827200043015182
      ],
      "communication_sizes": [
        73400320,
        68199,
        2456000
      ],
      "comm_upload_sizes": [
        73400320
      ],
      "comm_query_sizes": [
        68199
      ],
      "comm_decrypt_sizes": [
        2456000
      ],
      "runs": [
        {
          "run_id": 0,
          "query_time": 0.11614830000326037,
          "decrypt_time": 0.008827200043015182,
          "success": true,
          "num_results": 70
        }
      ]
    },
    "decision_tree": {
      "encrypt_times": [
        0.37414610001724213
      ],
      "query_times": [
        0.13980699999956414
      ],
      "decrypt_times": [
        0.019681000034324825
      ],
      "communication_sizes": [
        73400320,
        204454,
        4753847
      ],
      "comm_upload_sizes": [
        73400320
      ],
      "comm_query_sizes": [
        204454
      ],
      "comm_decrypt_sizes": [
        4753847
      ],
      "runs": [
        {
          "run_id": 0,
          "query_time": 0.13980699999956414,
          "decrypt_time": 0.019681000034324825,
          "success": true,
          "num_results": 70
        }
      ]
    },
    "neural_network": {
      "encrypt_times": [
        0.37730450002709404
      ],
      "query_times": [
        0.15141079999739304
      ],
      "decrypt_times": [
        0.017882100015413016
      ],
      "communication_sizes": [
        73400320,
        11545226,
        4753521
      ],
      "comm_upload_sizes": [
        73400320
      ],
      "comm_query_sizes": [
        11545226
      ],
      "comm_decrypt_sizes": [
        4753521
      ],
      "runs": [
        {
          "run_id": 0,
          "query_time": 0.15141079999739304,
          "decrypt_time": 0.017882100015413016,
          "success": true,
          "num_results": 70
        }
      ]
    }
  },
  "summary": {
    "dot": {
      "avg_encrypt_time": 0.412315400026273,
      "std_encrypt_time": 0.0,
      "min_encrypt_time": 0.412315400026273,
      "max_encrypt_time": 0.412315400026273,
      "avg_query_time": 0.11614830000326037,
      "std_query_time": 0.0,
      "min_query_time": 0.11614830000326037,
      "max_query_time": 0.11614830000326037,
      "avg_decrypt_time": 0.008827200043015182,
      "std_decrypt_time": 0.0,
      "min_decrypt_time": 0.008827200043015182,
      "max_decrypt_time": 0.008827200043015182,
      "avg_communication_size": 24715.0126953125,
      "std_communication_size": 33222.9026450684,
      "total_communication": 74145.0380859375
    },
    "decision_tree": {
      "avg_encrypt_time": 0.37414610001724213,
      "std_encrypt_time": 0.0,
      "min_encrypt_time": 0.37414610001724213,
      "max_encrypt_time": 0.37414610001724213,
      "avg_query_time": 0.13980699999956414,
      "std_query_time": 0.0,
      "min_query_time": 0.13980699999956414,
      "max_query_time": 0.13980699999956414,
      "avg_decrypt_time": 0.019681000034324825,
      "std_decrypt_time": 0.0,
      "min_decrypt_time": 0.019681000034324825,
      "max_decrypt_time": 0.019681000034324825,
      "avg_communication_size": 25507.363606770832,
      "std_communication_size": 32699.325246810044,
      "total_communication": 76522.0908203125
    },
    "neural_network": {
      "avg_encrypt_time": 0.37730450002709404,
      "std_encrypt_time": 0.0,
      "min_encrypt_time": 0.37730450002709404,
      "max_encrypt_time": 0.37730450002709404,
      "avg_query_time": 0.15141079999739304,
      "std_query_time": 0.0,
      "min_query_time": 0.15141079999739304,
      "max_query_time": 0.15141079999739304,
      "avg_decrypt_time": 0.017882100015413016,
      "std_decrypt_time": 0.0,
      "min_decrypt_time": 0.017882100015413016,
      "max_decrypt_time": 0.017882100015413016,
      "avg_communication_size": 29198.9150390625,
      "std_communication_size": 30160.454567966714,
      "total_communication": 87596.7451171875
    }
  }
}