{
  "config": {
    "N": 64,
    "n": 16,
    "num_records": 311,
    "record_dim": 16,
    "model_types": [
      "dot",
      "decision_tree",
      "neural_network"
    ],
    "policy_size": 8,
    "num_runs": 1,
    "save_results": true,
    "results_dir": "experiments/results/our_decart_star"
  },
  "models": {
    "dot": {
      "encrypt_times": [
        0.6711754000280052
      ],
      "query_times": [
        0.5205435000243597
      ],
      "decrypt_times": [
        0.031246300030034035
      ],
      "communication_sizes": [
        326107136,
        68143,
        10909174
      ],
      "comm_upload_sizes": [
        326107136
      ],
      "comm_query_sizes": [
        68143
      ],
      "comm_decrypt_sizes": [
        10909174
      ],
      "runs": [
        {
          "run_id": 0,
          "query_time": 0.5205435000243597,
          "decrypt_time": 0.031246300030034035,
          "success": true,
          "num_results": 311
        }
      ]
    },
    "decision_tree": {
      "encrypt_times": [
        0.6631450999993831
      ],
      "query_times": [
        0.5981083000078797
      ],
      "decrypt_times": [
        0.08516680001048371
      ],
      "communication_sizes": [
        326107136,
        204308,
        21118633
      ],
      "comm_upload_sizes": [
        326107136
      ],
      "comm_query_sizes": [
        204308
      ],
      "comm_decrypt_sizes": [
        21118633
      ],
      "runs": [
        {
          "run_id": 0,
          "query_time": 0.5981083000078797,
          "decrypt_time": 0.08516680001048371,
          "success": true,
          "num_results": 311
        }
      ]
    },
    "neural_network": {
      "encrypt_times": [
        0.6798978000297211
      ],
      "query_times": [
        0.5097899999818765
      ],
      "decrypt_times": [
        0.08244489994831383
      ],
      "communication_sizes": [
        326107136,
        11544506,
        21118200
      ],
      "comm_upload_sizes": [
        326107136
      ],
      "comm_query_sizes": [
        11544506
      ],
      "comm_decrypt_sizes": [
        21118200
      ],
      "runs": [
        {
          "run_id": 0,
          "query_time": 0.5097899999818765,
          "decrypt_time": 0.08244489994831383,
          "success": true,
          "num_results": 311
        }
      ]
    }
  },
  "summary": {
    "dot": {
      "avg_encrypt_time": 0.6711754000280052,
      "std_encrypt_time": 0.0,
      "min_encrypt_time": 0.6711754000280052,
      "max_encrypt_time": 0.6711754000280052,
      "avg_query_time": 0.5205435000243597,
      "std_query_time": 0.0,
      "min_query_time": 0.5205435000243597,
      "max_query_time": 0.5205435000243597,
      "avg_decrypt_time": 0.031246300030034035,
      "std_decrypt_time": 0.0,
      "min_decrypt_time": 0.031246300030034035,
      "max_decrypt_time": 0.031246300030034035,
      "avg_communication_size": 109728.01204427083,
      "std_communication_size": 147661.90063448728,
      "total_communication": 329184.0361328125
    },
    "decision_tree": {
      "avg_encrypt_time": 0.6631450999993831,
      "std_encrypt_time": 0.0,
      "min_encrypt_time": 0.6631450999993831,
      "max_encrypt_time": 0.6631450999993831,
      "avg_query_time": 0.5981083000078797,
      "std_query_time": 0.0,
      "min_query_time": 0.5981083000078797,
      "max_query_time": 0.5981083000078797,
      "avg_decrypt_time": 0.08516680001048371,
      "std_decrypt_time": 0.0,
      "min_decrypt_time": 0.08516680001048371,
      "max_decrypt_time": 0.08516680001048371,
      "avg_communication_size": 113095.72819010417,
      "std_communication_size": 145456.48084465796,
      "total_communication": 339287.1845703125
    },
    "neural_network": {
      "avg_encrypt_time": 0.6798978000297211,
      "std_encrypt_time": 0.0,
      "min_encrypt_time": 0.6798978000297211,
      "max_encrypt_time": 0.6798978000297211,
      "avg_query_time": 0.5097899999818765,
      "std_query_time": 0.0,
      "min_query_time": 0.5097899999818765,
      "max_query_time": 0.5097899999818765,
      "avg_decrypt_time": 0.08244489994831383,
      "std_decrypt_time": 0.0,
      "min_decrypt_time": 0.08244489994831383,
      "max_decrypt_time": 0.08244489994831383,
      "avg_communication_size": 116787.05794270833,
      "std_communication_size": 142658.20252176322,
      "total_communication": 350361.173828125
    }
  }
}