{
  "config": {
    "N": 64,
    "n": 16,
    "num_records": 512,
    "record_dim": 16,
    "model_types": [
      "dot",
      "decision_tree",
      "neural_network"
    ],
    "policy_size": 8,
    "num_runs": 1,
    "save_results": true,
    "results_dir": "experiments/results/our_decart_star"
  },
  "models": {
    "dot": {
      "encrypt_times": [
        0.9420774999889545
      ],
      "query_times": [
        0.8416487000067718
      ],
      "decrypt_times": [
        0.05552930000703782
      ],
      "communication_sizes": [
        536870912,
        68116,
        17960387
      ],
      "comm_upload_sizes": [
        536870912
      ],
      "comm_query_sizes": [
        68116
      ],
      "comm_decrypt_sizes": [
        17960387
      ],
      "runs": [
        {
          "run_id": 0,
          "query_time": 0.8416487000067718,
          "decrypt_time": 0.05552930000703782,
          "success": true,
          "num_results": 512
        }
      ]
    },
    "decision_tree": {
      "encrypt_times": [
        0.9399492000229657
      ],
      "query_times": [
        1.0310221000108868
      ],
      "decrypt_times": [
        0.13970860000699759
      ],
      "communication_sizes": [
        536870912,
        204331,
        34768247
      ],
      "comm_upload_sizes": [
        536870912
      ],
      "comm_query_sizes": [
        204331
      ],
      "comm_decrypt_sizes": [
        34768247
      ],
      "runs": [
        {
          "run_id": 0,
          "query_time": 1.0310221000108868,
          "decrypt_time": 0.13970860000699759,
          "success": true,
          "num_results": 512
        }
      ]
    },
    "neural_network": {
      "encrypt_times": [
        0.9252486999612302
      ],
      "query_times": [
        0.875564799993299
      ],
      "decrypt_times": [
        0.1529302999842912
      ],
      "communication_sizes": [
        536870912,
        11544687,
        34766903
      ],
      "comm_upload_sizes": [
        536870912
      ],
      "comm_query_sizes": [
        11544687
      ],
      "comm_decrypt_sizes": [
        34766903
      ],
      "runs": [
        {
          "run_id": 0,
          "query_time": 0.875564799993299,
          "decrypt_time": 0.1529302999842912,
          "success": true,
          "num_results": 512
        }
      ]
    }
  },
  "summary": {
    "dot": {
      "avg_encrypt_time": 0.9420774999889545,
      "std_encrypt_time": 0.0,
      "min_encrypt_time": 0.9420774999889545,
      "max_encrypt_time": 0.9420774999889545,
      "avg_query_time": 0.8416487000067718,
      "std_query_time": 0.0,
      "min_query_time": 0.8416487000067718,
      "max_query_time": 0.8416487000067718,
      "avg_decrypt_time": 0.05552930000703782,
      "std_decrypt_time": 0.0,
      "min_decrypt_time": 0.05552930000703782,
      "max_decrypt_time": 0.05552930000703782,
      "avg_communication_size": 180631.31998697916,
      "std_communication_size": 243106.64467726863,
      "total_communication": 541893.9599609375
    },
    "decision_tree": {
      "avg_encrypt_time": 0.9399492000229657,
      "std_encrypt_time": 0.0,
      "min_encrypt_time": 0.9399492000229657,
      "max_encrypt_time": 0.9399492000229657,
      "avg_query_time": 1.0310221000108868,
      "std_query_time": 0.0,
      "min_query_time": 1.0310221000108868,
      "max_query_time": 1.0310221000108868,
      "avg_decrypt_time": 0.13970860000699759,
      "std_decrypt_time": 0.0,
      "min_decrypt_time": 0.13970860000699759,
      "max_decrypt_time": 0.13970860000699759,
      "avg_communication_size": 186146.96940104166,
      "std_communication_size": 239498.57006287368,
      "total_communication": 558440.908203125
    },
    "neural_network": {
      "avg_encrypt_time": 0.9252486999612302,
      "std_encrypt_time": 0.0,
      "min_encrypt_time": 0.9252486999612302,
      "max_encrypt_time": 0.9252486999612302,
      "avg_query_time": 0.875564799993299,
      "std_query_time": 0.0,
      "min_query_time": 0.875564799993299,
      "max_query_time": 0.875564799993299,
      "avg_decrypt_time": 0.1529302999842912,
      "std_decrypt_time": 0.0,
      "min_decrypt_time": 0.1529302999842912,
      "max_decrypt_time": 0.1529302999842912,
      "avg_communication_size": 189838.05403645834,
      "std_communication_size": 236672.97700577075,
      "total_communication": 569514.162109375
    }
  }
}