{
  "config": {
    "N": 64,
    "n": 16,
    "num_records": 150,
    "record_dim": 48,
    "model_types": [
      "dot",
      "decision_tree",
      "neural_network"
    ],
    "policy_size": 8,
    "num_runs": 1,
    "save_results": true,
    "results_dir": "experiments/results/our_decart_star"
  },
  "models": {
    "dot": {
      "encrypt_times": [
        0.511127799982205
      ],
      "query_times": [
        0.44213540002238005
      ],
      "decrypt_times": [
        0.01573490002192557
      ],
      "communication_sizes": [
        157286400,
        68141,
        5261644
      ],
      "comm_upload_sizes": [
        157286400
      ],
      "comm_query_sizes": [
        68141
      ],
      "comm_decrypt_sizes": [
        5261644
      ],
      "runs": [
        {
          "run_id": 0,
          "query_time": 0.44213540002238005,
          "decrypt_time": 0.01573490002192557,
          "success": true,
          "num_results": 150
        }
      ]
    },
    "decision_tree": {
      "encrypt_times": [
        0.4980589000042528
      ],
      "query_times": [
        0.2934277000022121
      ],
      "decrypt_times": [
        0.044109600014053285
      ],
      "communication_sizes": [
        157286400,
        204228,
        10186689
      ],
      "comm_upload_sizes": [
        157286400
      ],
      "comm_query_sizes": [
        204228
      ],
      "comm_decrypt_sizes": [
        10186689
      ],
      "runs": [
        {
          "run_id": 0,
          "query_time": 0.2934277000022121,
          "decrypt_time": 0.044109600014053285,
          "success": true,
          "num_results": 150
        }
      ]
    },
    "neural_network": {
      "encrypt_times": [
        0.48600210004951805
      ],
      "query_times": [
        0.36749869998311624
      ],
      "decrypt_times": [
        0.042727299965918064
      ],
      "communication_sizes": [
        157286400,
        33273069,
        10186236
      ],
      "comm_upload_sizes": [
        157286400
      ],
      "comm_query_sizes": [
        33273069
      ],
      "comm_decrypt_sizes": [
        10186236
      ],
      "runs": [
        {
          "run_id": 0,
          "query_time": 0.36749869998311624,
          "decrypt_time": 0.042727299965918064,
          "success": true,
          "num_results": 150
        }
      ]
    }
  },
  "summary": {
    "dot": {
      "avg_encrypt_time": 0.511127799982205,
      "std_encrypt_time": 0.0,
      "min_encrypt_time": 0.511127799982205,
      "max_encrypt_time": 0.511127799982205,
      "avg_query_time": 0.44213540002238005,
      "std_query_time": 0.0,
      "min_query_time": 0.44213540002238005,
      "max_query_time": 0.44213540002238005,
      "avg_decrypt_time": 0.01573490002192557,
      "std_decrypt_time": 0.0,
      "min_decrypt_time": 0.01573490002192557,
      "max_decrypt_time": 0.01573490002192557,
      "avg_communication_size": 52934.9560546875,
      "std_communication_size": 71211.04335316388,
      "total_communication": 158804.8681640625
    },
    "decision_tree": {
      "avg_encrypt_time": 0.4980589000042528,
      "std_encrypt_time": 0.0,
      "min_encrypt_time": 0.4980589000042528,
      "max_encrypt_time": 0.4980589000042528,
      "avg_query_time": 0.2934277000022121,
      "std_query_time": 0.0,
      "min_query_time": 0.2934277000022121,
      "max_query_time": 0.2934277000022121,
      "avg_decrypt_time": 0.044109600014053285,
      "std_decrypt_time": 0.0,
      "min_decrypt_time": 0.044109600014053285,
      "max_decrypt_time": 0.044109600014053285,
      "avg_communication_size": 54582.4599609375,
      "std_communication_size": 70128.99174769771,
      "total_communication": 163747.3798828125
    },
    "neural_network": {
      "avg_encrypt_time": 0.48600210004951805,
      "std_encrypt_time": 0.0,
      "min_encrypt_time": 0.48600210004951805,
      "max_encrypt_time": 0.48600210004951805,
      "avg_query_time": 0.36749869998311624,
      "std_query_time": 0.0,
      "min_query_time": 0.36749869998311624,
      "max_query_time": 0.36749869998311624,
      "avg_decrypt_time": 0.042727299965918064,
      "std_decrypt_time": 0.0,
      "min_decrypt_time": 0.042727299965918064,
      "max_decrypt_time": 0.042727299965918064,
      "avg_communication_size": 65346.9091796875,
      "std_communication_size": 63079.49257426124,
      "total_communication": 196040.7275390625
    }
  }
}