{
  "config": {
    "N": 64,
    "n": 16,
    "num_records": 61,
    "record_dim": 16,
    "model_types": [
      "dot",
      "decision_tree",
      "neural_network"
    ],
    "policy_size": 8,
    "num_runs": 1,
    "save_results": true,
    "results_dir": "experiments/results/our_decart_star"
  },
  "models": {
    "dot": {
      "encrypt_times": [
        0.3524095000466332
      ],
      "query_times": [
        0.09100960002979264
      ],
      "decrypt_times": [
        0.006217799964360893
      ],
      "communication_sizes": [
        63963136,
        68126,
        2140219
      ],
      "comm_upload_sizes": [
        63963136
      ],
      "comm_query_sizes": [
        68126
      ],
      "comm_decrypt_sizes": [
        2140219
      ],
      "runs": [
        {
          "run_id": 0,
          "query_time": 0.09100960002979264,
          "decrypt_time": 0.006217799964360893,
          "success": true,
          "num_results": 61
        }
      ]
    },
    "decision_tree": {
      "encrypt_times": [
        0.3459182000369765
      ],
      "query_times": [
        0.11265909997746348
      ],
      "decrypt_times": [
        0.0154323999886401
      ],
      "communication_sizes": [
        63963136,
        204307,
        4142127
      ],
      "comm_upload_sizes": [
        63963136
      ],
      "comm_query_sizes": [
        204307
      ],
      "comm_decrypt_sizes": [
        4142127
      ],
      "runs": [
        {
          "run_id": 0,
          "query_time": 0.11265909997746348,
          "decrypt_time": 0.0154323999886401,
          "success": true,
          "num_results": 61
        }
      ]
    },
    "neural_network": {
      "encrypt_times": [
        0.35014850000152364
      ],
      "query_times": [
        0.1318265000008978
      ],
      "decrypt_times": [
        0.014927299984265119
      ],
      "communication_sizes": [
        63963136,
        11545054,
        4142232
      ],
      "comm_upload_sizes": [
        63963136
      ],
      "comm_query_sizes": [
        11545054
      ],
      "comm_decrypt_sizes": [
        4142232
      ],
      "runs": [
        {
          "run_id": 0,
          "query_time": 0.1318265000008978,
          "decrypt_time": 0.014927299984265119,
          "success": true,
          "num_results": 61
        }
      ]
    }
  },
  "summary": {
    "dot": {
      "avg_encrypt_time": 0.3524095000466332,
      "std_encrypt_time": 0.0,
      "min_encrypt_time": 0.3524095000466332,
      "max_encrypt_time": 0.3524095000466332,
      "avg_query_time": 0.09100960002979264,
      "std_query_time": 0.0,
      "min_query_time": 0.09100960002979264,
      "max_query_time": 0.09100960002979264,
      "avg_decrypt_time": 0.006217799964360893,
      "std_decrypt_time": 0.0,
      "min_decrypt_time": 0.006217799964360893,
      "max_decrypt_time": 0.006217799964360893,
      "avg_communication_size": 21540.195638020832,
      "std_communication_size": 28949.28887219783,
      "total_communication": 64620.5869140625
    },
    "decision_tree": {
      "avg_encrypt_time": 0.3459182000369765,
      "std_encrypt_time": 0.0,
      "min_encrypt_time": 0.3459182000369765,
      "max_encrypt_time": 0.3459182000369765,
      "avg_query_time": 0.11265909997746348,
      "std_query_time": 0.0,
      "min_query_time": 0.11265909997746348,
      "max_query_time": 0.11265909997746348,
      "avg_decrypt_time": 0.0154323999886401,
      "std_decrypt_time": 0.0,
      "min_decrypt_time": 0.0154323999886401,
      "max_decrypt_time": 0.0154323999886401,
      "avg_communication_size": 22236.188151041668,
      "std_communication_size": 28488.648672225885,
      "total_communication": 66708.564453125
    },
    "neural_network": {
      "avg_encrypt_time": 0.35014850000152364,
      "std_encrypt_time": 0.0,
      "min_encrypt_time": 0.35014850000152364,
      "max_encrypt_time": 0.35014850000152364,
      "avg_query_time": 0.1318265000008978,
      "std_query_time": 0.0,
      "min_query_time": 0.1318265000008978,
      "max_query_time": 0.1318265000008978,
      "avg_decrypt_time": 0.014927299984265119,
      "std_decrypt_time": 0.0,
      "min_decrypt_time": 0.014927299984265119,
      "max_decrypt_time": 0.014927299984265119,
      "avg_communication_size": 25927.871744791668,
      "std_communication_size": 26002.977546120543,
      "total_communication": 77783.615234375
    }
  }
}