{
  "config": {
    "N": 64,
    "n": 16,
    "num_records": 45,
    "record_dim": 8,
    "model_types": [
      "dot",
      "decision_tree",
      "neural_network"
    ],
    "policy_size": 8,
    "num_runs": 1,
    "save_results": true,
    "results_dir": "experiments/results/our_decart_star"
  },
  "models": {
    "dot": {
      "encrypt_times": [
        0.4164125999668613
      ],
      "query_times": [
        0.07210960000520572
      ],
      "decrypt_times": [
        0.006242500036023557
      ],
      "communication_sizes": [
        47185920,
        68105,
        1579029
      ],
      "comm_upload_sizes": [
        47185920
      ],
      "comm_query_sizes": [
        68105
      ],
      "comm_decrypt_sizes": [
        1579029
      ],
      "runs": [
        {
          "run_id": 0,
          "query_time": 0.07210960000520572,
          "decrypt_time": 0.006242500036023557,
          "success": true,
          "num_results": 45
        }
      ]
    },
    "decision_tree": {
      "encrypt_times": [
        0.43736250000074506
      ],
      "query_times": [
        0.1061113000032492
      ],
      "decrypt_times": [
        0.014491999987512827
      ],
      "communication_sizes": [
        47185920,
        204434,
        3056272
      ],
      "comm_upload_sizes": [
        47185920
      ],
      "comm_query_sizes": [
        204434
      ],
      "comm_decrypt_sizes": [
        3056272
      ],
      "runs": [
        {
          "run_id": 0,
          "query_time": 0.1061113000032492,
          "decrypt_time": 0.014491999987512827,
          "success": true,
          "num_results": 45
        }
      ]
    },
    "neural_network": {
      "encrypt_times": [
        0.4156813000445254
      ],
      "query_times": [
        0.10667740000644699
      ],
      "decrypt_times": [
        0.013525900023523718
      ],
      "communication_sizes": [
        47185920,
        6112672,
        3055956
      ],
      "comm_upload_sizes": [
        47185920
      ],
      "comm_query_sizes": [
        6112672
      ],
      "comm_decrypt_sizes": [
        3055956
      ],
      "runs": [
        {
          "run_id": 0,
          "query_time": 0.10667740000644699,
          "decrypt_time": 0.013525900023523718,
          "success": true,
          "num_results": 45
        }
      ]
    }
  },
  "summary": {
    "dot": {
      "avg_encrypt_time": 0.4164125999668613,
      "std_encrypt_time": 0.0,
      "min_encrypt_time": 0.4164125999668613,
      "max_encrypt_time": 0.4164125999668613,
      "avg_query_time": 0.07210960000520572,
      "std_query_time": 0.0,
      "min_query_time": 0.07210960000520572,
      "max_query_time": 0.07210960000520572,
      "avg_decrypt_time": 0.006242500036023557,
      "std_decrypt_time": 0.0,
      "min_decrypt_time": 0.006242500036023557,
      "max_decrypt_time": 0.006242500036023557,
      "avg_communication_size": 15896.176432291666,
      "std_communication_size": 21351.68514166116,
      "total_communication": 47688.529296875
    },
    "decision_tree": {
      "avg_encrypt_time": 0.43736250000074506,
      "std_encrypt_time": 0.0,
      "min_encrypt_time": 0.43736250000074506,
      "max_encrypt_time": 0.43736250000074506,
      "avg_query_time": 0.1061113000032492,
      "std_query_time": 0.0,
      "min_query_time": 0.1061113000032492,
      "max_query_time": 0.1061113000032492,
      "avg_decrypt_time": 0.014491999987512827,
      "std_decrypt_time": 0.0,
      "min_decrypt_time": 0.014491999987512827,
      "max_decrypt_time": 0.014491999987512827,
      "avg_communication_size": 16421.427734375,
      "std_communication_size": 21002.575003345817,
      "total_communication": 49264.283203125
    },
    "neural_network": {
      "avg_encrypt_time": 0.4156813000445254,
      "std_encrypt_time": 0.0,
      "min_encrypt_time": 0.4156813000445254,
      "max_encrypt_time": 0.4156813000445254,
      "avg_query_time": 0.10667740000644699,
      "std_query_time": 0.0,
      "min_query_time": 0.10667740000644699,
      "max_query_time": 0.10667740000644699,
      "avg_decrypt_time": 0.013525900023523718,
      "std_decrypt_time": 0.0,
      "min_decrypt_time": 0.013525900023523718,
      "max_decrypt_time": 0.013525900023523718,
      "avg_communication_size": 18344.579427083332,
      "std_communication_size": 19649.729986105634,
      "total_communication": 55033.73828125
    }
  }
}