{
  "config": {
    "N": 64,
    "n": 16,
    "num_records": 96,
    "record_dim": 20,
    "model_types": [
      "dot",
      "decision_tree",
      "neural_network"
    ],
    "policy_size": 8,
    "num_runs": 1,
    "save_results": true,
    "results_dir": "experiments/results/our_decart_star"
  },
  "models": {
    "dot": {
      "encrypt_times": [
        0.42808749998221174
      ],
      "query_times": [
        0.2188736999523826
      ],
      "decrypt_times": [
        0.010542300005909055
      ],
      "communication_sizes": [
        100663296,
        68106,
        3367870
      ],
      "comm_upload_sizes": [
        100663296
      ],
      "comm_query_sizes": [
        68106
      ],
      "comm_decrypt_sizes": [
        3367870
      ],
      "runs": [
        {
          "run_id": 0,
          "query_time": 0.2188736999523826,
          "decrypt_time": 0.010542300005909055,
          "success": true,
          "num_results": 96
        }
      ]
    },
    "decision_tree": {
      "encrypt_times": [
        0.4051118000061251
      ],
      "query_times": [
        0.1940465000225231
      ],
      "decrypt_times": [
        0.025650399969890714
      ],
      "communication_sizes": [
        100663296,
        204261,
        6519713
      ],
      "comm_upload_sizes": [
        100663296
      ],
      "comm_query_sizes": [
        204261
      ],
      "comm_decrypt_sizes": [
        6519713
      ],
      "runs": [
        {
          "run_id": 0,
          "query_time": 0.1940465000225231,
          "decrypt_time": 0.025650399969890714,
          "success": true,
          "num_results": 96
        }
      ]
    },
    "neural_network": {
      "encrypt_times": [
        0.42280170001322404
      ],
      "query_times": [
        0.2063059999491088
      ],
      "decrypt_times": [
        0.02505250001559034
      ],
      "communication_sizes": [
        100663296,
        14260273,
        6518753
      ],
      "comm_upload_sizes": [
        100663296
      ],
      "comm_query_sizes": [
        14260273
      ],
      "comm_decrypt_sizes": [
        6518753
      ],
      "runs": [
        {
          "run_id": 0,
          "query_time": 0.2063059999491088,
          "decrypt_time": 0.02505250001559034,
          "success": true,
          "num_results": 96
        }
      ]
    }
  },
  "summary": {
    "dot": {
      "avg_encrypt_time": 0.42808749998221174,
      "std_encrypt_time": 0.0,
      "min_encrypt_time": 0.42808749998221174,
      "max_encrypt_time": 0.42808749998221174,
      "avg_query_time": 0.2188736999523826,
      "std_query_time": 0.0,
      "min_query_time": 0.2188736999523826,
      "max_query_time": 0.2188736999523826,
      "avg_decrypt_time": 0.010542300005909055,
      "std_decrypt_time": 0.0,
      "min_decrypt_time": 0.010542300005909055,
      "max_decrypt_time": 0.010542300005909055,
      "avg_communication_size": 33886.481770833336,
      "std_communication_size": 45569.05747019338,
      "total_communication": 101659.4453125
    },
    "decision_tree": {
      "avg_encrypt_time": 0.4051118000061251,
      "std_encrypt_time": 0.0,
      "min_encrypt_time": 0.4051118000061251,
      "max_encrypt_time": 0.4051118000061251,
      "avg_query_time": 0.1940465000225231,
      "std_query_time": 0.0,
      "min_query_time": 0.1940465000225231,
      "max_query_time": 0.1940465000225231,
      "avg_decrypt_time": 0.025650399969890714,
      "std_decrypt_time": 0.0,
      "min_decrypt_time": 0.025650399969890714,
      "max_decrypt_time": 0.025650399969890714,
      "avg_communication_size": 34956.793619791664,
      "std_communication_size": 44863.947860287255,
      "total_communication": 104870.380859375
    },
    "neural_network": {
      "avg_encrypt_time": 0.42280170001322404,
      "std_encrypt_time": 0.0,
      "min_encrypt_time": 0.42280170001322404,
      "max_encrypt_time": 0.42280170001322404,
      "avg_query_time": 0.2063059999491088,
      "std_query_time": 0.0,
      "min_query_time": 0.2063059999491088,
      "max_query_time": 0.2063059999491088,
      "avg_decrypt_time": 0.02505250001559034,
      "std_decrypt_time": 0.0,
      "min_decrypt_time": 0.02505250001559034,
      "max_decrypt_time": 0.02505250001559034,
      "avg_communication_size": 39532.005859375,
      "std_communication_size": 41672.52625542213,
      "total_communication": 118596.017578125
    }
  }
}