{
  "config": {
    "N": 64,
    "n": 16,
    "num_records": 512,
    "record_dim": 128,
    "model_types": [
      "dot",
      "decision_tree",
      "neural_network"
    ],
    "policy_size": 8,
    "num_runs": 1,
    "save_results": true,
    "results_dir": "experiments/results/our_decart_star"
  },
  "models": {
    "dot": {
      "encrypt_times": [
        1.0286435000016354
      ],
      "query_times": [
        1.285165099950973
      ],
      "decrypt_times": [
        0.05863779998617247
      ],
      "communication_sizes": [
        536870912,
        68129,
        17959983
      ],
      "comm_upload_sizes": [
        536870912
      ],
      "comm_query_sizes": [
        68129
      ],
      "comm_decrypt_sizes": [
        17959983
      ],
      "runs": [
        {
          "run_id": 0,
          "query_time": 1.285165099950973,
          "decrypt_time": 0.05863779998617247,
          "success": true,
          "num_results": 512
        }
      ]
    },
    "decision_tree": {
      "encrypt_times": [
        0.9855577999842353
      ],
      "query_times": [
        1.0565725999767892
      ],
      "decrypt_times": [
        0.14132109994534403
      ],
      "communication_sizes": [
        536870912,
        204298,
        34768222
      ],
      "comm_upload_sizes": [
        536870912
      ],
      "comm_query_sizes": [
        204298
      ],
      "comm_decrypt_sizes": [
        34768222
      ],
      "runs": [
        {
          "run_id": 0,
          "query_time": 1.0565725999767892,
          "decrypt_time": 0.14132109994534403,
          "success": true,
          "num_results": 512
        }
      ]
    },
    "neural_network": {
      "encrypt_times": [
        1.0188792999833822
      ],
      "query_times": [
        0.9646446999977343
      ],
      "decrypt_times": [
        0.13167299999622628
      ],
      "communication_sizes": [
        536870912,
        34631981,
        34767349
      ],
      "comm_upload_sizes": [
        536870912
      ],
      "comm_query_sizes": [
        34631981
      ],
      "comm_decrypt_sizes": [
        34767349
      ],
      "runs": [
        {
          "run_id": 0,
          "query_time": 0.9646446999977343,
          "decrypt_time": 0.13167299999622628,
          "success": true,
          "num_results": 512
        }
      ]
    }
  },
  "summary": {
    "dot": {
      "avg_encrypt_time": 1.0286435000016354,
      "std_encrypt_time": 0.0,
      "min_encrypt_time": 1.0286435000016354,
      "max_encrypt_time": 1.0286435000016354,
      "avg_query_time": 1.285165099950973,
      "std_query_time": 0.0,
      "min_query_time": 1.285165099950973,
      "max_query_time": 1.285165099950973,
      "avg_decrypt_time": 0.05863779998617247,
      "std_decrypt_time": 0.0,
      "min_decrypt_time": 0.05863779998617247,
      "max_decrypt_time": 0.05863779998617247,
      "avg_communication_size": 180631.19270833334,
      "std_communication_size": 243106.72976003733,
      "total_communication": 541893.578125
    },
    "decision_tree": {
      "avg_encrypt_time": 0.9855577999842353,
      "std_encrypt_time": 0.0,
      "min_encrypt_time": 0.9855577999842353,
      "max_encrypt_time": 0.9855577999842353,
      "avg_query_time": 1.0565725999767892,
      "std_query_time": 0.0,
      "min_query_time": 1.0565725999767892,
      "max_query_time": 1.0565725999767892,
      "avg_decrypt_time": 0.14132109994534403,
      "std_decrypt_time": 0.0,
      "min_decrypt_time": 0.14132109994534403,
      "max_decrypt_time": 0.14132109994534403,
      "avg_communication_size": 186146.95052083334,
      "std_communication_size": 239498.58357459045,
      "total_communication": 558440.8515625
    },
    "neural_network": {
      "avg_encrypt_time": 1.0188792999833822,
      "std_encrypt_time": 0.0,
      "min_encrypt_time": 1.0188792999833822,
      "max_encrypt_time": 1.0188792999833822,
      "avg_query_time": 0.9646446999977343,
      "std_query_time": 0.0,
      "min_query_time": 0.9646446999977343,
      "max_query_time": 0.9646446999977343,
      "avg_decrypt_time": 0.13167299999622628,
      "std_decrypt_time": 0.0,
      "min_decrypt_time": 0.13167299999622628,
      "max_decrypt_time": 0.13167299999622628,
      "avg_communication_size": 197353.59440104166,
      "std_communication_size": 231177.5415017043,
      "total_communication": 592060.783203125
    }
  }
}