{
  "config": {
    "N": 64,
    "n": 16,
    "num_records": 128,
    "record_dim": 16,
    "model_types": [
      "dot",
      "decision_tree",
      "neural_network"
    ],
    "policy_size": 8,
    "num_runs": 1,
    "save_results": true,
    "results_dir": "experiments/results/our_decart_star"
  },
  "models": {
    "dot": {
      "encrypt_times": [
        0.4261504000169225
      ],
      "query_times": [
        0.1835228999843821
      ],
      "decrypt_times": [
        0.012687799986451864
      ],
      "communication_sizes": [
        134217728,
        68189,
        4491050
      ],
      "comm_upload_sizes": [
        134217728
      ],
      "comm_query_sizes": [
        68189
      ],
      "comm_decrypt_sizes": [
        4491050
      ],
      "runs": [
        {
          "run_id": 0,
          "query_time": 0.1835228999843821,
          "decrypt_time": 0.012687799986451864,
          "success": true,
          "num_results": 128
        }
      ]
    },
    "decision_tree": {
      "encrypt_times": [
        0.4245896000065841
      ],
      "query_times": [
        0.2322275000042282
      ],
      "decrypt_times": [
        0.031902900023851544
      ],
      "communication_sizes": [
        134217728,
        204251,
        8693047
      ],
      "comm_upload_sizes": [
        134217728
      ],
      "comm_query_sizes": [
        204251
      ],
      "comm_decrypt_sizes": [
        8693047
      ],
      "runs": [
        {
          "run_id": 0,
          "query_time": 0.2322275000042282,
          "decrypt_time": 0.031902900023851544,
          "success": true,
          "num_results": 128
        }
      ]
    },
    "neural_network": {
      "encrypt_times": [
        0.42661930003669113
      ],
      "query_times": [
        0.2371726999990642
      ],
      "decrypt_times": [
        0.030717300018295646
      ],
      "communication_sizes": [
        134217728,
        11545012,
        8692367
      ],
      "comm_upload_sizes": [
        134217728
      ],
      "comm_query_sizes": [
        11545012
      ],
      "comm_decrypt_sizes": [
        8692367
      ],
      "runs": [
        {
          "run_id": 0,
          "query_time": 0.2371726999990642,
          "decrypt_time": 0.030717300018295646,
          "success": true,
          "num_results": 128
        }
      ]
    }
  },
  "summary": {
    "dot": {
      "avg_encrypt_time": 0.4261504000169225,
      "std_encrypt_time": 0.0,
      "min_encrypt_time": 0.4261504000169225,
      "max_encrypt_time": 0.4261504000169225,
      "avg_query_time": 0.1835228999843821,
      "std_query_time": 0.0,
      "min_query_time": 0.1835228999843821,
      "max_query_time": 0.1835228999843821,
      "avg_decrypt_time": 0.012687799986451864,
      "std_decrypt_time": 0.0,
      "min_decrypt_time": 0.012687799986451864,
      "max_decrypt_time": 0.012687799986451864,
      "avg_communication_size": 45174.7939453125,
      "std_communication_size": 60764.08686377658,
      "total_communication": 135524.3818359375
    },
    "decision_tree": {
      "avg_encrypt_time": 0.4245896000065841,
      "std_encrypt_time": 0.0,
      "min_encrypt_time": 0.4245896000065841,
      "max_encrypt_time": 0.4245896000065841,
      "avg_query_time": 0.2322275000042282,
      "std_query_time": 0.0,
      "min_query_time": 0.2322275000042282,
      "max_query_time": 0.2322275000042282,
      "avg_decrypt_time": 0.031902900023851544,
      "std_decrypt_time": 0.0,
      "min_decrypt_time": 0.031902900023851544,
      "max_decrypt_time": 0.031902900023851544,
      "avg_communication_size": 46586.922526041664,
      "std_communication_size": 59835.7563000269,
      "total_communication": 139760.767578125
    },
    "neural_network": {
      "avg_encrypt_time": 0.42661930003669113,
      "std_encrypt_time": 0.0,
      "min_encrypt_time": 0.42661930003669113,
      "max_encrypt_time": 0.42661930003669113,
      "avg_query_time": 0.2371726999990642,
      "std_query_time": 0.0,
      "min_query_time": 0.2371726999990642,
      "max_query_time": 0.2371726999990642,
      "avg_decrypt_time": 0.030717300018295646,
      "std_decrypt_time": 0.0,
      "min_decrypt_time": 0.030717300018295646,
      "max_decrypt_time": 0.030717300018295646,
      "avg_communication_size": 50278.355143229164,
      "std_communication_size": 57141.05318143837,
      "total_communication": 150835.0654296875
    }
  }
}