{
  "config": {
    "N": 64,
    "n": 16,
    "num_records": 103,
    "record_dim": 16,
    "model_types": [
      "dot",
      "decision_tree",
      "neural_network"
    ],
    "policy_size": 8,
    "num_runs": 1,
    "save_results": true,
    "results_dir": "experiments/results/our_decart_star"
  },
  "models": {
    "dot": {
      "encrypt_times": [
        0.3918167999945581
      ],
      "query_times": [
        0.1511661999975331
      ],
      "decrypt_times": [
        0.010507299972232431
      ],
      "communication_sizes": [
        108003328,
        68080,
        3613397
      ],
      "comm_upload_sizes": [
        108003328
      ],
      "comm_query_sizes": [
        68080
      ],
      "comm_decrypt_sizes": [
        3613397
      ],
      "runs": [
        {
          "run_id": 0,
          "query_time": 0.1511661999975331,
          "decrypt_time": 0.010507299972232431,
          "success": true,
          "num_results": 103
        }
      ]
    },
    "decision_tree": {
      "encrypt_times": [
        0.3909565999638289
      ],
      "query_times": [
        0.19755039998563007
      ],
      "decrypt_times": [
        0.02597979997517541
      ],
      "communication_sizes": [
        108003328,
        204345,
        6994515
      ],
      "comm_upload_sizes": [
        108003328
      ],
      "comm_query_sizes": [
        204345
      ],
      "comm_decrypt_sizes": [
        6994515
      ],
      "runs": [
        {
          "run_id": 0,
          "query_time": 0.19755039998563007,
          "decrypt_time": 0.02597979997517541,
          "success": true,
          "num_results": 103
        }
      ]
    },
    "neural_network": {
      "encrypt_times": [
        0.4069688000017777
      ],
      "query_times": [
        0.1978069000178948
      ],
      "decrypt_times": [
        0.024393800005782396
      ],
      "communication_sizes": [
        108003328,
        11543897,
        6994668
      ],
      "comm_upload_sizes": [
        108003328
      ],
      "comm_query_sizes": [
        11543897
      ],
      "comm_decrypt_sizes": [
        6994668
      ],
      "runs": [
        {
          "run_id": 0,
          "query_time": 0.1978069000178948,
          "decrypt_time": 0.024393800005782396,
          "success": true,
          "num_results": 103
        }
      ]
    }
  },
  "summary": {
    "dot": {
      "avg_encrypt_time": 0.3918167999945581,
      "std_encrypt_time": 0.0,
      "min_encrypt_time": 0.3918167999945581,
      "max_encrypt_time": 0.3918167999945581,
      "avg_query_time": 0.1511661999975331,
      "std_query_time": 0.0,
      "min_query_time": 0.1511661999975331,
      "max_query_time": 0.1511661999975331,
      "avg_decrypt_time": 0.010507299972232431,
      "std_decrypt_time": 0.0,
      "min_decrypt_time": 0.010507299972232431,
      "max_decrypt_time": 0.010507299972232431,
      "avg_communication_size": 36355.730794270836,
      "std_communication_size": 48893.01756426998,
      "total_communication": 109067.1923828125
    },
    "decision_tree": {
      "avg_encrypt_time": 0.3909565999638289,
      "std_encrypt_time": 0.0,
      "min_encrypt_time": 0.3909565999638289,
      "max_encrypt_time": 0.3909565999638289,
      "avg_query_time": 0.19755039998563007,
      "std_query_time": 0.0,
      "min_query_time": 0.19755039998563007,
      "max_query_time": 0.19755039998563007,
      "avg_decrypt_time": 0.02597979997517541,
      "std_decrypt_time": 0.0,
      "min_decrypt_time": 0.02597979997517541,
      "max_decrypt_time": 0.02597979997517541,
      "avg_communication_size": 37500.712239583336,
      "std_communication_size": 48139.13580646419,
      "total_communication": 112502.13671875
    },
    "neural_network": {
      "avg_encrypt_time": 0.4069688000017777,
      "std_encrypt_time": 0.0,
      "min_encrypt_time": 0.4069688000017777,
      "max_encrypt_time": 0.4069688000017777,
      "avg_query_time": 0.1978069000178948,
      "std_query_time": 0.0,
      "min_query_time": 0.1978069000178948,
      "max_query_time": 0.1978069000178948,
      "avg_decrypt_time": 0.024393800005782396,
      "std_decrypt_time": 0.0,
      "min_decrypt_time": 0.024393800005782396,
      "max_decrypt_time": 0.024393800005782396,
      "avg_communication_size": 41192.0224609375,
      "std_communication_size": 45488.97904858398,
      "total_communication": 123576.0673828125
    }
  }
}