{
  "config": {
    "N": 64,
    "n": 16,
    "num_records": 170,
    "record_dim": 16,
    "model_types": [
      "dot",
      "decision_tree",
      "neural_network"
    ],
    "policy_size": 8,
    "num_runs": 1,
    "save_results": true,
    "results_dir": "experiments/results/our_decart_star"
  },
  "models": {
    "dot": {
      "encrypt_times": [
        0.5136972999898717
      ],
      "query_times": [
        0.261261600011494
      ],
      "decrypt_times": [
        0.018876700021792203
      ],
      "communication_sizes": [
        178257920,
        68122,
        5963441
      ],
      "comm_upload_sizes": [
        178257920
      ],
      "comm_query_sizes": [
        68122
      ],
      "comm_decrypt_sizes": [
        5963441
      ],
      "runs": [
        {
          "run_id": 0,
          "query_time": 0.261261600011494,
          "decrypt_time": 0.018876700021792203,
          "success": true,
          "num_results": 170
        }
      ]
    },
    "decision_tree": {
      "encrypt_times": [
        0.4811220000265166
      ],
      "query_times": [
        0.32170899998163804
      ],
      "decrypt_times": [
        0.04313679999904707
      ],
      "communication_sizes": [
        178257920,
        204365,
        11544504
      ],
      "comm_upload_sizes": [
        178257920
      ],
      "comm_query_sizes": [
        204365
      ],
      "comm_decrypt_sizes": [
        11544504
      ],
      "runs": [
        {
          "run_id": 0,
          "query_time": 0.32170899998163804,
          "decrypt_time": 0.04313679999904707,
          "success": true,
          "num_results": 170
        }
      ]
    },
    "neural_network": {
      "encrypt_times": [
        0.4760454000206664
      ],
      "query_times": [
        0.2922903000144288
      ],
      "decrypt_times": [
        0.047182399954181165
      ],
      "communication_sizes": [
        178257920,
        11544704,
        11544064
      ],
      "comm_upload_sizes": [
        178257920
      ],
      "comm_query_sizes": [
        11544704
      ],
      "comm_decrypt_sizes": [
        11544064
      ],
      "runs": [
        {
          "run_id": 0,
          "query_time": 0.2922903000144288,
          "decrypt_time": 0.047182399954181165,
          "success": true,
          "num_results": 170
        }
      ]
    }
  },
  "summary": {
    "dot": {
      "avg_encrypt_time": 0.5136972999898717,
      "std_encrypt_time": 0.0,
      "min_encrypt_time": 0.5136972999898717,
      "max_encrypt_time": 0.5136972999898717,
      "avg_query_time": 0.261261600011494,
      "std_query_time": 0.0,
      "min_query_time": 0.261261600011494,
      "max_query_time": 0.261261600011494,
      "avg_decrypt_time": 0.018876700021792203,
      "std_decrypt_time": 0.0,
      "min_decrypt_time": 0.018876700021792203,
      "max_decrypt_time": 0.018876700021792203,
      "avg_communication_size": 59990.066080729164,
      "std_communication_size": 80707.996105299,
      "total_communication": 179970.1982421875
    },
    "decision_tree": {
      "avg_encrypt_time": 0.4811220000265166,
      "std_encrypt_time": 0.0,
      "min_encrypt_time": 0.4811220000265166,
      "max_encrypt_time": 0.4811220000265166,
      "avg_query_time": 0.32170899998163804,
      "std_query_time": 0.0,
      "min_query_time": 0.32170899998163804,
      "max_query_time": 0.32170899998163804,
      "avg_decrypt_time": 0.04313679999904707,
      "std_decrypt_time": 0.0,
      "min_decrypt_time": 0.04313679999904707,
      "max_decrypt_time": 0.04313679999904707,
      "avg_communication_size": 61851.168294270836,
      "std_communication_size": 79486.44887182266,
      "total_communication": 185553.5048828125
    },
    "neural_network": {
      "avg_encrypt_time": 0.4760454000206664,
      "std_encrypt_time": 0.0,
      "min_encrypt_time": 0.4760454000206664,
      "max_encrypt_time": 0.4760454000206664,
      "avg_query_time": 0.2922903000144288,
      "std_query_time": 0.0,
      "min_query_time": 0.2922903000144288,
      "max_query_time": 0.2922903000144288,
      "avg_decrypt_time": 0.047182399954181165,
      "std_decrypt_time": 0.0,
      "min_decrypt_time": 0.047182399954181165,
      "max_decrypt_time": 0.047182399954181165,
      "avg_communication_size": 65542.54166666667,
      "std_communication_size": 76747.5728006765,
      "total_communication": 196627.625
    }
  }
}