{
  "config": {
    "N": 64,
    "n": 16,
    "num_records": 64,
    "record_dim": 64,
    "model_types": [
      "dot",
      "decision_tree",
      "neural_network"
    ],
    "policy_size": 10,
    "num_runs": 3,
    "save_results": true,
    "results_dir": "experiments/results/our_decart_star"
  },
  "models": {
    "dot": {
      "encrypt_times": [
        0.4352039999794215,
        0.3972605000017211,
        0.42184399999678135
      ],
      "query_times": [
        0.11935759999323636,
        0.11885070003336295,
        0.1296800000127405
      ],
      "decrypt_times": [
        0.006568399956449866,
        0.006437800009734929,
        0.007029900036286563
      ],
      "communication_sizes": [
        67108864,
        68122,
        2245191,
        67108864,
        68054,
        2245121,
        67108864,
        68081,
        2245620
      ],
      "comm_upload_sizes": [
        67108864,
        67108864,
        67108864
      ],
      "comm_query_sizes": [
        68122,
        68054,
        68081
      ],
      "comm_decrypt_sizes": [
        2245191,
        2245121,
        2245620
      ],
      "runs": [
        {
          "run_id": 0,
          "query_time": 0.11935759999323636,
          "decrypt_time": 0.006568399956449866,
          "success": true,
          "num_results": 64
        },
        {
          "run_id": 1,
          "query_time": 0.11885070003336295,
          "decrypt_time": 0.006437800009734929,
          "success": true,
          "num_results": 64
        },
        {
          "run_id": 2,
          "query_time": 0.1296800000127405,
          "decrypt_time": 0.007029900036286563,
          "success": true,
          "num_results": 64
        }
      ]
    },
    "decision_tree": {
      "encrypt_times": [
        0.4230817999923602,
        0.40387370000826195,
        0.43225640000309795
      ],
      "query_times": [
        0.039646900026127696,
        0.03036710002925247,
        0.03239109995774925
      ],
      "decrypt_times": [
        0.018374399980530143,
        0.01502200000686571,
        0.015354899980593473
      ],
      "communication_sizes": [
        67108864,
        204303,
        4345164,
        67108864,
        204391,
        4350076,
        67108864,
        204308,
        4346816
      ],
      "comm_upload_sizes": [
        67108864,
        67108864,
        67108864
      ],
      "comm_query_sizes": [
        204303,
        204391,
        204308
      ],
      "comm_decrypt_sizes": [
        4345164,
        4350076,
        4346816
      ],
      "runs": [
        {
          "run_id": 0,
          "query_time": 0.039646900026127696,
          "decrypt_time": 0.018374399980530143,
          "success": true,
          "num_results": 64
        },
        {
          "run_id": 1,
          "query_time": 0.03036710002925247,
          "decrypt_time": 0.01502200000686571,
          "success": true,
          "num_results": 64
        },
        {
          "run_id": 2,
          "query_time": 0.03239109995774925,
          "decrypt_time": 0.015354899980593473,
          "success": true,
          "num_results": 64
        }
      ]
    },
    "neural_network": {
      "encrypt_times": [
        0.4345805000048131,
        0.44690179999452084,
        0.43165360001148656
      ],
      "query_times": [
        0.07273720001103356,
        0.0726763000129722,
        0.07016780000412837
      ],
      "decrypt_times": [
        0.01649020001059398,
        0.015935299976263195,
        0.01766250003129244
      ],
      "communication_sizes": [
        67108864,
        34632759,
        4346316,
        67108864,
        34632497,
        4346223,
        67108864,
        34632295,
        4346531
      ],
      "comm_upload_sizes": [
        67108864,
        67108864,
        67108864
      ],
      "comm_query_sizes": [
        34632759,
        34632497,
        34632295
      ],
      "comm_decrypt_sizes": [
        4346316,
        4346223,
        4346531
      ],
      "runs": [
        {
          "run_id": 0,
          "query_time": 0.07273720001103356,
          "decrypt_time": 0.01649020001059398,
          "success": true,
          "num_results": 64
        },
        {
          "run_id": 1,
          "query_time": 0.0726763000129722,
          "decrypt_time": 0.015935299976263195,
          "success": true,
          "num_results": 64
        },
        {
          "run_id": 2,
          "query_time": 0.07016780000412837,
          "decrypt_time": 0.01766250003129244,
          "success": true,
          "num_results": 64
        }
      ]
    }
  },
  "summary": {
    "dot": {
      "avg_encrypt_time": 0.41810283332597464,
      "std_encrypt_time": 0.01571463317386068,
      "min_encrypt_time": 0.3972605000017211,
      "max_encrypt_time": 0.4352039999794215,
      "avg_query_time": 0.1226294333464466,
      "std_query_time": 0.00498979656427132,
      "min_query_time": 0.11885070003336295,
      "max_query_time": 0.1296800000127405,
      "avg_decrypt_time": 0.006678700000823786,
      "std_decrypt_time": 0.00025399499365443923,
      "min_decrypt_time": 0.006437800009734929,
      "max_decrypt_time": 0.007029900036286563,
      "avg_communication_size": 22598.392035590277,
      "std_communication_size": 30373.87924920015,
      "total_communication": 203385.5283203125
    },
    "decision_tree": {
      "avg_encrypt_time": 0.41973730000124004,
      "std_encrypt_time": 0.01182606372642416,
      "min_encrypt_time": 0.40387370000826195,
      "max_encrypt_time": 0.43225640000309795,
      "avg_query_time": 0.03413503333770981,
      "std_query_time": 0.003984105898927793,
      "min_query_time": 0.03036710002925247,
      "max_query_time": 0.039646900026127696,
      "avg_decrypt_time": 0.01625043332266311,
      "std_decrypt_time": 0.0015080078184866131,
      "min_decrypt_time": 0.01502200000686571,
      "max_decrypt_time": 0.018374399980530143,
      "avg_communication_size": 23327.001953125,
      "std_communication_size": 29891.938692329408,
      "total_communication": 209943.017578125
    },
    "neural_network": {
      "avg_encrypt_time": 0.4377119666702735,
      "std_encrypt_time": 0.0066071407476214206,
      "min_encrypt_time": 0.43165360001148656,
      "max_encrypt_time": 0.44690179999452084,
      "avg_query_time": 0.07186043334271137,
      "std_query_time": 0.0011971307131645997,
      "min_query_time": 0.07016780000412837,
      "max_query_time": 0.07273720001103356,
      "avg_decrypt_time": 0.01669600000604987,
      "std_decrypt_time": 0.0007199862202942909,
      "min_decrypt_time": 0.015935299976263195,
      "max_decrypt_time": 0.01766250003129244,
      "avg_communication_size": 34533.76877170139,
      "std_communication_size": 25027.232594756737,
      "total_communication": 310803.9189453125
    }
  }
}