{
  "config": {
    "N": 64,
    "n": 16,
    "num_records": 115,
    "record_dim": 32,
    "model_types": [
      "dot",
      "decision_tree",
      "neural_network"
    ],
    "policy_size": 8,
    "num_runs": 1,
    "save_results": true,
    "results_dir": "experiments/results/our_decart_star"
  },
  "models": {
    "dot": {
      "encrypt_times": [
        0.41194560000440106
      ],
      "query_times": [
        0.20342530001653358
      ],
      "decrypt_times": [
        0.011450899997726083
      ],
      "communication_sizes": [
        120586240,
        68040,
        4033956
      ],
      "comm_upload_sizes": [
        120586240
      ],
      "comm_query_sizes": [
        68040
      ],
      "comm_decrypt_sizes": [
        4033956
      ],
      "runs": [
        {
          "run_id": 0,
          "query_time": 0.20342530001653358,
          "decrypt_time": 0.011450899997726083,
          "success": true,
          "num_results": 115
        }
      ]
    },
    "decision_tree": {
      "encrypt_times": [
        0.4363727999734692
      ],
      "query_times": [
        0.20743360003689304
      ],
      "decrypt_times": [
        0.029967400012537837
      ],
      "communication_sizes": [
        120586240,
        204405,
        7809598
      ],
      "comm_upload_sizes": [
        120586240
      ],
      "comm_query_sizes": [
        204405
      ],
      "comm_decrypt_sizes": [
        7809598
      ],
      "runs": [
        {
          "run_id": 0,
          "query_time": 0.20743360003689304,
          "decrypt_time": 0.029967400012537837,
          "success": true,
          "num_results": 115
        }
      ]
    },
    "neural_network": {
      "encrypt_times": [
        0.41392119997181
      ],
      "query_times": [
        0.27194830001099035
      ],
      "decrypt_times": [
        0.029660600004717708
      ],
      "communication_sizes": [
        120586240,
        22410880,
        7809123
      ],
      "comm_upload_sizes": [
        120586240
      ],
      "comm_query_sizes": [
        22410880
      ],
      "comm_decrypt_sizes": [
        7809123
      ],
      "runs": [
        {
          "run_id": 0,
          "query_time": 0.27194830001099035,
          "decrypt_time": 0.029660600004717708,
          "success": true,
          "num_results": 115
        }
      ]
    }
  },
  "summary": {
    "dot": {
      "avg_encrypt_time": 0.41194560000440106,
      "std_encrypt_time": 0.0,
      "min_encrypt_time": 0.41194560000440106,
      "max_encrypt_time": 0.41194560000440106,
      "avg_query_time": 0.20342530001653358,
      "std_query_time": 0.0,
      "min_query_time": 0.20342530001653358,
      "max_query_time": 0.20342530001653358,
      "avg_decrypt_time": 0.011450899997726083,
      "std_decrypt_time": 0.0,
      "min_decrypt_time": 0.011450899997726083,
      "max_decrypt_time": 0.011450899997726083,
      "avg_communication_size": 40588.618489583336,
      "std_communication_size": 54591.30918220067,
      "total_communication": 121765.85546875
    },
    "decision_tree": {
      "avg_encrypt_time": 0.4363727999734692,
      "std_encrypt_time": 0.0,
      "min_encrypt_time": 0.4363727999734692,
      "max_encrypt_time": 0.4363727999734692,
      "avg_query_time": 0.20743360003689304,
      "std_query_time": 0.0,
      "min_query_time": 0.20743360003689304,
      "max_query_time": 0.20743360003689304,
      "avg_decrypt_time": 0.029967400012537837,
      "std_decrypt_time": 0.0,
      "min_decrypt_time": 0.029967400012537837,
      "max_decrypt_time": 0.029967400012537837,
      "avg_communication_size": 41862.058268229164,
      "std_communication_size": 53753.530439929345,
      "total_communication": 125586.1748046875
    },
    "neural_network": {
      "avg_encrypt_time": 0.41392119997181,
      "std_encrypt_time": 0.0,
      "min_encrypt_time": 0.41392119997181,
      "max_encrypt_time": 0.41392119997181,
      "avg_query_time": 0.27194830001099035,
      "std_query_time": 0.0,
      "min_query_time": 0.27194830001099035,
      "max_query_time": 0.27194830001099035,
      "avg_decrypt_time": 0.029660600004717708,
      "std_decrypt_time": 0.0,
      "min_decrypt_time": 0.029660600004717708,
      "max_decrypt_time": 0.029660600004717708,
      "avg_communication_size": 49090.573893229164,
      "std_communication_size": 48904.335856543395,
      "total_communication": 147271.7216796875
    }
  }
}