{
  "config": {
    "N": 64,
    "n": 16,
    "num_records": 210,
    "record_dim": 50,
    "model_types": [
      "dot",
      "decision_tree",
      "neural_network"
    ],
    "policy_size": 8,
    "num_runs": 1,
    "save_results": true,
    "results_dir": "experiments/results/our_decart_star"
  },
  "models": {
    "dot": {
      "encrypt_times": [
        0.6044469999615103
      ],
      "query_times": [
        0.7069148000446148
      ],
      "decrypt_times": [
        0.021810200007166713
      ],
      "communication_sizes": [
        220200960,
        68146,
        7366681
      ],
      "comm_upload_sizes": [
        220200960
      ],
      "comm_query_sizes": [
        68146
      ],
      "comm_decrypt_sizes": [
        7366681
      ],
      "runs": [
        {
          "run_id": 0,
          "query_time": 0.7069148000446148,
          "decrypt_time": 0.021810200007166713,
          "success": true,
          "num_results": 210
        }
      ]
    },
    "decision_tree": {
      "encrypt_times": [
        0.6120885999989696
      ],
      "query_times": [
        0.41379580000648275
      ],
      "decrypt_times": [
        0.056414099992252886
      ],
      "communication_sizes": [
        220200960,
        204365,
        14261672
      ],
      "comm_upload_sizes": [
        220200960
      ],
      "comm_query_sizes": [
        204365
      ],
      "comm_decrypt_sizes": [
        14261672
      ],
      "runs": [
        {
          "run_id": 0,
          "query_time": 0.41379580000648275,
          "decrypt_time": 0.056414099992252886,
          "success": true,
          "num_results": 210
        }
      ]
    },
    "neural_network": {
      "encrypt_times": [
        0.5831197000225075
      ],
      "query_times": [
        0.46383500000229105
      ],
      "decrypt_times": [
        0.05542859999695793
      ],
      "communication_sizes": [
        220200960,
        34631660,
        14261368
      ],
      "comm_upload_sizes": [
        220200960
      ],
      "comm_query_sizes": [
        34631660
      ],
      "comm_decrypt_sizes": [
        14261368
      ],
      "runs": [
        {
          "run_id": 0,
          "query_time": 0.46383500000229105,
          "decrypt_time": 0.05542859999695793,
          "success": true,
          "num_results": 210
        }
      ]
    }
  },
  "summary": {
    "dot": {
      "avg_encrypt_time": 0.6044469999615103,
      "std_encrypt_time": 0.0,
      "min_encrypt_time": 0.6044469999615103,
      "max_encrypt_time": 0.6044469999615103,
      "avg_query_time": 0.7069148000446148,
      "std_query_time": 0.0,
      "min_query_time": 0.7069148000446148,
      "max_query_time": 0.7069148000446148,
      "avg_decrypt_time": 0.021810200007166713,
      "std_decrypt_time": 0.0,
      "min_decrypt_time": 0.021810200007166713,
      "max_decrypt_time": 0.021810200007166713,
      "avg_communication_size": 74100.19108072917,
      "std_communication_size": 99701.96430932697,
      "total_communication": 222300.5732421875
    },
    "decision_tree": {
      "avg_encrypt_time": 0.6120885999989696,
      "std_encrypt_time": 0.0,
      "min_encrypt_time": 0.6120885999989696,
      "max_encrypt_time": 0.6120885999989696,
      "avg_query_time": 0.41379580000648275,
      "std_query_time": 0.0,
      "min_query_time": 0.41379580000648275,
      "max_query_time": 0.41379580000648275,
      "avg_decrypt_time": 0.056414099992252886,
      "std_decrypt_time": 0.0,
      "min_decrypt_time": 0.056414099992252886,
      "max_decrypt_time": 0.056414099992252886,
      "avg_communication_size": 76388.99641927083,
      "std_communication_size": 98201.1167127557,
      "total_communication": 229166.9892578125
    },
    "neural_network": {
      "avg_encrypt_time": 0.5831197000225075,
      "std_encrypt_time": 0.0,
      "min_encrypt_time": 0.5831197000225075,
      "max_encrypt_time": 0.5831197000225075,
      "avg_query_time": 0.46383500000229105,
      "std_query_time": 0.0,
      "min_query_time": 0.46383500000229105,
      "max_query_time": 0.46383500000229105,
      "avg_decrypt_time": 0.05542859999695793,
      "std_decrypt_time": 0.0,
      "min_decrypt_time": 0.05542859999695793,
      "max_decrypt_time": 0.05542859999695793,
      "avg_communication_size": 87595.69921875,
      "std_communication_size": 90481.92767471273,
      "total_communication": 262787.09765625
    }
  }
}