{
  "config": {
    "N": 64,
    "n": 16,
    "num_records": 32,
    "record_dim": 32,
    "model_types": [
      "dot",
      "decision_tree",
      "neural_network"
    ],
    "policy_size": 10,
    "num_runs": 3,
    "save_results": true,
    "results_dir": "experiments/results/our_decart_star"
  },
  "models": {
    "dot": {
      "encrypt_times": [
        0.35978289996273816,
        0.4013528000214137,
        0.3593129999935627
      ],
      "query_times": [
        0.05288550001569092,
        0.05570949998218566,
        0.052098600019235164
      ],
      "decrypt_times": [
        0.0032783999922685325,
        0.0035607999889180064,
        0.00416930002393201
      ],
      "communication_sizes": [
        33554432,
        68108,
        1122852,
        33554432,
        68106,
        1122368,
        33554432,
        68065,
        1122814
      ],
      "comm_upload_sizes": [
        33554432,
        33554432,
        33554432
      ],
      "comm_query_sizes": [
        68108,
        68106,
        68065
      ],
      "comm_decrypt_sizes": [
        1122852,
        1122368,
        1122814
      ],
      "runs": [
        {
          "run_id": 0,
          "query_time": 0.05288550001569092,
          "decrypt_time": 0.0032783999922685325,
          "success": true,
          "num_results": 32
        },
        {
          "run_id": 1,
          "query_time": 0.05570949998218566,
          "decrypt_time": 0.0035607999889180064,
          "success": true,
          "num_results": 32
        },
        {
          "run_id": 2,
          "query_time": 0.052098600019235164,
          "decrypt_time": 0.00416930002393201,
          "success": true,
          "num_results": 32
        }
      ]
    },
    "decision_tree": {
      "encrypt_times": [
        0.3733168999897316,
        0.37532689998624846,
        0.3852560000377707
      ],
      "query_times": [
        0.01608129998203367,
        0.015655600000172853,
        0.01612610003212467
      ],
      "decrypt_times": [
        0.007770699972752482,
        0.00784520001616329,
        0.009928500046953559
      ],
      "communication_sizes": [
        33554432,
        204270,
        2174168,
        33554432,
        204378,
        2174188,
        33554432,
        204282,
        2173236
      ],
      "comm_upload_sizes": [
        33554432,
        33554432,
        33554432
      ],
      "comm_query_sizes": [
        204270,
        204378,
        204282
      ],
      "comm_decrypt_sizes": [
        2174168,
        2174188,
        2173236
      ],
      "runs": [
        {
          "run_id": 0,
          "query_time": 0.01608129998203367,
          "decrypt_time": 0.007770699972752482,
          "success": true,
          "num_results": 32
        },
        {
          "run_id": 1,
          "query_time": 0.015655600000172853,
          "decrypt_time": 0.00784520001616329,
          "success": true,
          "num_results": 32
        },
        {
          "run_id": 2,
          "query_time": 0.01612610003212467,
          "decrypt_time": 0.009928500046953559,
          "success": true,
          "num_results": 32
        }
      ]
    },
    "neural_network": {
      "encrypt_times": [
        0.36119620001409203,
        0.3957137000397779,
        0.3876416999846697
      ],
      "query_times": [
        0.03567990002920851,
        0.037377199972979724,
        0.03812769998330623
      ],
      "decrypt_times": [
        0.00871019996702671,
        0.008796899986919016,
        0.008053399971686304
      ],
      "communication_sizes": [
        33554432,
        22409780,
        2173321,
        33554432,
        22409534,
        2173350,
        33554432,
        22409848,
        2173164
      ],
      "comm_upload_sizes": [
        33554432,
        33554432,
        33554432
      ],
      "comm_query_sizes": [
        22409780,
        22409534,
        22409848
      ],
      "comm_decrypt_sizes": [
        2173321,
        2173350,
        2173164
      ],
      "runs": [
        {
          "run_id": 0,
          "query_time": 0.03567990002920851,
          "decrypt_time": 0.00871019996702671,
          "success": true,
          "num_results": 32
        },
        {
          "run_id": 1,
          "query_time": 0.037377199972979724,
          "decrypt_time": 0.008796899986919016,
          "success": true,
          "num_results": 32
        },
        {
          "run_id": 2,
          "query_time": 0.03812769998330623,
          "decrypt_time": 0.008053399971686304,
          "success": true,
          "num_results": 32
        }
      ]
    }
  },
  "summary": {
    "dot": {
      "avg_encrypt_time": 0.3734828999925715,
      "std_encrypt_time": 0.019707928983169882,
      "min_encrypt_time": 0.3593129999935627,
      "max_encrypt_time": 0.4013528000214137,
      "avg_query_time": 0.05356453333903725,
      "std_query_time": 0.0015503686284816362,
      "min_query_time": 0.052098600019235164,
      "max_query_time": 0.05570949998218566,
      "avg_decrypt_time": 0.003669500001706183,
      "std_decrypt_time": 0.0003717413851856409,
      "min_decrypt_time": 0.0032783999922685325,
      "max_decrypt_time": 0.00416930002393201,
      "avg_communication_size": 11310.287434895834,
      "std_communication_size": 15178.718183189323,
      "total_communication": 101792.5869140625
    },
    "decision_tree": {
      "avg_encrypt_time": 0.3779666000045836,
      "std_encrypt_time": 0.005219293670563143,
      "min_encrypt_time": 0.3733168999897316,
      "max_encrypt_time": 0.3852560000377707,
      "avg_query_time": 0.0159543333381104,
      "std_query_time": 0.0002120266752376833,
      "min_query_time": 0.015655600000172853,
      "max_query_time": 0.01612610003212467,
      "avg_decrypt_time": 0.008514800011956444,
      "std_decrypt_time": 0.0010000994636635524,
      "min_decrypt_time": 0.007770699972752482,
      "max_decrypt_time": 0.009928500046953559,
      "avg_communication_size": 11696.811848958334,
      "std_communication_size": 14920.256642565273,
      "total_communication": 105271.306640625
    },
    "neural_network": {
      "avg_encrypt_time": 0.38151720001284656,
      "std_encrypt_time": 0.014742152193273374,
      "min_encrypt_time": 0.36119620001409203,
      "max_encrypt_time": 0.3957137000397779,
      "avg_query_time": 0.03706159999516482,
      "std_query_time": 0.0010239250178659806,
      "min_query_time": 0.03567990002920851,
      "max_query_time": 0.03812769998330623,
      "avg_decrypt_time": 0.008520166641877344,
      "std_decrypt_time": 0.00033194634773635193,
      "min_decrypt_time": 0.008053399971686304,
      "max_decrypt_time": 0.008796899986919016,
      "avg_communication_size": 18924.944986979168,
      "std_communication_size": 12684.853942502064,
      "total_communication": 170324.5048828125
    }
  }
}