{
  "config": {
    "N": 64,
    "n": 16,
    "num_records": 16,
    "record_dim": 32,
    "model_types": [
      "dot",
      "decision_tree",
      "neural_network"
    ],
    "policy_size": 8,
    "num_runs": 2,
    "save_results": true,
    "results_dir": "experiments/results/our_decart_star"
  },
  "models": {
    "dot": {
      "encrypt_times": [
        0.28708239999832585,
        0.2999187000095844
      ],
      "query_times": [
        0.02544789999956265,
        0.02885419997619465
      ],
      "decrypt_times": [
        0.0018477999838069081,
        0.001881200005300343
      ],
      "communication_sizes": [
        16777216,
        68143,
        561242,
        16777216,
        68120,
        561276
      ],
      "comm_upload_sizes": [
        16777216,
        16777216
      ],
      "comm_query_sizes": [
        68143,
        68120
      ],
      "comm_decrypt_sizes": [
        561242,
        561276
      ],
      "runs": [
        {
          "run_id": 0,
          "query_time": 0.02544789999956265,
          "decrypt_time": 0.0018477999838069081,
          "success": true,
          "num_results": 16
        },
        {
          "run_id": 1,
          "query_time": 0.02885419997619465,
          "decrypt_time": 0.001881200005300343,
          "success": true,
          "num_results": 16
        }
      ]
    },
    "decision_tree": {
      "encrypt_times": [
        0.292737300042063,
        0.309021599998232
      ],
      "query_times": [
        0.028378000017255545,
        0.028800600033719093
      ],
      "decrypt_times": [
        0.004030500014778227,
        0.0041223999578505754
      ],
      "communication_sizes": [
        16777216,
        204278,
        1086722,
        16777216,
        204277,
        1086732
      ],
      "comm_upload_sizes": [
        16777216,
        16777216
      ],
      "comm_query_sizes": [
        204278,
        204277
      ],
      "comm_decrypt_sizes": [
        1086722,
        1086732
      ],
      "runs": [
        {
          "run_id": 0,
          "query_time": 0.028378000017255545,
          "decrypt_time": 0.004030500014778227,
          "success": true,
          "num_results": 16
        },
        {
          "run_id": 1,
          "query_time": 0.028800600033719093,
          "decrypt_time": 0.0041223999578505754,
          "success": true,
          "num_results": 16
        }
      ]
    },
    "neural_network": {
      "encrypt_times": [
        0.29204830003436655,
        0.29158419999293983
      ],
      "query_times": [
        0.10392569995019585,
        0.10458700003800914
      ],
      "decrypt_times": [
        0.005342399992514402,
        0.007417900022119284
      ],
      "communication_sizes": [
        16777216,
        22409795,
        1086655,
        16777216,
        22409807,
        1086721
      ],
      "comm_upload_sizes": [
        16777216,
        16777216
      ],
      "comm_query_sizes": [
        22409795,
        22409807
      ],
      "comm_decrypt_sizes": [
        1086655,
        1086721
      ],
      "runs": [
        {
          "run_id": 0,
          "query_time": 0.10392569995019585,
          "decrypt_time": 0.005342399992514402,
          "success": true,
          "num_results": 16
        },
        {
          "run_id": 1,
          "query_time": 0.10458700003800914,
          "decrypt_time": 0.007417900022119284,
          "success": true,
          "num_results": 16
        }
      ]
    }
  },
  "summary": {
    "dot": {
      "avg_encrypt_time": 0.29350055000395514,
      "std_encrypt_time": 0.006418150005629286,
      "min_encrypt_time": 0.28708239999832585,
      "max_encrypt_time": 0.2999187000095844,
      "avg_query_time": 0.02715104998787865,
      "std_query_time": 0.0017031499883159995,
      "min_query_time": 0.02544789999956265,
      "max_query_time": 0.02885419997619465,
      "avg_decrypt_time": 0.0018644999945536256,
      "std_decrypt_time": 1.6700010746717453e-05,
      "min_decrypt_time": 0.0018477999838069081,
      "max_decrypt_time": 0.001881200005300343,
      "avg_communication_size": 5666.213053385417,
      "std_communication_size": 7581.169441401806,
      "total_communication": 33997.2783203125
    },
    "decision_tree": {
      "avg_encrypt_time": 0.3008794500201475,
      "std_encrypt_time": 0.00814214997808449,
      "min_encrypt_time": 0.292737300042063,
      "max_encrypt_time": 0.309021599998232,
      "avg_query_time": 0.02858930002548732,
      "std_query_time": 0.00021130000823177397,
      "min_query_time": 0.028378000017255545,
      "max_query_time": 0.028800600033719093,
      "avg_decrypt_time": 0.004076449986314401,
      "std_decrypt_time": 4.5949971536174417e-05,
      "min_decrypt_time": 0.004030500014778227,
      "max_decrypt_time": 0.0041223999578505754,
      "avg_communication_size": 5881.582194010417,
      "std_communication_size": 7434.659618210361,
      "total_communication": 35289.4931640625
    },
    "neural_network": {
      "avg_encrypt_time": 0.2918162500136532,
      "std_encrypt_time": 0.00023205002071335912,
      "min_encrypt_time": 0.29158419999293983,
      "max_encrypt_time": 0.29204830003436655,
      "avg_query_time": 0.10425634999410249,
      "std_query_time": 0.000330650043906644,
      "min_query_time": 0.10392569995019585,
      "max_query_time": 0.10458700003800914,
      "avg_decrypt_time": 0.006380150007316843,
      "std_decrypt_time": 0.001037750014802441,
      "min_decrypt_time": 0.005342399992514402,
      "max_decrypt_time": 0.007417900022119284,
      "avg_communication_size": 13109.930013020834,
      "std_communication_size": 8810.700064950757,
      "total_communication": 78659.580078125
    }
  }
}