{
  "config": {
    "N": 64,
    "n": 16,
    "num_records": 512,
    "record_dim": 4,
    "model_types": [
      "dot",
      "decision_tree",
      "neural_network"
    ],
    "policy_size": 8,
    "num_runs": 1,
    "save_results": true,
    "results_dir": "experiments/results/our_decart_star"
  },
  "models": {
    "dot": {
      "encrypt_times": [
        0.931665200041607
      ],
      "query_times": [
        0.6371287000365555
      ],
      "decrypt_times": [
        0.06172100000549108
      ],
      "communication_sizes": [
        536870912,
        68112,
        17959108
      ],
      "comm_upload_sizes": [
        536870912
      ],
      "comm_query_sizes": [
        68112
      ],
      "comm_decrypt_sizes": [
        17959108
      ],
      "runs": [
        {
          "run_id": 0,
          "query_time": 0.6371287000365555,
          "decrypt_time": 0.06172100000549108,
          "success": true,
          "num_results": 512
        }
      ]
    },
    "decision_tree": {
      "encrypt_times": [
        0.9637852999730967
      ],
      "query_times": [
        1.0196552999550477
      ],
      "decrypt_times": [
        0.13525540003320202
      ],
      "communication_sizes": [
        536870912,
        204255,
        34767469
      ],
      "comm_upload_sizes": [
        536870912
      ],
      "comm_query_sizes": [
        204255
      ],
      "comm_decrypt_sizes": [
        34767469
      ],
      "runs": [
        {
          "run_id": 0,
          "query_time": 1.0196552999550477,
          "decrypt_time": 0.13525540003320202,
          "success": true,
          "num_results": 512
        }
      ]
    },
    "neural_network": {
      "encrypt_times": [
        0.8832861999981105
      ],
      "query_times": [
        0.8303764999727719
      ],
      "decrypt_times": [
        0.16813089995412156
      ],
      "communication_sizes": [
        536870912,
        3396121,
        34767185
      ],
      "comm_upload_sizes": [
        536870912
      ],
      "comm_query_sizes": [
        3396121
      ],
      "comm_decrypt_sizes": [
        34767185
      ],
      "runs": [
        {
          "run_id": 0,
          "query_time": 0.8303764999727719,
          "decrypt_time": 0.16813089995412156,
          "success": true,
          "num_results": 512
        }
      ]
    }
  },
  "summary": {
    "dot": {
      "avg_encrypt_time": 0.931665200041607,
      "std_encrypt_time": 0.0,
      "min_encrypt_time": 0.931665200041607,
      "max_encrypt_time": 0.931665200041607,
      "avg_query_time": 0.6371287000365555,
      "std_query_time": 0.0,
      "min_query_time": 0.6371287000365555,
      "max_query_time": 0.6371287000365555,
      "avg_decrypt_time": 0.06172100000549108,
      "std_decrypt_time": 0.0,
      "min_decrypt_time": 0.06172100000549108,
      "max_decrypt_time": 0.06172100000549108,
      "avg_communication_size": 180630.90234375,
      "std_communication_size": 243106.9249538692,
      "total_communication": 541892.70703125
    },
    "decision_tree": {
      "avg_encrypt_time": 0.9637852999730967,
      "std_encrypt_time": 0.0,
      "min_encrypt_time": 0.9637852999730967,
      "max_encrypt_time": 0.9637852999730967,
      "avg_query_time": 1.0196552999550477,
      "std_query_time": 0.0,
      "min_query_time": 1.0196552999550477,
      "max_query_time": 1.0196552999550477,
      "avg_decrypt_time": 0.13525540003320202,
      "std_decrypt_time": 0.0,
      "min_decrypt_time": 0.13525540003320202,
      "max_decrypt_time": 0.13525540003320202,
      "avg_communication_size": 186146.69140625,
      "std_communication_size": 239498.75020644118,
      "total_communication": 558440.07421875
    },
    "neural_network": {
      "avg_encrypt_time": 0.8832861999981105,
      "std_encrypt_time": 0.0,
      "min_encrypt_time": 0.8832861999981105,
      "max_encrypt_time": 0.8832861999981105,
      "avg_query_time": 0.8303764999727719,
      "std_query_time": 0.0,
      "min_query_time": 0.8303764999727719,
      "max_query_time": 0.8303764999727719,
      "avg_decrypt_time": 0.16813089995412156,
      "std_decrypt_time": 0.0,
      "min_decrypt_time": 0.16813089995412156,
      "max_decrypt_time": 0.16813089995412156,
      "avg_communication_size": 187185.61783854166,
      "std_communication_size": 238695.2732061112,
      "total_communication": 561556.853515625
    }
  }
}