{
  "config": {
    "N": 64,
    "n": 16,
    "num_records": 300,
    "record_dim": 256,
    "model_types": [
      "dot",
      "decision_tree",
      "neural_network"
    ],
    "policy_size": 8,
    "num_runs": 1,
    "save_results": true,
    "results_dir": "experiments/results/our_decart_star"
  },
  "models": {
    "dot": {
      "encrypt_times": [
        0.7846674000029452
      ],
      "query_times": [
        0.7952218999853358
      ],
      "decrypt_times": [
        0.03820459998678416
      ],
      "communication_sizes": [
        314572800,
        68036,
        10522891
      ],
      "comm_upload_sizes": [
        314572800
      ],
      "comm_query_sizes": [
        68036
      ],
      "comm_decrypt_sizes": [
        10522891
      ],
      "runs": [
        {
          "run_id": 0,
          "query_time": 0.7952218999853358,
          "decrypt_time": 0.03820459998678416,
          "success": true,
          "num_results": 300
        }
      ]
    },
    "decision_tree": {
      "encrypt_times": [
        0.7583318999968469
      ],
      "query_times": [
        0.6040258000139147
      ],
      "decrypt_times": [
        0.07929829997010529
      ],
      "communication_sizes": [
        314572800,
        204295,
        20371860
      ],
      "comm_upload_sizes": [
        314572800
      ],
      "comm_query_sizes": [
        204295
      ],
      "comm_decrypt_sizes": [
        20371860
      ],
      "runs": [
        {
          "run_id": 0,
          "query_time": 0.6040258000139147,
          "decrypt_time": 0.07929829997010529,
          "success": true,
          "num_results": 300
        }
      ]
    },
    "neural_network": {
      "encrypt_times": [
        0.7427014999557287
      ],
      "query_times": [
        0.6517629000009038
      ],
      "decrypt_times": [
        0.0832428999710828
      ],
      "communication_sizes": [
        314572800,
        34632868,
        20372461
      ],
      "comm_upload_sizes": [
        314572800
      ],
      "comm_query_sizes": [
        34632868
      ],
      "comm_decrypt_sizes": [
        20372461
      ],
      "runs": [
        {
          "run_id": 0,
          "query_time": 0.6517629000009038,
          "decrypt_time": 0.0832428999710828,
          "success": true,
          "num_results": 300
        }
      ]
    }
  },
  "summary": {
    "dot": {
      "avg_encrypt_time": 0.7846674000029452,
      "std_encrypt_time": 0.0,
      "min_encrypt_time": 0.7846674000029452,
      "max_encrypt_time": 0.7846674000029452,
      "avg_query_time": 0.7952218999853358,
      "std_query_time": 0.0,
      "min_query_time": 0.7952218999853358,
      "max_query_time": 0.7952218999853358,
      "avg_decrypt_time": 0.03820459998678416,
      "std_decrypt_time": 0.0,
      "min_decrypt_time": 0.03820459998678416,
      "max_decrypt_time": 0.03820459998678416,
      "avg_communication_size": 105847.5673828125,
      "std_communication_size": 142438.66912549274,
      "total_communication": 317542.7021484375
    },
    "decision_tree": {
      "avg_encrypt_time": 0.7583318999968469,
      "std_encrypt_time": 0.0,
      "min_encrypt_time": 0.7583318999968469,
      "max_encrypt_time": 0.7583318999968469,
      "avg_query_time": 0.6040258000139147,
      "std_query_time": 0.0,
      "min_query_time": 0.6040258000139147,
      "max_query_time": 0.6040258000139147,
      "avg_decrypt_time": 0.07929829997010529,
      "std_decrypt_time": 0.0,
      "min_decrypt_time": 0.07929829997010529,
      "max_decrypt_time": 0.07929829997010529,
      "avg_communication_size": 109097.96712239583,
      "std_communication_size": 140309.85644402006,
      "total_communication": 327293.9013671875
    },
    "neural_network": {
      "avg_encrypt_time": 0.7427014999557287,
      "std_encrypt_time": 0.0,
      "min_encrypt_time": 0.7427014999557287,
      "max_encrypt_time": 0.7427014999557287,
      "avg_query_time": 0.6517629000009038,
      "std_query_time": 0.0,
      "min_query_time": 0.6517629000009038,
      "max_query_time": 0.6517629000009038,
      "avg_decrypt_time": 0.0832428999710828,
      "std_decrypt_time": 0.0,
      "min_decrypt_time": 0.0832428999710828,
      "max_decrypt_time": 0.0832428999710828,
      "avg_communication_size": 120305.38053385417,
      "std_communication_size": 132276.6890585005,
      "total_communication": 360916.1416015625
    }
  }
}