{
  "config": {
    "N": 64,
    "n": 16,
    "num_records": 170,
    "record_dim": 128,
    "model_types": [
      "dot",
      "decision_tree",
      "neural_network"
    ],
    "policy_size": 8,
    "num_runs": 1,
    "save_results": true,
    "results_dir": "experiments/results/our_decart_star"
  },
  "models": {
    "dot": {
      "encrypt_times": [
        0.6365435000043362
      ],
      "query_times": [
        0.4403399000293575
      ],
      "decrypt_times": [
        0.023083200037945062
      ],
      "communication_sizes": [
        178257920,
        68093,
        5963820
      ],
      "comm_upload_sizes": [
        178257920
      ],
      "comm_query_sizes": [
        68093
      ],
      "comm_decrypt_sizes": [
        5963820
      ],
      "runs": [
        {
          "run_id": 0,
          "query_time": 0.4403399000293575,
          "decrypt_time": 0.023083200037945062,
          "success": true,
          "num_results": 170
        }
      ]
    },
    "decision_tree": {
      "encrypt_times": [
        0.6590276000206359
      ],
      "query_times": [
        0.3792331999866292
      ],
      "decrypt_times": [
        0.04658449999988079
      ],
      "communication_sizes": [
        178257920,
        204272,
        11543378
      ],
      "comm_upload_sizes": [
        178257920
      ],
      "comm_query_sizes": [
        204272
      ],
      "comm_decrypt_sizes": [
        11543378
      ],
      "runs": [
        {
          "run_id": 0,
          "query_time": 0.3792331999866292,
          "decrypt_time": 0.04658449999988079,
          "success": true,
          "num_results": 170
        }
      ]
    },
    "neural_network": {
      "encrypt_times": [
        0.5746601999853738
      ],
      "query_times": [
        0.43180119997123256
      ],
      "decrypt_times": [
        0.04638729995349422
      ],
      "communication_sizes": [
        178257920,
        34632046,
        11543980
      ],
      "comm_upload_sizes": [
        178257920
      ],
      "comm_query_sizes": [
        34632046
      ],
      "comm_decrypt_sizes": [
        11543980
      ],
      "runs": [
        {
          "run_id": 0,
          "query_time": 0.43180119997123256,
          "decrypt_time": 0.04638729995349422,
          "success": true,
          "num_results": 170
        }
      ]
    }
  },
  "summary": {
    "dot": {
      "avg_encrypt_time": 0.6365435000043362,
      "std_encrypt_time": 0.0,
      "min_encrypt_time": 0.6365435000043362,
      "max_encrypt_time": 0.6365435000043362,
      "avg_query_time": 0.4403399000293575,
      "std_query_time": 0.0,
      "min_query_time": 0.4403399000293575,
      "max_query_time": 0.4403399000293575,
      "avg_decrypt_time": 0.023083200037945062,
      "std_decrypt_time": 0.0,
      "min_decrypt_time": 0.023083200037945062,
      "max_decrypt_time": 0.023083200037945062,
      "avg_communication_size": 59990.180013020836,
      "std_communication_size": 80707.92031430015,
      "total_communication": 179970.5400390625
    },
    "decision_tree": {
      "avg_encrypt_time": 0.6590276000206359,
      "std_encrypt_time": 0.0,
      "min_encrypt_time": 0.6590276000206359,
      "max_encrypt_time": 0.6590276000206359,
      "avg_query_time": 0.3792331999866292,
      "std_query_time": 0.0,
      "min_query_time": 0.3792331999866292,
      "max_query_time": 0.3792331999866292,
      "avg_decrypt_time": 0.04658449999988079,
      "std_decrypt_time": 0.0,
      "min_decrypt_time": 0.04658449999988079,
      "max_decrypt_time": 0.04658449999988079,
      "avg_communication_size": 61850.771484375,
      "std_communication_size": 79486.70558097336,
      "total_communication": 185552.314453125
    },
    "neural_network": {
      "avg_encrypt_time": 0.5746601999853738,
      "std_encrypt_time": 0.0,
      "min_encrypt_time": 0.5746601999853738,
      "max_encrypt_time": 0.5746601999853738,
      "avg_query_time": 0.43180119997123256,
      "std_query_time": 0.0,
      "min_query_time": 0.43180119997123256,
      "max_query_time": 0.43180119997123256,
      "avg_decrypt_time": 0.04638729995349422,
      "std_decrypt_time": 0.0,
      "min_decrypt_time": 0.04638729995349422,
      "max_decrypt_time": 0.04638729995349422,
      "avg_communication_size": 73057.92513020833,
      "std_communication_size": 72024.00446112423,
      "total_communication": 219173.775390625
    }
  }
}