{
  "config": {
    "N": 64,
    "n": 16,
    "num_records": 300,
    "record_dim": 32,
    "model_types": [
      "dot",
      "decision_tree",
      "neural_network"
    ],
    "policy_size": 8,
    "num_runs": 1,
    "save_results": true,
    "results_dir": "experiments/results/our_decart_star"
  },
  "models": {
    "dot": {
      "encrypt_times": [
        0.624030499951914
      ],
      "query_times": [
        0.5350727000040933
      ],
      "decrypt_times": [
        0.031994500022847205
      ],
      "communication_sizes": [
        314572800,
        68180,
        10523467
      ],
      "comm_upload_sizes": [
        314572800
      ],
      "comm_query_sizes": [
        68180
      ],
      "comm_decrypt_sizes": [
        10523467
      ],
      "runs": [
        {
          "run_id": 0,
          "query_time": 0.5350727000040933,
          "decrypt_time": 0.031994500022847205,
          "success": true,
          "num_results": 300
        }
      ]
    },
    "decision_tree": {
      "encrypt_times": [
        0.6476999000296928
      ],
      "query_times": [
        0.577385000011418
      ],
      "decrypt_times": [
        0.07608590001473203
      ],
      "communication_sizes": [
        314572800,
        204271,
        20371785
      ],
      "comm_upload_sizes": [
        314572800
      ],
      "comm_query_sizes": [
        204271
      ],
      "comm_decrypt_sizes": [
        20371785
      ],
      "runs": [
        {
          "run_id": 0,
          "query_time": 0.577385000011418,
          "decrypt_time": 0.07608590001473203,
          "success": true,
          "num_results": 300
        }
      ]
    },
    "neural_network": {
      "encrypt_times": [
        0.6456233999924734
      ],
      "query_times": [
        0.5463467999943532
      ],
      "decrypt_times": [
        0.07336199999554083
      ],
      "communication_sizes": [
        314572800,
        22408963,
        20371653
      ],
      "comm_upload_sizes": [
        314572800
      ],
      "comm_query_sizes": [
        22408963
      ],
      "comm_decrypt_sizes": [
        20371653
      ],
      "runs": [
        {
          "run_id": 0,
          "query_time": 0.5463467999943532,
          "decrypt_time": 0.07336199999554083,
          "success": true,
          "num_results": 300
        }
      ]
    }
  },
  "summary": {
    "dot": {
      "avg_encrypt_time": 0.624030499951914,
      "std_encrypt_time": 0.0,
      "min_encrypt_time": 0.624030499951914,
      "max_encrypt_time": 0.624030499951914,
      "avg_query_time": 0.5350727000040933,
      "std_query_time": 0.0,
      "min_query_time": 0.5350727000040933,
      "max_query_time": 0.5350727000040933,
      "avg_decrypt_time": 0.031994500022847205,
      "std_decrypt_time": 0.0,
      "min_decrypt_time": 0.031994500022847205,
      "max_decrypt_time": 0.031994500022847205,
      "avg_communication_size": 105847.8017578125,
      "std_communication_size": 142438.50850833202,
      "total_communication": 317543.4052734375
    },
    "decision_tree": {
      "avg_encrypt_time": 0.6476999000296928,
      "std_encrypt_time": 0.0,
      "min_encrypt_time": 0.6476999000296928,
      "max_encrypt_time": 0.6476999000296928,
      "avg_query_time": 0.577385000011418,
      "std_query_time": 0.0,
      "min_query_time": 0.577385000011418,
      "max_query_time": 0.577385000011418,
      "avg_decrypt_time": 0.07608590001473203,
      "std_decrypt_time": 0.0,
      "min_decrypt_time": 0.07608590001473203,
      "max_decrypt_time": 0.07608590001473203,
      "avg_communication_size": 109097.93489583333,
      "std_communication_size": 140309.87802904,
      "total_communication": 327293.8046875
    },
    "neural_network": {
      "avg_encrypt_time": 0.6456233999924734,
      "std_encrypt_time": 0.0,
      "min_encrypt_time": 0.6456233999924734,
      "max_encrypt_time": 0.6456233999924734,
      "avg_query_time": 0.5463467999943532,
      "std_query_time": 0.0,
      "min_query_time": 0.5463467999943532,
      "max_query_time": 0.5463467999943532,
      "avg_decrypt_time": 0.07336199999554083,
      "std_decrypt_time": 0.0,
      "min_decrypt_time": 0.07336199999554083,
      "max_decrypt_time": 0.07336199999554083,
      "avg_communication_size": 116325.98177083333,
      "std_communication_size": 134970.75662034747,
      "total_communication": 348977.9453125
    }
  }
}