{
  "config": {
    "N": 64,
    "n": 16,
    "num_records": 170,
    "record_dim": 128,
    "model_types": [
      "dot",
      "decision_tree",
      "neural_network"
    ],
    "policy_size": 8,
    "num_runs": 1,
    "save_results": true,
    "results_dir": "experiments/results/scheme3_offline"
  },
  "models": {
    "dot": {
      "encrypt_times": [
        0.2281656000413932,
        0.001682699949014932
      ],
      "query_times": [
        0.4083581999875605
      ],
      "decrypt_times": [
        0.01743399997940287
      ],
      "check_times": [
        1e-06
      ],
      "communication_sizes": [
        178257920,
        68105,
        5962940
      ],
      "comm_upload_sizes": [
        178257920
      ],
      "comm_query_sizes": [
        68105
      ],
      "comm_decrypt_sizes": [
        5962940
      ],
      "runs": [
        {
          "run_id": 0,
          "query_time": 0.4083581999875605,
          "decrypt_time": 0.01743399997940287,
          "check_time": 1e-06,
          "success": true,
          "num_results": 170
        }
      ]
    },
    "decision_tree": {
      "encrypt_times": [
        0.20567789999768138,
        0.0014551000203937292
      ],
      "query_times": [
        0.25331759999971837
      ],
      "decrypt_times": [
        0.04711490002227947
      ],
      "check_times": [
        1e-06
      ],
      "communication_sizes": [
        178257920,
        68097,
        11544419
      ],
      "comm_upload_sizes": [
        178257920
      ],
      "comm_query_sizes": [
        68097
      ],
      "comm_decrypt_sizes": [
        11544419
      ],
      "runs": [
        {
          "run_id": 0,
          "query_time": 0.25331759999971837,
          "decrypt_time": 0.04711490002227947,
          "check_time": 1e-06,
          "success": true,
          "num_results": 170
        }
      ]
    },
    "neural_network": {
      "encrypt_times": [
        0.2342400000197813,
        0.14331319998018444
      ],
      "query_times": [
        0.21926909999456257
      ],
      "decrypt_times": [
        0.051572600030340254
      ],
      "check_times": [
        1e-06
      ],
      "communication_sizes": [
        178257920,
        7470730,
        11543993
      ],
      "comm_upload_sizes": [
        178257920
      ],
      "comm_query_sizes": [
        7470730
      ],
      "comm_decrypt_sizes": [
        11543993
      ],
      "runs": [
        {
          "run_id": 0,
          "query_time": 0.21926909999456257,
          "decrypt_time": 0.051572600030340254,
          "check_time": 1e-06,
          "success": true,
          "num_results": 170
        }
      ]
    }
  },
  "summary": {
    "dot": {
      "avg_encrypt_time": 0.11492414999520406,
      "std_encrypt_time": 0.11324145004618913,
      "min_encrypt_time": 0.001682699949014932,
      "max_encrypt_time": 0.2281656000413932,
      "avg_query_time": 0.4083581999875605,
      "std_query_time": 0.0,
      "min_query_time": 0.4083581999875605,
      "max_query_time": 0.4083581999875605,
      "avg_decrypt_time": 0.01743399997940287,
      "std_decrypt_time": 0.0,
      "min_decrypt_time": 0.01743399997940287,
      "max_decrypt_time": 0.01743399997940287,
      "avg_check_time": 1e-06,
      "total_check_time": 1e-06,
      "avg_communication_size": 59989.8974609375,
      "std_communication_size": 80708.10966783151,
      "total_communication": 179969.6923828125
    },
    "decision_tree": {
      "avg_encrypt_time": 0.10356650000903755,
      "std_encrypt_time": 0.10211139998864383,
      "min_encrypt_time": 0.0014551000203937292,
      "max_encrypt_time": 0.20567789999768138,
      "avg_query_time": 0.25331759999971837,
      "std_query_time": 0.0,
      "min_query_time": 0.25331759999971837,
      "max_query_time": 0.25331759999971837,
      "avg_decrypt_time": 0.04711490002227947,
      "std_decrypt_time": 0.0,
      "min_decrypt_time": 0.04711490002227947,
      "max_decrypt_time": 0.04711490002227947,
      "avg_check_time": 1e-06,
      "total_check_time": 1e-06,
      "avg_communication_size": 61806.782552083336,
      "std_communication_size": 79520.88893914488,
      "total_communication": 185420.34765625
    },
    "neural_network": {
      "avg_encrypt_time": 0.18877659999998286,
      "std_encrypt_time": 0.04546340001979843,
      "min_encrypt_time": 0.14331319998018444,
      "max_encrypt_time": 0.2342400000197813,
      "avg_query_time": 0.21926909999456257,
      "std_query_time": 0.0,
      "min_query_time": 0.21926909999456257,
      "max_query_time": 0.21926909999456257,
      "avg_decrypt_time": 0.051572600030340254,
      "std_decrypt_time": 0.0,
      "min_decrypt_time": 0.051572600030340254,
      "max_decrypt_time": 0.051572600030340254,
      "avg_check_time": 1e-06,
      "total_check_time": 1e-06,
      "avg_communication_size": 64216.355143229164,
      "std_communication_size": 77702.29966980132,
      "total_communication": 192649.0654296875
    }
  }
}