{
  "config": {
    "N": 64,
    "n": 16,
    "num_records": 170,
    "record_dim": 32,
    "model_types": [
      "dot",
      "decision_tree",
      "neural_network"
    ],
    "policy_size": 8,
    "num_runs": 1,
    "save_results": true,
    "results_dir": "experiments/results/scheme3_offline"
  },
  "models": {
    "dot": {
      "encrypt_times": [
        0.18894980003824458,
        0.0010540999937802553
      ],
      "query_times": [
        0.29945269995369017
      ],
      "decrypt_times": [
        0.015551100019365549
      ],
      "check_times": [
        1e-06
      ],
      "communication_sizes": [
        178257920,
        68093,
        5962744
      ],
      "comm_upload_sizes": [
        178257920
      ],
      "comm_query_sizes": [
        68093
      ],
      "comm_decrypt_sizes": [
        5962744
      ],
      "runs": [
        {
          "run_id": 0,
          "query_time": 0.29945269995369017,
          "decrypt_time": 0.015551100019365549,
          "check_time": 1e-06,
          "success": true,
          "num_results": 170
        }
      ]
    },
    "decision_tree": {
      "encrypt_times": [
        0.1816615000134334,
        0.001019700022879988
      ],
      "query_times": [
        0.2216053999727592
      ],
      "decrypt_times": [
        0.040841299982275814
      ],
      "check_times": [
        1e-06
      ],
      "communication_sizes": [
        178257920,
        68074,
        11543647
      ],
      "comm_upload_sizes": [
        178257920
      ],
      "comm_query_sizes": [
        68074
      ],
      "comm_decrypt_sizes": [
        11543647
      ],
      "runs": [
        {
          "run_id": 0,
          "query_time": 0.2216053999727592,
          "decrypt_time": 0.040841299982275814,
          "check_time": 1e-06,
          "success": true,
          "num_results": 170
        }
      ]
    },
    "neural_network": {
      "encrypt_times": [
        0.182713899994269,
        0.11689609999302775
      ],
      "query_times": [
        0.17564390000188723
      ],
      "decrypt_times": [
        0.0404147999943234
      ],
      "check_times": [
        1e-06
      ],
      "communication_sizes": [
        178257920,
        7470126,
        11543293
      ],
      "comm_upload_sizes": [
        178257920
      ],
      "comm_query_sizes": [
        7470126
      ],
      "comm_decrypt_sizes": [
        11543293
      ],
      "runs": [
        {
          "run_id": 0,
          "query_time": 0.17564390000188723,
          "decrypt_time": 0.0404147999943234,
          "check_time": 1e-06,
          "success": true,
          "num_results": 170
        }
      ]
    }
  },
  "summary": {
    "dot": {
      "avg_encrypt_time": 0.09500195001601242,
      "std_encrypt_time": 0.09394785002223216,
      "min_encrypt_time": 0.0010540999937802553,
      "max_encrypt_time": 0.18894980003824458,
      "avg_query_time": 0.29945269995369017,
      "std_query_time": 0.0,
      "min_query_time": 0.29945269995369017,
      "max_query_time": 0.29945269995369017,
      "avg_decrypt_time": 0.015551100019365549,
      "std_decrypt_time": 0.0,
      "min_decrypt_time": 0.015551100019365549,
      "max_decrypt_time": 0.015551100019365549,
      "avg_check_time": 1e-06,
      "total_check_time": 1e-06,
      "avg_communication_size": 59989.829752604164,
      "std_communication_size": 80708.15538848753,
      "total_communication": 179969.4892578125
    },
    "decision_tree": {
      "avg_encrypt_time": 0.09134060001815669,
      "std_encrypt_time": 0.0903208999952767,
      "min_encrypt_time": 0.001019700022879988,
      "max_encrypt_time": 0.1816615000134334,
      "avg_query_time": 0.2216053999727592,
      "std_query_time": 0.0,
      "min_query_time": 0.2216053999727592,
      "max_query_time": 0.2216053999727592,
      "avg_decrypt_time": 0.040841299982275814,
      "std_decrypt_time": 0.0,
      "min_decrypt_time": 0.040841299982275814,
      "max_decrypt_time": 0.040841299982275814,
      "avg_check_time": 1e-06,
      "total_check_time": 1e-06,
      "avg_communication_size": 61806.523763020836,
      "std_communication_size": 79521.05444695131,
      "total_communication": 185419.5712890625
    },
    "neural_network": {
      "avg_encrypt_time": 0.14980499999364838,
      "std_encrypt_time": 0.03290890000062063,
      "min_encrypt_time": 0.11689609999302775,
      "max_encrypt_time": 0.182713899994269,
      "avg_query_time": 0.17564390000188723,
      "std_query_time": 0.0,
      "min_query_time": 0.17564390000188723,
      "max_query_time": 0.17564390000188723,
      "avg_decrypt_time": 0.0404147999943234,
      "std_decrypt_time": 0.0,
      "min_decrypt_time": 0.0404147999943234,
      "max_decrypt_time": 0.0404147999943234,
      "avg_check_time": 1e-06,
      "total_check_time": 1e-06,
      "avg_communication_size": 64215.9306640625,
      "std_communication_size": 77702.5989564664,
      "total_communication": 192647.7919921875
    }
  }
}