{
  "config": {
    "N": 64,
    "n": 16,
    "num_records": 45,
    "record_dim": 32,
    "model_types": [
      "dot",
      "decision_tree",
      "neural_network"
    ],
    "policy_size": 8,
    "num_runs": 1,
    "save_results": true,
    "results_dir": "experiments/results/scheme3_offline"
  },
  "models": {
    "dot": {
      "encrypt_times": [
        0.048654999991413206,
        0.0015533000114373863
      ],
      "query_times": [
        0.0711695000063628
      ],
      "decrypt_times": [
        0.004007499956060201
      ],
      "check_times": [
        1e-06
      ],
      "communication_sizes": [
        47185920,
        68078,
        1578392
      ],
      "comm_upload_sizes": [
        47185920
      ],
      "comm_query_sizes": [
        68078
      ],
      "comm_decrypt_sizes": [
        1578392
      ],
      "runs": [
        {
          "run_id": 0,
          "query_time": 0.0711695000063628,
          "decrypt_time": 0.004007499956060201,
          "check_time": 1e-06,
          "success": true,
          "num_results": 45
        }
      ]
    },
    "decision_tree": {
      "encrypt_times": [
        0.06690609996439889,
        0.0010712000075727701
      ],
      "query_times": [
        0.06089989998145029
      ],
      "decrypt_times": [
        0.010342699999455363
      ],
      "check_times": [
        1e-06
      ],
      "communication_sizes": [
        47185920,
        68114,
        3056062
      ],
      "comm_upload_sizes": [
        47185920
      ],
      "comm_query_sizes": [
        68114
      ],
      "comm_decrypt_sizes": [
        3056062
      ],
      "runs": [
        {
          "run_id": 0,
          "query_time": 0.06089989998145029,
          "decrypt_time": 0.010342699999455363,
          "check_time": 1e-06,
          "success": true,
          "num_results": 45
        }
      ]
    },
    "neural_network": {
      "encrypt_times": [
        0.04602740000700578,
        0.12083209998672828
      ],
      "query_times": [
        0.04640819999622181
      ],
      "decrypt_times": [
        0.011392999964300543
      ],
      "check_times": [
        1e-06
      ],
      "communication_sizes": [
        47185920,
        7470120,
        3055300
      ],
      "comm_upload_sizes": [
        47185920
      ],
      "comm_query_sizes": [
        7470120
      ],
      "comm_decrypt_sizes": [
        3055300
      ],
      "runs": [
        {
          "run_id": 0,
          "query_time": 0.04640819999622181,
          "decrypt_time": 0.011392999964300543,
          "check_time": 1e-06,
          "success": true,
          "num_results": 45
        }
      ]
    }
  },
  "summary": {
    "dot": {
      "avg_encrypt_time": 0.025104150001425296,
      "std_encrypt_time": 0.02355084998998791,
      "min_encrypt_time": 0.0015533000114373863,
      "max_encrypt_time": 0.048654999991413206,
      "avg_query_time": 0.0711695000063628,
      "std_query_time": 0.0,
      "min_query_time": 0.0711695000063628,
      "max_query_time": 0.0711695000063628,
      "avg_decrypt_time": 0.004007499956060201,
      "std_decrypt_time": 0.0,
      "min_decrypt_time": 0.004007499956060201,
      "max_decrypt_time": 0.004007499956060201,
      "avg_check_time": 1e-06,
      "total_check_time": 1e-06,
      "avg_communication_size": 15895.960286458334,
      "std_communication_size": 21351.8310594163,
      "total_communication": 47687.880859375
    },
    "decision_tree": {
      "avg_encrypt_time": 0.03398864998598583,
      "std_encrypt_time": 0.03291744997841306,
      "min_encrypt_time": 0.0010712000075727701,
      "max_encrypt_time": 0.06690609996439889,
      "avg_query_time": 0.06089989998145029,
      "std_query_time": 0.0,
      "min_query_time": 0.06089989998145029,
      "max_query_time": 0.06089989998145029,
      "avg_decrypt_time": 0.010342699999455363,
      "std_decrypt_time": 0.0,
      "min_decrypt_time": 0.010342699999455363,
      "max_decrypt_time": 0.010342699999455363,
      "avg_check_time": 1e-06,
      "total_check_time": 1e-06,
      "avg_communication_size": 16376.984375,
      "std_communication_size": 21036.958180502777,
      "total_communication": 49130.953125
    },
    "neural_network": {
      "avg_encrypt_time": 0.08342974999686703,
      "std_encrypt_time": 0.03740234998986125,
      "min_encrypt_time": 0.04602740000700578,
      "max_encrypt_time": 0.12083209998672828,
      "avg_query_time": 0.04640819999622181,
      "std_query_time": 0.0,
      "min_query_time": 0.04640819999622181,
      "max_query_time": 0.04640819999622181,
      "avg_decrypt_time": 0.011392999964300543,
      "std_decrypt_time": 0.0,
      "min_decrypt_time": 0.011392999964300543,
      "max_decrypt_time": 0.011392999964300543,
      "avg_check_time": 1e-06,
      "total_check_time": 1e-06,
      "avg_communication_size": 18786.243489583332,
      "std_communication_size": 19379.693633469327,
      "total_communication": 56358.73046875
    }
  }
}