{
  "config": {
    "N": 64,
    "n": 16,
    "num_records": 32,
    "record_dim": 32,
    "model_types": [
      "dot",
      "decision_tree",
      "neural_network"
    ],
    "policy_size": 10,
    "num_runs": 3,
    "save_results": true,
    "results_dir": "experiments/results/scheme3_offline"
  },
  "models": {
    "dot": {
      "encrypt_times": [
        0.04111730004660785,
        0.0015687000122852623,
        0.04003420000663027,
        0.0012165999505668879,
        0.04111160000320524,
        0.001206900051329285
      ],
      "query_times": [
        0.05908380000619218,
        0.059297300002072006,
        0.05971999996108934
      ],
      "decrypt_times": [
        0.0035522999824024737,
        0.003324399993289262,
        0.0033389999880455434
      ],
      "check_times": [
        1e-06,
        1e-06,
        1e-06
      ],
      "communication_sizes": [
        33554432,
        68098,
        1122433,
        33554432,
        68102,
        1122369,
        33554432,
        68131,
        1122926
      ],
      "comm_upload_sizes": [
        33554432,
        33554432,
        33554432
      ],
      "comm_query_sizes": [
        68098,
        68102,
        68131
      ],
      "comm_decrypt_sizes": [
        1122433,
        1122369,
        1122926
      ],
      "runs": [
        {
          "run_id": 0,
          "query_time": 0.05908380000619218,
          "decrypt_time": 0.0035522999824024737,
          "check_time": 1e-06,
          "success": true,
          "num_results": 32
        },
        {
          "run_id": 1,
          "query_time": 0.059297300002072006,
          "decrypt_time": 0.003324399993289262,
          "check_time": 1e-06,
          "success": true,
          "num_results": 32
        },
        {
          "run_id": 2,
          "query_time": 0.05971999996108934,
          "decrypt_time": 0.0033389999880455434,
          "check_time": 1e-06,
          "success": true,
          "num_results": 32
        }
      ]
    },
    "decision_tree": {
      "encrypt_times": [
        0.04406479996396229,
        0.001490199996624142,
        0.04287040000781417,
        0.0013219000538811088,
        0.04113790002884343,
        0.001352999999653548
      ],
      "query_times": [
        0.05269460001727566,
        0.051169500045944005,
        0.05022729997290298
      ],
      "decrypt_times": [
        0.009538899990729988,
        0.009120400005485862,
        0.009231800038833171
      ],
      "check_times": [
        1e-06,
        1e-06,
        1e-06
      ],
      "communication_sizes": [
        33554432,
        68046,
        2173084,
        33554432,
        68134,
        2172438,
        33554432,
        68058,
        2172886
      ],
      "comm_upload_sizes": [
        33554432,
        33554432,
        33554432
      ],
      "comm_query_sizes": [
        68046,
        68134,
        68058
      ],
      "comm_decrypt_sizes": [
        2173084,
        2172438,
        2172886
      ],
      "runs": [
        {
          "run_id": 0,
          "query_time": 0.05269460001727566,
          "decrypt_time": 0.009538899990729988,
          "check_time": 1e-06,
          "success": true,
          "num_results": 32
        },
        {
          "run_id": 1,
          "query_time": 0.051169500045944005,
          "decrypt_time": 0.009120400005485862,
          "check_time": 1e-06,
          "success": true,
          "num_results": 32
        },
        {
          "run_id": 2,
          "query_time": 0.05022729997290298,
          "decrypt_time": 0.009231800038833171,
          "check_time": 1e-06,
          "success": true,
          "num_results": 32
        }
      ]
    },
    "neural_network": {
      "encrypt_times": [
        0.040622100001201034,
        0.13882130000274628,
        0.039809899986721575,
        0.13714549998985603,
        0.04129249998368323,
        0.1414738000021316
      ],
      "query_times": [
        0.04021989996545017,
        0.03871430002618581,
        0.04070900002261624
      ],
      "decrypt_times": [
        0.008730300003662705,
        0.009169900033157319,
        0.009427300014067441
      ],
      "check_times": [
        1e-06,
        1e-06,
        1e-06
      ],
      "communication_sizes": [
        33554432,
        7469638,
        2173204,
        33554432,
        7470213,
        2172876,
        33554432,
        7470097,
        2173227
      ],
      "comm_upload_sizes": [
        33554432,
        33554432,
        33554432
      ],
      "comm_query_sizes": [
        7469638,
        7470213,
        7470097
      ],
      "comm_decrypt_sizes": [
        2173204,
        2172876,
        2173227
      ],
      "runs": [
        {
          "run_id": 0,
          "query_time": 0.04021989996545017,
          "decrypt_time": 0.008730300003662705,
          "check_time": 1e-06,
          "success": true,
          "num_results": 32
        },
        {
          "run_id": 1,
          "query_time": 0.03871430002618581,
          "decrypt_time": 0.009169900033157319,
          "check_time": 1e-06,
          "success": true,
          "num_results": 32
        },
        {
          "run_id": 2,
          "query_time": 0.04070900002261624,
          "decrypt_time": 0.009427300014067441,
          "check_time": 1e-06,
          "success": true,
          "num_results": 32
        }
      ]
    }
  },
  "summary": {
    "dot": {
      "avg_encrypt_time": 0.0210425500117708,
      "std_encrypt_time": 0.019715464594374087,
      "min_encrypt_time": 0.001206900051329285,
      "max_encrypt_time": 0.04111730004660785,
      "avg_query_time": 0.059367033323117845,
      "std_query_time": 0.0002643667247100134,
      "min_query_time": 0.05908380000619218,
      "max_query_time": 0.05971999996108934,
      "avg_decrypt_time": 0.0034052333212457597,
      "std_decrypt_time": 0.00010416250790490357,
      "min_decrypt_time": 0.003324399993289262,
      "max_decrypt_time": 0.0035522999824024737,
      "avg_check_time": 1e-06,
      "total_check_time": 3e-06,
      "avg_communication_size": 11310.259874131945,
      "std_communication_size": 15178.736346508762,
      "total_communication": 101792.3388671875
    },
    "decision_tree": {
      "avg_encrypt_time": 0.022039700008463115,
      "std_encrypt_time": 0.020668869818643843,
      "min_encrypt_time": 0.0013219000538811088,
      "max_encrypt_time": 0.04406479996396229,
      "avg_query_time": 0.05136380001204088,
      "std_query_time": 0.0010165978342357711,
      "min_query_time": 0.05022729997290298,
      "max_query_time": 0.05269460001727566,
      "avg_decrypt_time": 0.00929703334501634,
      "std_decrypt_time": 0.00017696910764127463,
      "min_decrypt_time": 0.009120400005485862,
      "max_decrypt_time": 0.009538899990729988,
      "avg_check_time": 1e-06,
      "total_check_time": 3e-06,
      "avg_communication_size": 11652.120442708334,
      "std_communication_size": 14954.741458698652,
      "total_communication": 104869.083984375
    },
    "neural_network": {
      "avg_encrypt_time": 0.08986084999438997,
      "std_encrypt_time": 0.04930398415111522,
      "min_encrypt_time": 0.039809899986721575,
      "max_encrypt_time": 0.1414738000021316,
      "avg_query_time": 0.03988106667141741,
      "std_query_time": 0.0008488474616791507,
      "min_query_time": 0.03871430002618581,
      "max_query_time": 0.04070900002261624,
      "avg_decrypt_time": 0.009109166683629155,
      "std_decrypt_time": 0.00028777150476808625,
      "min_decrypt_time": 0.008730300003662705,
      "max_decrypt_time": 0.009427300014067441,
      "avg_check_time": 1e-06,
      "total_check_time": 3e-06,
      "avg_communication_size": 14061.691731770834,
      "std_communication_size": 13394.868989819819,
      "total_communication": 126555.2255859375
    }
  }
}