{
  "config": {
    "N": 64,
    "n": 16,
    "num_records": 64,
    "record_dim": 64,
    "model_types": [
      "dot",
      "decision_tree",
      "neural_network"
    ],
    "policy_size": 10,
    "num_runs": 3,
    "save_results": true,
    "results_dir": "experiments/results/scheme3_offline"
  },
  "models": {
    "dot": {
      "encrypt_times": [
        0.07082449999870732,
        0.0010789000079967082,
        0.0683705999981612,
        0.0012615000014193356,
        0.06863980001071468,
        0.0010430999682284892
      ],
      "query_times": [
        0.11742949998006225,
        0.11682660004589707,
        0.11954180005704984
      ],
      "decrypt_times": [
        0.006122599996160716,
        0.005860499979462475,
        0.005705699964892119
      ],
      "check_times": [
        1e-06,
        1e-06,
        1e-06
      ],
      "communication_sizes": [
        67108864,
        1024,
        65536,
        67108864,
        1024,
        65536,
        67108864,
        1024,
        65536
      ],
      "comm_upload_sizes": [
        67108864,
        67108864,
        67108864
      ],
      "comm_query_sizes": [
        1024,
        1024,
        1024
      ],
      "comm_decrypt_sizes": [
        65536,
        65536,
        65536
      ],
      "runs": [
        {
          "run_id": 0,
          "query_time": 0.11742949998006225,
          "decrypt_time": 0.006122599996160716,
          "check_time": 1e-06,
          "success": true,
          "num_results": 64
        },
        {
          "run_id": 1,
          "query_time": 0.11682660004589707,
          "decrypt_time": 0.005860499979462475,
          "check_time": 1e-06,
          "success": true,
          "num_results": 64
        },
        {
          "run_id": 2,
          "query_time": 0.11954180005704984,
          "decrypt_time": 0.005705699964892119,
          "check_time": 1e-06,
          "success": true,
          "num_results": 64
        }
      ]
    },
    "decision_tree": {
      "encrypt_times": [
        0.0694746000226587,
        0.0012852000072598457,
        0.06968770001549274,
        0.00118530000327155,
        0.06905120000010356,
        0.001171400013845414
      ],
      "query_times": [
        0.08951449999585748,
        0.08611889998428524,
        0.08594699995592237
      ],
      "decrypt_times": [
        0.015272099990397692,
        0.015768100041896105,
        0.02090550004504621
      ],
      "check_times": [
        1e-06,
        1e-06,
        1e-06
      ],
      "communication_sizes": [
        67108864,
        1024,
        65536,
        67108864,
        1024,
        65536,
        67108864,
        1024,
        65536
      ],
      "comm_upload_sizes": [
        67108864,
        67108864,
        67108864
      ],
      "comm_query_sizes": [
        1024,
        1024,
        1024
      ],
      "comm_decrypt_sizes": [
        65536,
        65536,
        65536
      ],
      "runs": [
        {
          "run_id": 0,
          "query_time": 0.08951449999585748,
          "decrypt_time": 0.015272099990397692,
          "check_time": 1e-06,
          "success": true,
          "num_results": 64
        },
        {
          "run_id": 1,
          "query_time": 0.08611889998428524,
          "decrypt_time": 0.015768100041896105,
          "check_time": 1e-06,
          "success": true,
          "num_results": 64
        },
        {
          "run_id": 2,
          "query_time": 0.08594699995592237,
          "decrypt_time": 0.02090550004504621,
          "check_time": 1e-06,
          "success": true,
          "num_results": 64
        }
      ]
    },
    "neural_network": {
      "encrypt_times": [
        0.07625809998717159,
        0.12474580004345626,
        0.08613640000112355,
        0.21907459996873513,
        0.10531780001474544,
        0.17516370001249015
      ],
      "query_times": [
        0.0736507999827154,
        0.08565399999497458,
        0.11788180004805326
      ],
      "decrypt_times": [
        0.016482000006362796,
        0.019890900002792478,
        0.02004599996143952
      ],
      "check_times": [
        1e-06,
        1e-06,
        1e-06
      ],
      "communication_sizes": [
        67108864,
        1024,
        65536,
        67108864,
        1024,
        65536,
        67108864,
        1024,
        65536
      ],
      "comm_upload_sizes": [
        67108864,
        67108864,
        67108864
      ],
      "comm_query_sizes": [
        1024,
        1024,
        1024
      ],
      "comm_decrypt_sizes": [
        65536,
        65536,
        65536
      ],
      "runs": [
        {
          "run_id": 0,
          "query_time": 0.0736507999827154,
          "decrypt_time": 0.016482000006362796,
          "check_time": 1e-06,
          "success": true,
          "num_results": 64
        },
        {
          "run_id": 1,
          "query_time": 0.08565399999497458,
          "decrypt_time": 0.019890900002792478,
          "check_time": 1e-06,
          "success": true,
          "num_results": 64
        },
        {
          "run_id": 2,
          "query_time": 0.11788180004805326,
          "decrypt_time": 0.02004599996143952,
          "check_time": 1e-06,
          "success": true,
          "num_results": 64
        }
      ]
    }
  },
  "summary": {
    "dot": {
      "avg_encrypt_time": 0.03520306666420462,
      "std_encrypt_time": 0.03408415795088266,
      "min_encrypt_time": 0.0010430999682284892,
      "max_encrypt_time": 0.07082449999870732,
      "avg_query_time": 0.11793263336100306,
      "std_query_time": 0.001164169281620647,
      "min_query_time": 0.11682660004589707,
      "max_query_time": 0.11954180005704984,
      "avg_decrypt_time": 0.005896266646838437,
      "std_decrypt_time": 0.00017206752529036625,
      "min_decrypt_time": 0.005705699964892119,
      "max_decrypt_time": 0.006122599996160716,
      "avg_check_time": 1e-06,
      "total_check_time": 3e-06,
      "avg_communication_size": 21867.0,
      "std_communication_size": 30878.6567389192,
      "total_communication": 196803.0
    },
    "decision_tree": {
      "avg_encrypt_time": 0.03530923334377197,
      "std_encrypt_time": 0.03409579861803905,
      "min_encrypt_time": 0.001171400013845414,
      "max_encrypt_time": 0.06968770001549274,
      "avg_query_time": 0.08719346664535503,
      "std_query_time": 0.0016427181266722266,
      "min_query_time": 0.08594699995592237,
      "max_query_time": 0.08951449999585748,
      "avg_decrypt_time": 0.017315233359113336,
      "std_decrypt_time": 0.002546764636404547,
      "min_decrypt_time": 0.015272099990397692,
      "max_decrypt_time": 0.02090550004504621,
      "avg_check_time": 1e-06,
      "total_check_time": 3e-06,
      "avg_communication_size": 21867.0,
      "std_communication_size": 30878.6567389192,
      "total_communication": 196803.0
    },
    "neural_network": {
      "avg_encrypt_time": 0.13111606667128703,
      "std_encrypt_time": 0.05068792651224677,
      "min_encrypt_time": 0.07625809998717159,
      "max_encrypt_time": 0.21907459996873513,
      "avg_query_time": 0.09239553334191442,
      "std_query_time": 0.01867585867005684,
      "min_query_time": 0.0736507999827154,
      "max_query_time": 0.11788180004805326,
      "avg_decrypt_time": 0.018806299990198266,
      "std_decrypt_time": 0.0016447475612661148,
      "min_decrypt_time": 0.016482000006362796,
      "max_decrypt_time": 0.02004599996143952,
      "avg_check_time": 1e-06,
      "total_check_time": 3e-06,
      "avg_communication_size": 21867.0,
      "std_communication_size": 30878.6567389192,
      "total_communication": 196803.0
    }
  }
}