{
  "config": {
    "N": 64,
    "n": 16,
    "num_records": 128,
    "record_dim": 16,
    "model_types": [
      "dot",
      "decision_tree",
      "neural_network"
    ],
    "policy_size": 8,
    "num_runs": 1,
    "save_results": true,
    "results_dir": "experiments/results/scheme3_offline"
  },
  "models": {
    "dot": {
      "encrypt_times": [
        0.14025200001196936,
        0.0011238999431952834
      ],
      "query_times": [
        0.18019199999980628
      ],
      "decrypt_times": [
        0.011040000012144446
      ],
      "check_times": [
        1e-06
      ],
      "communication_sizes": [
        134217728,
        68060,
        4489310
      ],
      "comm_upload_sizes": [
        134217728
      ],
      "comm_query_sizes": [
        68060
      ],
      "comm_decrypt_sizes": [
        4489310
      ],
      "runs": [
        {
          "run_id": 0,
          "query_time": 0.18019199999980628,
          "decrypt_time": 0.011040000012144446,
          "check_time": 1e-06,
          "success": true,
          "num_results": 128
        }
      ]
    },
    "decision_tree": {
      "encrypt_times": [
        0.1331305000348948,
        0.0011041000252589583
      ],
      "query_times": [
        0.16666330001316965
      ],
      "decrypt_times": [
        0.030311800015624613
      ],
      "check_times": [
        1e-06
      ],
      "communication_sizes": [
        134217728,
        68135,
        8692156
      ],
      "comm_upload_sizes": [
        134217728
      ],
      "comm_query_sizes": [
        68135
      ],
      "comm_decrypt_sizes": [
        8692156
      ],
      "runs": [
        {
          "run_id": 0,
          "query_time": 0.16666330001316965,
          "decrypt_time": 0.030311800015624613,
          "check_time": 1e-06,
          "success": true,
          "num_results": 128
        }
      ]
    },
    "neural_network": {
      "encrypt_times": [
        0.1370265000150539,
        0.11643880000337958
      ],
      "query_times": [
        0.13166330003878102
      ],
      "decrypt_times": [
        0.029792299959808588
      ],
      "check_times": [
        1e-06
      ],
      "communication_sizes": [
        134217728,
        7470241,
        8691999
      ],
      "comm_upload_sizes": [
        134217728
      ],
      "comm_query_sizes": [
        7470241
      ],
      "comm_decrypt_sizes": [
        8691999
      ],
      "runs": [
        {
          "run_id": 0,
          "query_time": 0.13166330003878102,
          "decrypt_time": 0.029792299959808588,
          "check_time": 1e-06,
          "success": true,
          "num_results": 128
        }
      ]
    }
  },
  "summary": {
    "dot": {
      "avg_encrypt_time": 0.07068794997758232,
      "std_encrypt_time": 0.06956405003438704,
      "min_encrypt_time": 0.0011238999431952834,
      "max_encrypt_time": 0.14025200001196936,
      "avg_query_time": 0.18019199999980628,
      "std_query_time": 0.0,
      "min_query_time": 0.18019199999980628,
      "max_query_time": 0.18019199999980628,
      "avg_decrypt_time": 0.011040000012144446,
      "std_decrypt_time": 0.0,
      "min_decrypt_time": 0.011040000012144446,
      "max_decrypt_time": 0.011040000012144446,
      "avg_check_time": 1e-06,
      "total_check_time": 1e-06,
      "avg_communication_size": 45174.185546875,
      "std_communication_size": 60764.49825072864,
      "total_communication": 135522.556640625
    },
    "decision_tree": {
      "avg_encrypt_time": 0.06711730003007688,
      "std_encrypt_time": 0.06601320000481792,
      "min_encrypt_time": 0.0011041000252589583,
      "max_encrypt_time": 0.1331305000348948,
      "avg_query_time": 0.16666330001316965,
      "std_query_time": 0.0,
      "min_query_time": 0.16666330001316965,
      "max_query_time": 0.16666330001316965,
      "avg_decrypt_time": 0.030311800015624613,
      "std_decrypt_time": 0.0,
      "min_decrypt_time": 0.030311800015624613,
      "max_decrypt_time": 0.030311800015624613,
      "avg_check_time": 1e-06,
      "total_check_time": 1e-06,
      "avg_communication_size": 46542.323893229164,
      "std_communication_size": 59870.313667809336,
      "total_communication": 139626.9716796875
    },
    "neural_network": {
      "avg_encrypt_time": 0.12673265000921674,
      "std_encrypt_time": 0.010293850005837157,
      "min_encrypt_time": 0.11643880000337958,
      "max_encrypt_time": 0.1370265000150539,
      "avg_query_time": 0.13166330003878102,
      "std_query_time": 0.0,
      "min_query_time": 0.13166330003878102,
      "max_query_time": 0.13166330003878102,
      "avg_decrypt_time": 0.029792299959808588,
      "std_decrypt_time": 0.0,
      "min_decrypt_time": 0.029792299959808588,
      "max_decrypt_time": 0.029792299959808588,
      "avg_check_time": 1e-06,
      "total_check_time": 1e-06,
      "avg_communication_size": 48951.8125,
      "std_communication_size": 58069.78435140265,
      "total_communication": 146855.4375
    }
  }
}