{
  "config": {
    "N": 64,
    "n": 16,
    "num_records": 32,
    "record_dim": 32,
    "model_types": [
      "dot",
      "decision_tree",
      "neural_network"
    ],
    "policy_size": 10,
    "num_runs": 3,
    "save_results": true,
    "results_dir": "experiments/results/scheme3_offline"
  },
  "models": {
    "dot": {
      "encrypt_times": [
        0.035692599951289594,
        0.0011417000205256045,
        0.03397340001538396,
        0.0010328000062145293,
        0.048579499998595566,
        0.001297400041949004
      ],
      "query_times": [
        0.052129500021692365,
        0.051773699990008026,
        0.05772470001829788
      ],
      "decrypt_times": [
        0.0033357000211253762,
        0.0030861999839544296,
        0.002760700008366257
      ],
      "check_times": [
        1e-06,
        1e-06,
        1e-06
      ],
      "communication_sizes": [
        33554432,
        33554432,
        33554432
      ],
      "runs": [
        {
          "run_id": 0,
          "query_time": 0.052129500021692365,
          "decrypt_time": 0.0033357000211253762,
          "check_time": 1e-06,
          "success": true,
          "num_results": 32
        },
        {
          "run_id": 1,
          "query_time": 0.051773699990008026,
          "decrypt_time": 0.0030861999839544296,
          "check_time": 1e-06,
          "success": true,
          "num_results": 32
        },
        {
          "run_id": 2,
          "query_time": 0.05772470001829788,
          "decrypt_time": 0.002760700008366257,
          "check_time": 1e-06,
          "success": true,
          "num_results": 32
        }
      ]
    },
    "decision_tree": {
      "encrypt_times": [
        0.03288420004537329,
        0.0011560999555513263,
        0.0340917999856174,
        0.001363899966236204,
        0.03380099998321384,
        0.001069999998435378
      ],
      "query_times": [
        0.04232380003668368,
        0.0413274000165984,
        0.04130089998943731
      ],
      "decrypt_times": [
        0.008168799977283925,
        0.007610099972225726,
        0.008390700037125498
      ],
      "check_times": [
        1e-06,
        1e-06,
        1e-06
      ],
      "communication_sizes": [
        33554432,
        33554432,
        33554432
      ],
      "runs": [
        {
          "run_id": 0,
          "query_time": 0.04232380003668368,
          "decrypt_time": 0.008168799977283925,
          "check_time": 1e-06,
          "success": true,
          "num_results": 32
        },
        {
          "run_id": 1,
          "query_time": 0.0413274000165984,
          "decrypt_time": 0.007610099972225726,
          "check_time": 1e-06,
          "success": true,
          "num_results": 32
        },
        {
          "run_id": 2,
          "query_time": 0.04130089998943731,
          "decrypt_time": 0.008390700037125498,
          "check_time": 1e-06,
          "success": true,
          "num_results": 32
        }
      ]
    },
    "neural_network": {
      "encrypt_times": [
        0.03482970001641661,
        0.11801269999705255,
        0.03436400002101436,
        0.1168399999733083,
        0.034044799976982176,
        0.11649580002995208
      ],
      "query_times": [
        0.03600020002340898,
        0.035149000003002584,
        0.03540890000294894
      ],
      "decrypt_times": [
        0.008040199987590313,
        0.007660800009034574,
        0.007983599964063615
      ],
      "check_times": [
        1e-06,
        1e-06,
        1e-06
      ],
      "communication_sizes": [
        33554432,
        33554432,
        33554432
      ],
      "runs": [
        {
          "run_id": 0,
          "query_time": 0.03600020002340898,
          "decrypt_time": 0.008040199987590313,
          "check_time": 1e-06,
          "success": true,
          "num_results": 32
        },
        {
          "run_id": 1,
          "query_time": 0.035149000003002584,
          "decrypt_time": 0.007660800009034574,
          "check_time": 1e-06,
          "success": true,
          "num_results": 32
        },
        {
          "run_id": 2,
          "query_time": 0.03540890000294894,
          "decrypt_time": 0.007983599964063615,
          "check_time": 1e-06,
          "success": true,
          "num_results": 32
        }
      ]
    }
  },
  "summary": {
    "dot": {
      "avg_encrypt_time": 0.020286233338993043,
      "std_encrypt_time": 0.01967649716097758,
      "min_encrypt_time": 0.0010328000062145293,
      "max_encrypt_time": 0.048579499998595566,
      "avg_query_time": 0.05387596667666609,
      "std_query_time": 0.0027253390818853837,
      "min_query_time": 0.051773699990008026,
      "max_query_time": 0.05772470001829788,
      "avg_decrypt_time": 0.0030608666711486876,
      "std_decrypt_time": 0.00023542526941902676,
      "min_decrypt_time": 0.002760700008366257,
      "max_decrypt_time": 0.0033357000211253762,
      "avg_check_time": 1e-06,
      "total_check_time": 3e-06,
      "avg_communication_size": 32768.0,
      "std_communication_size": 0.0,
      "total_communication": 98304.0
    },
    "decision_tree": {
      "avg_encrypt_time": 0.01739449998907124,
      "std_encrypt_time": 0.016202154947988007,
      "min_encrypt_time": 0.001069999998435378,
      "max_encrypt_time": 0.0340917999856174,
      "avg_query_time": 0.041650700014239796,
      "std_query_time": 0.0004760765295764601,
      "min_query_time": 0.04130089998943731,
      "max_query_time": 0.04232380003668368,
      "avg_decrypt_time": 0.008056533328878382,
      "std_decrypt_time": 0.00032841738239476343,
      "min_decrypt_time": 0.007610099972225726,
      "max_decrypt_time": 0.008390700037125498,
      "avg_check_time": 1e-06,
      "total_check_time": 3e-06,
      "avg_communication_size": 32768.0,
      "std_communication_size": 0.0,
      "total_communication": 98304.0
    },
    "neural_network": {
      "avg_encrypt_time": 0.07576450000245434,
      "std_encrypt_time": 0.041354843572417525,
      "min_encrypt_time": 0.034044799976982176,
      "max_encrypt_time": 0.11801269999705255,
      "avg_query_time": 0.0355193666764535,
      "std_query_time": 0.00035617180606306126,
      "min_query_time": 0.035149000003002584,
      "max_query_time": 0.03600020002340898,
      "avg_decrypt_time": 0.007894866653562834,
      "std_decrypt_time": 0.00016711530196512976,
      "min_decrypt_time": 0.007660800009034574,
      "max_decrypt_time": 0.008040199987590313,
      "avg_check_time": 1e-06,
      "total_check_time": 3e-06,
      "avg_communication_size": 32768.0,
      "std_communication_size": 0.0,
      "total_communication": 98304.0
    }
  }
}