{
  "config": {
    "N": 64,
    "n": 16,
    "num_records": 64,
    "record_dim": 64,
    "model_types": [
      "dot",
      "decision_tree",
      "neural_network"
    ],
    "policy_size": 10,
    "num_runs": 3,
    "save_results": true,
    "results_dir": "experiments/results/scheme3_offline"
  },
  "models": {
    "dot": {
      "encrypt_times": [
        0.07227379997493699,
        0.0012021999573335052,
        0.06736180000007153,
        0.001047800004016608,
        0.0672220999840647,
        0.0019462999771349132
      ],
      "query_times": [
        0.12229410000145435,
        0.11697009997442365,
        0.11738100001821294
      ],
      "decrypt_times": [
        0.006271100020967424,
        0.005580299999564886,
        0.005767199967522174
      ],
      "check_times": [
        1e-06,
        1e-06,
        1e-06
      ],
      "communication_sizes": [
        67108864,
        67911,
        2244635,
        67108864,
        67859,
        2245211,
        67108864,
        67899,
        2244980
      ],
      "comm_upload_sizes": [
        67108864,
        67108864,
        67108864
      ],
      "comm_query_sizes": [
        67911,
        67859,
        67899
      ],
      "comm_decrypt_sizes": [
        2244635,
        2245211,
        2244980
      ],
      "runs": [
        {
          "run_id": 0,
          "query_time": 0.12229410000145435,
          "decrypt_time": 0.006271100020967424,
          "check_time": 1e-06,
          "success": true,
          "num_results": 64
        },
        {
          "run_id": 1,
          "query_time": 0.11697009997442365,
          "decrypt_time": 0.005580299999564886,
          "check_time": 1e-06,
          "success": true,
          "num_results": 64
        },
        {
          "run_id": 2,
          "query_time": 0.11738100001821294,
          "decrypt_time": 0.005767199967522174,
          "check_time": 1e-06,
          "success": true,
          "num_results": 64
        }
      ]
    },
    "decision_tree": {
      "encrypt_times": [
        0.06719149998389184,
        0.001070300000719726,
        0.07539999997243285,
        0.0013753999955952168,
        0.0668922999757342,
        0.0010582000249996781
      ],
      "query_times": [
        0.0853973000193946,
        0.08436859998619184,
        0.09243900002911687
      ],
      "decrypt_times": [
        0.015528400021139532,
        0.016615199972875416,
        0.015285999979823828
      ],
      "check_times": [
        1e-06,
        1e-06,
        1e-06
      ],
      "communication_sizes": [
        67108864,
        67904,
        4345921,
        67108864,
        67844,
        4345843,
        67108864,
        67947,
        4345986
      ],
      "comm_upload_sizes": [
        67108864,
        67108864,
        67108864
      ],
      "comm_query_sizes": [
        67904,
        67844,
        67947
      ],
      "comm_decrypt_sizes": [
        4345921,
        4345843,
        4345986
      ],
      "runs": [
        {
          "run_id": 0,
          "query_time": 0.0853973000193946,
          "decrypt_time": 0.015528400021139532,
          "check_time": 1e-06,
          "success": true,
          "num_results": 64
        },
        {
          "run_id": 1,
          "query_time": 0.08436859998619184,
          "decrypt_time": 0.016615199972875416,
          "check_time": 1e-06,
          "success": true,
          "num_results": 64
        },
        {
          "run_id": 2,
          "query_time": 0.09243900002911687,
          "decrypt_time": 0.015285999979823828,
          "check_time": 1e-06,
          "success": true,
          "num_results": 64
        }
      ]
    },
    "neural_network": {
      "encrypt_times": [
        0.07008059998042881,
        0.11621569999260828,
        0.06903269997565076,
        0.12108800001442432,
        0.07018150005023926,
        0.11686419998295605
      ],
      "query_times": [
        0.07429309998406097,
        0.06935189996147528,
        0.06878000003052875
      ],
      "decrypt_times": [
        0.017680499993730336,
        0.016160500003024936,
        0.015241499990224838
      ],
      "check_times": [
        1e-06,
        1e-06,
        1e-06
      ],
      "communication_sizes": [
        67108864,
        7469725,
        4345399,
        67108864,
        7469835,
        4345958,
        67108864,
        7469227,
        4346131
      ],
      "comm_upload_sizes": [
        67108864,
        67108864,
        67108864
      ],
      "comm_query_sizes": [
        7469725,
        7469835,
        7469227
      ],
      "comm_decrypt_sizes": [
        4345399,
        4345958,
        4346131
      ],
      "runs": [
        {
          "run_id": 0,
          "query_time": 0.07429309998406097,
          "decrypt_time": 0.017680499993730336,
          "check_time": 1e-06,
          "success": true,
          "num_results": 64
        },
        {
          "run_id": 1,
          "query_time": 0.06935189996147528,
          "decrypt_time": 0.016160500003024936,
          "check_time": 1e-06,
          "success": true,
          "num_results": 64
        },
        {
          "run_id": 2,
          "query_time": 0.06878000003052875,
          "decrypt_time": 0.015241499990224838,
          "check_time": 1e-06,
          "success": true,
          "num_results": 64
        }
      ]
    }
  },
  "summary": {
    "dot": {
      "avg_encrypt_time": 0.03517566664959304,
      "std_encrypt_time": 0.03381885838813778,
      "min_encrypt_time": 0.001047800004016608,
      "max_encrypt_time": 0.07227379997493699,
      "avg_query_time": 0.11888173333136365,
      "std_query_time": 0.002418731682770395,
      "min_query_time": 0.11697009997442365,
      "max_query_time": 0.12229410000145435,
      "avg_decrypt_time": 0.005872866662684828,
      "std_decrypt_time": 0.00029174789944103524,
      "min_decrypt_time": 0.005580299999564886,
      "max_decrypt_time": 0.006271100020967424,
      "avg_check_time": 1e-06,
      "total_check_time": 3e-06,
      "avg_communication_size": 22598.20822482639,
      "std_communication_size": 30374.007202822813,
      "total_communication": 203383.8740234375
    },
    "decision_tree": {
      "avg_encrypt_time": 0.03549794999222892,
      "std_encrypt_time": 0.03444311202209484,
      "min_encrypt_time": 0.0010582000249996781,
      "max_encrypt_time": 0.07539999997243285,
      "avg_query_time": 0.0874016333449011,
      "std_query_time": 0.003586628246976356,
      "min_query_time": 0.08436859998619184,
      "max_query_time": 0.09243900002911687,
      "avg_decrypt_time": 0.01580986665794626,
      "std_decrypt_time": 0.0005779912087616057,
      "min_decrypt_time": 0.015285999979823828,
      "max_decrypt_time": 0.016615199972875416,
      "avg_check_time": 1e-06,
      "total_check_time": 3e-06,
      "avg_communication_size": 23282.1220703125,
      "std_communication_size": 29926.644244447816,
      "total_communication": 209539.0986328125
    },
    "neural_network": {
      "avg_encrypt_time": 0.09391044999938458,
      "std_encrypt_time": 0.02419657449670255,
      "min_encrypt_time": 0.06903269997565076,
      "max_encrypt_time": 0.12108800001442432,
      "avg_query_time": 0.07080833332535501,
      "std_query_time": 0.0024751385660841613,
      "min_query_time": 0.06878000003052875,
      "max_query_time": 0.07429309998406097,
      "avg_decrypt_time": 0.01636083332899337,
      "std_decrypt_time": 0.0010057436172289426,
      "min_decrypt_time": 0.015241499990224838,
      "max_decrypt_time": 0.017680499993730336,
      "avg_check_time": 1e-06,
      "total_check_time": 3e-06,
      "avg_communication_size": 25691.500325520832,
      "std_communication_size": 28201.82717845169,
      "total_communication": 231223.5029296875
    }
  }
}