{
  "config": {
    "N": 64,
    "n": 16,
    "num_records": 311,
    "record_dim": 16,
    "model_types": [
      "dot",
      "decision_tree",
      "neural_network"
    ],
    "policy_size": 8,
    "num_runs": 1,
    "save_results": true,
    "results_dir": "experiments/results/scheme3_offline"
  },
  "models": {
    "dot": {
      "encrypt_times": [
        0.3556541999569163,
        0.0010232999920845032
      ],
      "query_times": [
        0.4976419000304304
      ],
      "decrypt_times": [
        0.028785500035155565
      ],
      "check_times": [
        1e-06
      ],
      "communication_sizes": [
        326107136,
        68114,
        10909128
      ],
      "comm_upload_sizes": [
        326107136
      ],
      "comm_query_sizes": [
        68114
      ],
      "comm_decrypt_sizes": [
        10909128
      ],
      "runs": [
        {
          "run_id": 0,
          "query_time": 0.4976419000304304,
          "decrypt_time": 0.028785500035155565,
          "check_time": 1e-06,
          "success": true,
          "num_results": 311
        }
      ]
    },
    "decision_tree": {
      "encrypt_times": [
        0.3619167000288144,
        0.0011508999741636217
      ],
      "query_times": [
        0.42562170000746846
      ],
      "decrypt_times": [
        0.08316769998054951
      ],
      "check_times": [
        1e-06
      ],
      "communication_sizes": [
        326107136,
        68183,
        21119860
      ],
      "comm_upload_sizes": [
        326107136
      ],
      "comm_query_sizes": [
        68183
      ],
      "comm_decrypt_sizes": [
        21119860
      ],
      "runs": [
        {
          "run_id": 0,
          "query_time": 0.42562170000746846,
          "decrypt_time": 0.08316769998054951,
          "check_time": 1e-06,
          "success": true,
          "num_results": 311
        }
      ]
    },
    "neural_network": {
      "encrypt_times": [
        0.341574199963361,
        0.1163632000098005
      ],
      "query_times": [
        0.3471136000007391
      ],
      "decrypt_times": [
        0.08562660001916811
      ],
      "check_times": [
        1e-06
      ],
      "communication_sizes": [
        326107136,
        7469744,
        21118957
      ],
      "comm_upload_sizes": [
        326107136
      ],
      "comm_query_sizes": [
        7469744
      ],
      "comm_decrypt_sizes": [
        21118957
      ],
      "runs": [
        {
          "run_id": 0,
          "query_time": 0.3471136000007391,
          "decrypt_time": 0.08562660001916811,
          "check_time": 1e-06,
          "success": true,
          "num_results": 311
        }
      ]
    }
  },
  "summary": {
    "dot": {
      "avg_encrypt_time": 0.1783387499745004,
      "std_encrypt_time": 0.17731544998241588,
      "min_encrypt_time": 0.0010232999920845032,
      "max_encrypt_time": 0.3556541999569163,
      "avg_query_time": 0.4976419000304304,
      "std_query_time": 0.0,
      "min_query_time": 0.4976419000304304,
      "max_query_time": 0.4976419000304304,
      "avg_decrypt_time": 0.028785500035155565,
      "std_decrypt_time": 0.0,
      "min_decrypt_time": 0.028785500035155565,
      "max_decrypt_time": 0.028785500035155565,
      "avg_check_time": 1e-06,
      "total_check_time": 1e-06,
      "avg_communication_size": 109727.98763020833,
      "std_communication_size": 147661.91769205895,
      "total_communication": 329183.962890625
    },
    "decision_tree": {
      "avg_encrypt_time": 0.181533800001489,
      "std_encrypt_time": 0.18038290002732538,
      "min_encrypt_time": 0.0011508999741636217,
      "max_encrypt_time": 0.3619167000288144,
      "avg_query_time": 0.42562170000746846,
      "std_query_time": 0.0,
      "min_query_time": 0.42562170000746846,
      "max_query_time": 0.42562170000746846,
      "avg_decrypt_time": 0.08316769998054951,
      "std_decrypt_time": 0.0,
      "min_decrypt_time": 0.08316769998054951,
      "max_decrypt_time": 0.08316769998054951,
      "avg_check_time": 1e-06,
      "total_check_time": 1e-06,
      "avg_communication_size": 113051.81608072917,
      "std_communication_size": 145490.62897368366,
      "total_communication": 339155.4482421875
    },
    "neural_network": {
      "avg_encrypt_time": 0.22896869998658076,
      "std_encrypt_time": 0.11260549997678027,
      "min_encrypt_time": 0.1163632000098005,
      "max_encrypt_time": 0.341574199963361,
      "avg_query_time": 0.3471136000007391,
      "std_query_time": 0.0,
      "min_query_time": 0.3471136000007391,
      "max_query_time": 0.3471136000007391,
      "avg_decrypt_time": 0.08562660001916811,
      "std_decrypt_time": 0.0,
      "min_decrypt_time": 0.08562660001916811,
      "max_decrypt_time": 0.08562660001916811,
      "avg_check_time": 1e-06,
      "total_check_time": 1e-06,
      "avg_communication_size": 115460.88444010417,
      "std_communication_size": 143647.9871507049,
      "total_communication": 346382.6533203125
    }
  }
}