{
  "config": {
    "N": 64,
    "n": 16,
    "num_records": 61,
    "record_dim": 16,
    "model_types": [
      "dot",
      "decision_tree",
      "neural_network"
    ],
    "policy_size": 8,
    "num_runs": 1,
    "save_results": true,
    "results_dir": "experiments/results/scheme3_offline"
  },
  "models": {
    "dot": {
      "encrypt_times": [
        0.06741259997943416,
        0.0011514999787323177
      ],
      "query_times": [
        0.0851115999976173
      ],
      "decrypt_times": [
        0.0055118000018410385
      ],
      "check_times": [
        1e-06
      ],
      "communication_sizes": [
        63963136,
        68149,
        2139508
      ],
      "comm_upload_sizes": [
        63963136
      ],
      "comm_query_sizes": [
        68149
      ],
      "comm_decrypt_sizes": [
        2139508
      ],
      "runs": [
        {
          "run_id": 0,
          "query_time": 0.0851115999976173,
          "decrypt_time": 0.0055118000018410385,
          "check_time": 1e-06,
          "success": true,
          "num_results": 61
        }
      ]
    },
    "decision_tree": {
      "encrypt_times": [
        0.07078700000420213,
        0.0010834000422619283
      ],
      "query_times": [
        0.08151029999135062
      ],
      "decrypt_times": [
        0.014962300017941743
      ],
      "check_times": [
        1e-06
      ],
      "communication_sizes": [
        63963136,
        68146,
        4142200
      ],
      "comm_upload_sizes": [
        63963136
      ],
      "comm_query_sizes": [
        68146
      ],
      "comm_decrypt_sizes": [
        4142200
      ],
      "runs": [
        {
          "run_id": 0,
          "query_time": 0.08151029999135062,
          "decrypt_time": 0.014962300017941743,
          "check_time": 1e-06,
          "success": true,
          "num_results": 61
        }
      ]
    },
    "neural_network": {
      "encrypt_times": [
        0.06558589998167008,
        0.11831140000140294
      ],
      "query_times": [
        0.06838190002599731
      ],
      "decrypt_times": [
        0.014728199981618673
      ],
      "check_times": [
        1e-06
      ],
      "communication_sizes": [
        63963136,
        7469681,
        4141897
      ],
      "comm_upload_sizes": [
        63963136
      ],
      "comm_query_sizes": [
        7469681
      ],
      "comm_decrypt_sizes": [
        4141897
      ],
      "runs": [
        {
          "run_id": 0,
          "query_time": 0.06838190002599731,
          "decrypt_time": 0.014728199981618673,
          "check_time": 1e-06,
          "success": true,
          "num_results": 61
        }
      ]
    }
  },
  "summary": {
    "dot": {
      "avg_encrypt_time": 0.03428204997908324,
      "std_encrypt_time": 0.03313055000035092,
      "min_encrypt_time": 0.0011514999787323177,
      "max_encrypt_time": 0.06741259997943416,
      "avg_query_time": 0.0851115999976173,
      "std_query_time": 0.0,
      "min_query_time": 0.0851115999976173,
      "max_query_time": 0.0851115999976173,
      "avg_decrypt_time": 0.0055118000018410385,
      "std_decrypt_time": 0.0,
      "min_decrypt_time": 0.0055118000018410385,
      "max_decrypt_time": 0.0055118000018410385,
      "avg_check_time": 1e-06,
      "total_check_time": 1e-06,
      "avg_communication_size": 21539.9716796875,
      "std_communication_size": 28949.438821114105,
      "total_communication": 64619.9150390625
    },
    "decision_tree": {
      "avg_encrypt_time": 0.03593520002323203,
      "std_encrypt_time": 0.0348517999809701,
      "min_encrypt_time": 0.0010834000422619283,
      "max_encrypt_time": 0.07078700000420213,
      "avg_query_time": 0.08151029999135062,
      "std_query_time": 0.0,
      "min_query_time": 0.08151029999135062,
      "max_query_time": 0.08151029999135062,
      "avg_decrypt_time": 0.014962300017941743,
      "std_decrypt_time": 0.0,
      "min_decrypt_time": 0.014962300017941743,
      "max_decrypt_time": 0.014962300017941743,
      "avg_check_time": 1e-06,
      "total_check_time": 1e-06,
      "avg_communication_size": 22191.888671875,
      "std_communication_size": 28522.96694088497,
      "total_communication": 66575.666015625
    },
    "neural_network": {
      "avg_encrypt_time": 0.09194864999153651,
      "std_encrypt_time": 0.02636275000986643,
      "min_encrypt_time": 0.06558589998167008,
      "max_encrypt_time": 0.11831140000140294,
      "avg_query_time": 0.06838190002599731,
      "std_query_time": 0.0,
      "min_query_time": 0.06838190002599731,
      "max_query_time": 0.06838190002599731,
      "avg_decrypt_time": 0.014728199981618673,
      "std_decrypt_time": 0.0,
      "min_decrypt_time": 0.014728199981618673,
      "max_decrypt_time": 0.014728199981618673,
      "avg_check_time": 1e-06,
      "total_check_time": 1e-06,
      "avg_communication_size": 24601.143880208332,
      "std_communication_size": 26805.934509590974,
      "total_communication": 73803.431640625
    }
  }
}