{
  "config": {
    "N": 64,
    "n": 16,
    "num_records": 512,
    "record_dim": 32,
    "model_types": [
      "dot",
      "decision_tree",
      "neural_network"
    ],
    "policy_size": 8,
    "num_runs": 1,
    "save_results": true,
    "results_dir": "experiments/results/scheme3_offline"
  },
  "models": {
    "dot": {
      "encrypt_times": [
        0.6111257000011392,
        0.0010448999819345772
      ],
      "query_times": [
        0.9457594999694265
      ],
      "decrypt_times": [
        0.06146830000216141
      ],
      "check_times": [
        1e-06
      ],
      "communication_sizes": [
        536870912,
        68116,
        17959603
      ],
      "comm_upload_sizes": [
        536870912
      ],
      "comm_query_sizes": [
        68116
      ],
      "comm_decrypt_sizes": [
        17959603
      ],
      "runs": [
        {
          "run_id": 0,
          "query_time": 0.9457594999694265,
          "decrypt_time": 0.06146830000216141,
          "check_time": 1e-06,
          "success": true,
          "num_results": 512
        }
      ]
    },
    "decision_tree": {
      "encrypt_times": [
        0.6366216999595053,
        0.0010117999627254903
      ],
      "query_times": [
        0.7322218000190333
      ],
      "decrypt_times": [
        0.13585179997608066
      ],
      "check_times": [
        1e-06
      ],
      "communication_sizes": [
        536870912,
        68111,
        34766951
      ],
      "comm_upload_sizes": [
        536870912
      ],
      "comm_query_sizes": [
        68111
      ],
      "comm_decrypt_sizes": [
        34766951
      ],
      "runs": [
        {
          "run_id": 0,
          "query_time": 0.7322218000190333,
          "decrypt_time": 0.13585179997608066,
          "check_time": 1e-06,
          "success": true,
          "num_results": 512
        }
      ]
    },
    "neural_network": {
      "encrypt_times": [
        0.5741350000025705,
        0.12389640003675595
      ],
      "query_times": [
        0.5699832999962382
      ],
      "decrypt_times": [
        0.13331449998077005
      ],
      "check_times": [
        1e-06
      ],
      "communication_sizes": [
        536870912,
        7469395,
        34768703
      ],
      "comm_upload_sizes": [
        536870912
      ],
      "comm_query_sizes": [
        7469395
      ],
      "comm_decrypt_sizes": [
        34768703
      ],
      "runs": [
        {
          "run_id": 0,
          "query_time": 0.5699832999962382,
          "decrypt_time": 0.13331449998077005,
          "check_time": 1e-06,
          "success": true,
          "num_results": 512
        }
      ]
    }
  },
  "summary": {
    "dot": {
      "avg_encrypt_time": 0.3060852999915369,
      "std_encrypt_time": 0.3050404000096023,
      "min_encrypt_time": 0.0010448999819345772,
      "max_encrypt_time": 0.6111257000011392,
      "avg_query_time": 0.9457594999694265,
      "std_query_time": 0.0,
      "min_query_time": 0.9457594999694265,
      "max_query_time": 0.9457594999694265,
      "avg_decrypt_time": 0.06146830000216141,
      "std_decrypt_time": 0.0,
      "min_decrypt_time": 0.06146830000216141,
      "max_decrypt_time": 0.06146830000216141,
      "avg_check_time": 1e-06,
      "total_check_time": 1e-06,
      "avg_communication_size": 180631.06477864584,
      "std_communication_size": 243106.81588796212,
      "total_communication": 541893.1943359375
    },
    "decision_tree": {
      "avg_encrypt_time": 0.3188167499611154,
      "std_encrypt_time": 0.31780494999838993,
      "min_encrypt_time": 0.0010117999627254903,
      "max_encrypt_time": 0.6366216999595053,
      "avg_query_time": 0.7322218000190333,
      "std_query_time": 0.0,
      "min_query_time": 0.7322218000190333,
      "max_query_time": 0.7322218000190333,
      "avg_decrypt_time": 0.13585179997608066,
      "std_decrypt_time": 0.0,
      "min_decrypt_time": 0.13585179997608066,
      "max_decrypt_time": 0.13585179997608066,
      "avg_check_time": 1e-06,
      "total_check_time": 1e-06,
      "avg_communication_size": 186102.205078125,
      "std_communication_size": 239533.2713824773,
      "total_communication": 558306.615234375
    },
    "neural_network": {
      "avg_encrypt_time": 0.3490157000196632,
      "std_encrypt_time": 0.22511929998290725,
      "min_encrypt_time": 0.12389640003675595,
      "max_encrypt_time": 0.5741350000025705,
      "avg_query_time": 0.5699832999962382,
      "std_query_time": 0.0,
      "min_query_time": 0.5699832999962382,
      "max_query_time": 0.5699832999962382,
      "avg_decrypt_time": 0.13331449998077005,
      "std_decrypt_time": 0.0,
      "min_decrypt_time": 0.13331449998077005,
      "max_decrypt_time": 0.13331449998077005,
      "avg_check_time": 1e-06,
      "total_check_time": 1e-06,
      "avg_communication_size": 188512.04752604166,
      "std_communication_size": 237678.7743567094,
      "total_communication": 565536.142578125
    }
  }
}