{
  "config": {
    "N": 64,
    "n": 16,
    "num_records": 128,
    "record_dim": 16,
    "model_types": [
      "dot",
      "decision_tree",
      "neural_network"
    ],
    "policy_size": 8,
    "num_runs": 2,
    "save_results": true,
    "results_dir": "experiments/results/scheme3_offline"
  },
  "models": {
    "dot": {
      "encrypt_times": [
        0.13883630000054836,
        0.0011104000150226057,
        0.1328244999749586,
        0.001319600036367774
      ],
      "query_times": [
        0.1756230000173673,
        0.1899715000181459
      ],
      "decrypt_times": [
        0.015517099993303418,
        0.01127940003061667
      ],
      "check_times": [
        1e-06,
        1e-06
      ],
      "communication_sizes": [
        134217728,
        68109,
        4490149,
        134217728,
        68069,
        4490388
      ],
      "comm_upload_sizes": [
        134217728,
        134217728
      ],
      "comm_query_sizes": [
        68109,
        68069
      ],
      "comm_decrypt_sizes": [
        4490149,
        4490388
      ],
      "runs": [
        {
          "run_id": 0,
          "query_time": 0.1756230000173673,
          "decrypt_time": 0.015517099993303418,
          "check_time": 1e-06,
          "success": true,
          "num_results": 128
        },
        {
          "run_id": 1,
          "query_time": 0.1899715000181459,
          "decrypt_time": 0.01127940003061667,
          "check_time": 1e-06,
          "success": true,
          "num_results": 128
        }
      ]
    },
    "decision_tree": {
      "encrypt_times": [
        0.14327900001080707,
        0.001221999991685152,
        0.13081050000619143,
        0.0014939000247977674
      ],
      "query_times": [
        0.16543079999973997,
        0.1661986000253819
      ],
      "decrypt_times": [
        0.02951240004040301,
        0.03241109999362379
      ],
      "check_times": [
        1e-06,
        1e-06
      ],
      "communication_sizes": [
        134217728,
        68027,
        8691436,
        134217728,
        68063,
        8691720
      ],
      "comm_upload_sizes": [
        134217728,
        134217728
      ],
      "comm_query_sizes": [
        68027,
        68063
      ],
      "comm_decrypt_sizes": [
        8691436,
        8691720
      ],
      "runs": [
        {
          "run_id": 0,
          "query_time": 0.16543079999973997,
          "decrypt_time": 0.02951240004040301,
          "check_time": 1e-06,
          "success": true,
          "num_results": 128
        },
        {
          "run_id": 1,
          "query_time": 0.1661986000253819,
          "decrypt_time": 0.03241109999362379,
          "check_time": 1e-06,
          "success": true,
          "num_results": 128
        }
      ]
    },
    "neural_network": {
      "encrypt_times": [
        0.13236909999977797,
        0.12711390003096312,
        0.1347061999840662,
        0.1133148999651894
      ],
      "query_times": [
        0.13783690001582727,
        0.13033369998447597
      ],
      "decrypt_times": [
        0.032387099985498935,
        0.029508800012990832
      ],
      "check_times": [
        1e-06,
        1e-06
      ],
      "communication_sizes": [
        134217728,
        7470437,
        8691397,
        134217728,
        7469202,
        8691478
      ],
      "comm_upload_sizes": [
        134217728,
        134217728
      ],
      "comm_query_sizes": [
        7470437,
        7469202
      ],
      "comm_decrypt_sizes": [
        8691397,
        8691478
      ],
      "runs": [
        {
          "run_id": 0,
          "query_time": 0.13783690001582727,
          "decrypt_time": 0.032387099985498935,
          "check_time": 1e-06,
          "success": true,
          "num_results": 128
        },
        {
          "run_id": 1,
          "query_time": 0.13033369998447597,
          "decrypt_time": 0.029508800012990832,
          "check_time": 1e-06,
          "success": true,
          "num_results": 128
        }
      ]
    }
  },
  "summary": {
    "dot": {
      "avg_encrypt_time": 0.06852270000672434,
      "std_encrypt_time": 0.06734129241973907,
      "min_encrypt_time": 0.0011104000150226057,
      "max_encrypt_time": 0.13883630000054836,
      "avg_query_time": 0.1827972500177566,
      "std_query_time": 0.007174250000389293,
      "min_query_time": 0.1756230000173673,
      "max_query_time": 0.1899715000181459,
      "avg_decrypt_time": 0.013398250011960045,
      "std_decrypt_time": 0.0021188499813433737,
      "min_decrypt_time": 0.01127940003061667,
      "max_decrypt_time": 0.015517099993303418,
      "avg_check_time": 1e-06,
      "total_check_time": 2e-06,
      "avg_communication_size": 45174.506998697914,
      "std_communication_size": 60764.28179645324,
      "total_communication": 271047.0419921875
    },
    "decision_tree": {
      "avg_encrypt_time": 0.06920135000837035,
      "std_encrypt_time": 0.06798653617685364,
      "min_encrypt_time": 0.001221999991685152,
      "max_encrypt_time": 0.14327900001080707,
      "avg_query_time": 0.16581470001256093,
      "std_query_time": 0.0003839000128209591,
      "min_query_time": 0.16543079999973997,
      "max_query_time": 0.1661986000253819,
      "avg_decrypt_time": 0.0309617500170134,
      "std_decrypt_time": 0.0014493499766103923,
      "min_decrypt_time": 0.02951240004040301,
      "max_decrypt_time": 0.03241109999362379,
      "avg_check_time": 1e-06,
      "total_check_time": 2e-06,
      "avg_communication_size": 46542.1064453125,
      "std_communication_size": 59870.45600042358,
      "total_communication": 279252.638671875
    },
    "neural_network": {
      "avg_encrypt_time": 0.12687602499499917,
      "std_encrypt_time": 0.008298286117843917,
      "min_encrypt_time": 0.1133148999651894,
      "max_encrypt_time": 0.1347061999840662,
      "avg_query_time": 0.13408530000015162,
      "std_query_time": 0.003751600015675649,
      "min_query_time": 0.13033369998447597,
      "max_query_time": 0.13783690001582727,
      "avg_decrypt_time": 0.030947949999244884,
      "std_decrypt_time": 0.0014391499862540513,
      "min_decrypt_time": 0.029508800012990832,
      "max_decrypt_time": 0.032387099985498935,
      "avg_check_time": 1e-06,
      "total_check_time": 2e-06,
      "avg_communication_size": 48951.492513020836,
      "std_communication_size": 58070.01014130344,
      "total_communication": 293708.955078125
    }
  }
}