{
  "config": {
    "N": 64,
    "n": 16,
    "num_records": 70,
    "record_dim": 32,
    "model_types": [
      "dot",
      "decision_tree",
      "neural_network"
    ],
    "policy_size": 8,
    "num_runs": 1,
    "save_results": true,
    "results_dir": "experiments/results/scheme3_offline"
  },
  "models": {
    "dot": {
      "encrypt_times": [
        0.08087730000261217,
        0.0013000000035390258
      ],
      "query_times": [
        0.11299500003224239
      ],
      "decrypt_times": [
        0.0064582000486552715
      ],
      "check_times": [
        1e-06
      ],
      "communication_sizes": [
        73400320,
        68073,
        2455347
      ],
      "comm_upload_sizes": [
        73400320
      ],
      "comm_query_sizes": [
        68073
      ],
      "comm_decrypt_sizes": [
        2455347
      ],
      "runs": [
        {
          "run_id": 0,
          "query_time": 0.11299500003224239,
          "decrypt_time": 0.0064582000486552715,
          "check_time": 1e-06,
          "success": true,
          "num_results": 70
        }
      ]
    },
    "decision_tree": {
      "encrypt_times": [
        0.07260090002091601,
        0.0010864000068977475
      ],
      "query_times": [
        0.09648680000100285
      ],
      "decrypt_times": [
        0.016705300018657
      ],
      "check_times": [
        1e-06
      ],
      "communication_sizes": [
        73400320,
        68088,
        4753299
      ],
      "comm_upload_sizes": [
        73400320
      ],
      "comm_query_sizes": [
        68088
      ],
      "comm_decrypt_sizes": [
        4753299
      ],
      "runs": [
        {
          "run_id": 0,
          "query_time": 0.09648680000100285,
          "decrypt_time": 0.016705300018657,
          "check_time": 1e-06,
          "success": true,
          "num_results": 70
        }
      ]
    },
    "neural_network": {
      "encrypt_times": [
        0.07668030000058934,
        0.11803450004663318
      ],
      "query_times": [
        0.07545230002142489
      ],
      "decrypt_times": [
        0.016994300007354468
      ],
      "check_times": [
        1e-06
      ],
      "communication_sizes": [
        73400320,
        7469772,
        4753705
      ],
      "comm_upload_sizes": [
        73400320
      ],
      "comm_query_sizes": [
        7469772
      ],
      "comm_decrypt_sizes": [
        4753705
      ],
      "runs": [
        {
          "run_id": 0,
          "query_time": 0.07545230002142489,
          "decrypt_time": 0.016994300007354468,
          "check_time": 1e-06,
          "success": true,
          "num_results": 70
        }
      ]
    }
  },
  "summary": {
    "dot": {
      "avg_encrypt_time": 0.0410886500030756,
      "std_encrypt_time": 0.039788649999536574,
      "min_encrypt_time": 0.0013000000035390258,
      "max_encrypt_time": 0.08087730000261217,
      "avg_query_time": 0.11299500003224239,
      "std_query_time": 0.0,
      "min_query_time": 0.11299500003224239,
      "max_query_time": 0.11299500003224239,
      "avg_decrypt_time": 0.0064582000486552715,
      "std_decrypt_time": 0.0,
      "min_decrypt_time": 0.0064582000486552715,
      "max_decrypt_time": 0.0064582000486552715,
      "avg_check_time": 1e-06,
      "total_check_time": 1e-06,
      "avg_communication_size": 24714.759114583332,
      "std_communication_size": 33223.07586046642,
      "total_communication": 74144.27734375
    },
    "decision_tree": {
      "avg_encrypt_time": 0.03684365001390688,
      "std_encrypt_time": 0.035757250007009134,
      "min_encrypt_time": 0.0010864000068977475,
      "max_encrypt_time": 0.07260090002091601,
      "avg_query_time": 0.09648680000100285,
      "std_query_time": 0.0,
      "min_query_time": 0.09648680000100285,
      "max_query_time": 0.09648680000100285,
      "avg_decrypt_time": 0.016705300018657,
      "std_decrypt_time": 0.0,
      "min_decrypt_time": 0.016705300018657,
      "max_decrypt_time": 0.016705300018657,
      "avg_check_time": 1e-06,
      "total_check_time": 1e-06,
      "avg_communication_size": 25462.795247395832,
      "std_communication_size": 32733.836579048886,
      "total_communication": 76388.3857421875
    },
    "neural_network": {
      "avg_encrypt_time": 0.09735740002361126,
      "std_encrypt_time": 0.02067710002302192,
      "min_encrypt_time": 0.07668030000058934,
      "max_encrypt_time": 0.11803450004663318,
      "avg_query_time": 0.07545230002142489,
      "std_query_time": 0.0,
      "min_query_time": 0.07545230002142489,
      "max_query_time": 0.07545230002142489,
      "avg_decrypt_time": 0.016994300007354468,
      "std_decrypt_time": 0.0,
      "min_decrypt_time": 0.016994300007354468,
      "max_decrypt_time": 0.016994300007354468,
      "avg_check_time": 1e-06,
      "total_check_time": 1e-06,
      "avg_communication_size": 27872.329752604168,
      "std_communication_size": 30995.62117453098,
      "total_communication": 83616.9892578125
    }
  }
}