{
  "config": {
    "N": 64,
    "n": 16,
    "num_records": 128,
    "record_dim": 128,
    "model_types": [
      "dot",
      "decision_tree",
      "neural_network"
    ],
    "policy_size": 10,
    "num_runs": 3,
    "save_results": true,
    "results_dir": "experiments/results/scheme3_offline"
  },
  "models": {
    "dot": {
      "encrypt_times": [
        0.14328359998762608,
        0.0011254000128246844,
        0.13920890004374087,
        0.0011452999897301197,
        0.14177759998710826,
        0.001236199983395636
      ],
      "query_times": [
        0.2642583000124432,
        0.25797869998496026,
        0.2657486000098288
      ],
      "decrypt_times": [
        0.011565099994186312,
        0.011573600000701845,
        0.012108399998396635
      ],
      "check_times": [
        1e-06,
        1e-06,
        1e-06
      ],
      "communication_sizes": [
        134217728,
        67919,
        4490038,
        134217728,
        67896,
        4489867,
        134217728,
        67937,
        4490005
      ],
      "comm_upload_sizes": [
        134217728,
        134217728,
        134217728
      ],
      "comm_query_sizes": [
        67919,
        67896,
        67937
      ],
      "comm_decrypt_sizes": [
        4490038,
        4489867,
        4490005
      ],
      "runs": [
        {
          "run_id": 0,
          "query_time": 0.2642583000124432,
          "decrypt_time": 0.011565099994186312,
          "check_time": 1e-06,
          "success": true,
          "num_results": 128
        },
        {
          "run_id": 1,
          "query_time": 0.25797869998496026,
          "decrypt_time": 0.011573600000701845,
          "check_time": 1e-06,
          "success": true,
          "num_results": 128
        },
        {
          "run_id": 2,
          "query_time": 0.2657486000098288,
          "decrypt_time": 0.012108399998396635,
          "check_time": 1e-06,
          "success": true,
          "num_results": 128
        }
      ]
    },
    "decision_tree": {
      "encrypt_times": [
        0.17793399997754022,
        0.001345600001513958,
        0.14191770000616089,
        0.00107559998286888,
        0.14467499998863786,
        0.001938300032634288
      ],
      "query_times": [
        0.21470900002168491,
        0.1810218000318855,
        0.17790020001120865
      ],
      "decrypt_times": [
        0.031096799997612834,
        0.032310100039467216,
        0.031640400004107505
      ],
      "check_times": [
        1e-06,
        1e-06,
        1e-06
      ],
      "communication_sizes": [
        134217728,
        67860,
        8691114,
        134217728,
        67901,
        8691833,
        134217728,
        67829,
        8691445
      ],
      "comm_upload_sizes": [
        134217728,
        134217728,
        134217728
      ],
      "comm_query_sizes": [
        67860,
        67901,
        67829
      ],
      "comm_decrypt_sizes": [
        8691114,
        8691833,
        8691445
      ],
      "runs": [
        {
          "run_id": 0,
          "query_time": 0.21470900002168491,
          "decrypt_time": 0.031096799997612834,
          "check_time": 1e-06,
          "success": true,
          "num_results": 128
        },
        {
          "run_id": 1,
          "query_time": 0.1810218000318855,
          "decrypt_time": 0.032310100039467216,
          "check_time": 1e-06,
          "success": true,
          "num_results": 128
        },
        {
          "run_id": 2,
          "query_time": 0.17790020001120865,
          "decrypt_time": 0.031640400004107505,
          "check_time": 1e-06,
          "success": true,
          "num_results": 128
        }
      ]
    },
    "neural_network": {
      "encrypt_times": [
        0.14143449999392033,
        0.11548739997670054,
        0.14299630001187325,
        0.11661149997962639,
        0.1381134000257589,
        0.11932549998164177
      ],
      "query_times": [
        0.14947569998912513,
        0.1451731999986805,
        0.1398918000049889
      ],
      "decrypt_times": [
        0.03148559998953715,
        0.03145549999317154,
        0.030774999991990626
      ],
      "check_times": [
        1e-06,
        1e-06,
        1e-06
      ],
      "communication_sizes": [
        134217728,
        7469653,
        8692464,
        134217728,
        7470339,
        8691317,
        134217728,
        7469532,
        8692576
      ],
      "comm_upload_sizes": [
        134217728,
        134217728,
        134217728
      ],
      "comm_query_sizes": [
        7469653,
        7470339,
        7469532
      ],
      "comm_decrypt_sizes": [
        8692464,
        8691317,
        8692576
      ],
      "runs": [
        {
          "run_id": 0,
          "query_time": 0.14947569998912513,
          "decrypt_time": 0.03148559998953715,
          "check_time": 1e-06,
          "success": true,
          "num_results": 128
        },
        {
          "run_id": 1,
          "query_time": 0.1451731999986805,
          "decrypt_time": 0.03145549999317154,
          "check_time": 1e-06,
          "success": true,
          "num_results": 128
        },
        {
          "run_id": 2,
          "query_time": 0.1398918000049889,
          "decrypt_time": 0.030774999991990626,
          "check_time": 1e-06,
          "success": true,
          "num_results": 128
        }
      ]
    }
  },
  "summary": {
    "dot": {
      "avg_encrypt_time": 0.07129616666740428,
      "std_encrypt_time": 0.07013729615756431,
      "min_encrypt_time": 0.0011254000128246844,
      "max_encrypt_time": 0.14328359998762608,
      "avg_query_time": 0.2626618666690774,
      "std_query_time": 0.0033669260128462004,
      "min_query_time": 0.25797869998496026,
      "max_query_time": 0.2657486000098288,
      "avg_decrypt_time": 0.01174903333109493,
      "std_decrypt_time": 0.0002541343000637543,
      "min_decrypt_time": 0.011565099994186312,
      "max_decrypt_time": 0.012108399998396635,
      "avg_check_time": 1e-06,
      "total_check_time": 3e-06,
      "avg_communication_size": 45174.35394965278,
      "std_communication_size": 60764.38850577385,
      "total_communication": 406569.185546875
    },
    "decision_tree": {
      "avg_encrypt_time": 0.07814769999822602,
      "std_encrypt_time": 0.07756324732799856,
      "min_encrypt_time": 0.00107559998286888,
      "max_encrypt_time": 0.17793399997754022,
      "avg_query_time": 0.19121033335492635,
      "std_query_time": 0.016664865196151346,
      "min_query_time": 0.17790020001120865,
      "max_query_time": 0.21470900002168491,
      "avg_decrypt_time": 0.03168243334706252,
      "std_decrypt_time": 0.0004962186005723293,
      "min_decrypt_time": 0.031096799997612834,
      "max_decrypt_time": 0.032310100039467216,
      "avg_check_time": 1e-06,
      "total_check_time": 3e-06,
      "avg_communication_size": 46542.01019965278,
      "std_communication_size": 59870.5254934215,
      "total_communication": 418878.091796875
    },
    "neural_network": {
      "avg_encrypt_time": 0.12899476666158685,
      "std_encrypt_time": 0.011994640070835576,
      "min_encrypt_time": 0.11548739997670054,
      "max_encrypt_time": 0.14299630001187325,
      "avg_query_time": 0.14484689999759817,
      "std_query_time": 0.003919407990544092,
      "min_query_time": 0.1398918000049889,
      "max_query_time": 0.14947569998912513,
      "avg_decrypt_time": 0.03123869999156644,
      "std_decrypt_time": 0.00032811559919258083,
      "min_decrypt_time": 0.030774999991990626,
      "max_decrypt_time": 0.03148559998953715,
      "avg_check_time": 1e-06,
      "total_check_time": 3e-06,
      "avg_communication_size": 48951.72146267361,
      "std_communication_size": 58069.85046168365,
      "total_communication": 440565.4931640625
    }
  }
}