{
  "config": {
    "N": 64,
    "n": 16,
    "num_records": 157,
    "record_dim": 16,
    "model_types": [
      "dot",
      "decision_tree",
      "neural_network"
    ],
    "policy_size": 8,
    "num_runs": 1,
    "save_results": true,
    "results_dir": "experiments/results/scheme3_offline"
  },
  "models": {
    "dot": {
      "encrypt_times": [
        0.18382899998687208,
        0.0012724000262096524
      ],
      "query_times": [
        0.24322010000469163
      ],
      "decrypt_times": [
        0.014379200001712888
      ],
      "check_times": [
        1e-06
      ],
      "communication_sizes": [
        164626432,
        68083,
        5506337
      ],
      "comm_upload_sizes": [
        164626432
      ],
      "comm_query_sizes": [
        68083
      ],
      "comm_decrypt_sizes": [
        5506337
      ],
      "runs": [
        {
          "run_id": 0,
          "query_time": 0.24322010000469163,
          "decrypt_time": 0.014379200001712888,
          "check_time": 1e-06,
          "success": true,
          "num_results": 157
        }
      ]
    },
    "decision_tree": {
      "encrypt_times": [
        0.17408819997217506,
        0.0010488000116311014
      ],
      "query_times": [
        0.2122413000324741
      ],
      "decrypt_times": [
        0.039242400031071156
      ],
      "check_times": [
        1e-06
      ],
      "communication_sizes": [
        164626432,
        68018,
        10661323
      ],
      "comm_upload_sizes": [
        164626432
      ],
      "comm_query_sizes": [
        68018
      ],
      "comm_decrypt_sizes": [
        10661323
      ],
      "runs": [
        {
          "run_id": 0,
          "query_time": 0.2122413000324741,
          "decrypt_time": 0.039242400031071156,
          "check_time": 1e-06,
          "success": true,
          "num_results": 157
        }
      ]
    },
    "neural_network": {
      "encrypt_times": [
        0.17658209998626262,
        0.1224680999876
      ],
      "query_times": [
        0.1775332000106573
      ],
      "decrypt_times": [
        0.03910570003790781
      ],
      "check_times": [
        1e-06
      ],
      "communication_sizes": [
        164626432,
        7469397,
        10661367
      ],
      "comm_upload_sizes": [
        164626432
      ],
      "comm_query_sizes": [
        7469397
      ],
      "comm_decrypt_sizes": [
        10661367
      ],
      "runs": [
        {
          "run_id": 0,
          "query_time": 0.1775332000106573,
          "decrypt_time": 0.03910570003790781,
          "check_time": 1e-06,
          "success": true,
          "num_results": 157
        }
      ]
    }
  },
  "summary": {
    "dot": {
      "avg_encrypt_time": 0.09255070000654086,
      "std_encrypt_time": 0.09127829998033121,
      "min_encrypt_time": 0.0012724000262096524,
      "max_encrypt_time": 0.18382899998687208,
      "avg_query_time": 0.24322010000469163,
      "std_query_time": 0.0,
      "min_query_time": 0.24322010000469163,
      "max_query_time": 0.24322010000469163,
      "avg_decrypt_time": 0.014379200001712888,
      "std_decrypt_time": 0.0,
      "min_decrypt_time": 0.014379200001712888,
      "max_decrypt_time": 0.014379200001712888,
      "avg_check_time": 1e-06,
      "total_check_time": 1e-06,
      "avg_communication_size": 55403.923177083336,
      "std_communication_size": 74535.19369727148,
      "total_communication": 166211.76953125
    },
    "decision_tree": {
      "avg_encrypt_time": 0.08756849999190308,
      "std_encrypt_time": 0.08651969998027198,
      "min_encrypt_time": 0.0010488000116311014,
      "max_encrypt_time": 0.17408819997217506,
      "avg_query_time": 0.2122413000324741,
      "std_query_time": 0.0,
      "min_query_time": 0.2122413000324741,
      "max_query_time": 0.2122413000324741,
      "avg_decrypt_time": 0.039242400031071156,
      "std_decrypt_time": 0.0,
      "min_decrypt_time": 0.039242400031071156,
      "max_decrypt_time": 0.039242400031071156,
      "avg_check_time": 1e-06,
      "total_check_time": 1e-06,
      "avg_communication_size": 57081.957356770836,
      "std_communication_size": 73438.6431510098,
      "total_communication": 171245.8720703125
    },
    "neural_network": {
      "avg_encrypt_time": 0.1495250999869313,
      "std_encrypt_time": 0.02705699999933131,
      "min_encrypt_time": 0.1224680999876,
      "max_encrypt_time": 0.17658209998626262,
      "avg_query_time": 0.1775332000106573,
      "std_query_time": 0.0,
      "min_query_time": 0.1775332000106573,
      "max_query_time": 0.1775332000106573,
      "avg_decrypt_time": 0.03910570003790781,
      "std_decrypt_time": 0.0,
      "min_decrypt_time": 0.03910570003790781,
      "max_decrypt_time": 0.03910570003790781,
      "avg_check_time": 1e-06,
      "total_check_time": 1e-06,
      "avg_communication_size": 59491.274739583336,
      "std_communication_size": 71624.76516969655,
      "total_communication": 178473.82421875
    }
  }
}