{
  "config": {
    "N": 64,
    "n": 16,
    "num_records": 512,
    "record_dim": 256,
    "model_types": [
      "dot",
      "decision_tree",
      "neural_network"
    ],
    "policy_size": 8,
    "num_runs": 1,
    "save_results": true,
    "results_dir": "experiments/results/scheme3_offline"
  },
  "models": {
    "dot": {
      "encrypt_times": [
        0.6230628999765031,
        0.002521099988371134
      ],
      "query_times": [
        1.3063449999899603
      ],
      "decrypt_times": [
        0.05030330002773553
      ],
      "check_times": [
        1e-06
      ],
      "communication_sizes": [
        536870912,
        68154,
        17959855
      ],
      "comm_upload_sizes": [
        536870912
      ],
      "comm_query_sizes": [
        68154
      ],
      "comm_decrypt_sizes": [
        17959855
      ],
      "runs": [
        {
          "run_id": 0,
          "query_time": 1.3063449999899603,
          "decrypt_time": 0.05030330002773553,
          "check_time": 1e-06,
          "success": true,
          "num_results": 512
        }
      ]
    },
    "decision_tree": {
      "encrypt_times": [
        0.5888793000485748,
        0.00106229999801144
      ],
      "query_times": [
        0.7307323000277393
      ],
      "decrypt_times": [
        0.13604479999048635
      ],
      "check_times": [
        1e-06
      ],
      "communication_sizes": [
        536870912,
        68126,
        34768270
      ],
      "comm_upload_sizes": [
        536870912
      ],
      "comm_query_sizes": [
        68126
      ],
      "comm_decrypt_sizes": [
        34768270
      ],
      "runs": [
        {
          "run_id": 0,
          "query_time": 0.7307323000277393,
          "decrypt_time": 0.13604479999048635,
          "check_time": 1e-06,
          "success": true,
          "num_results": 512
        }
      ]
    },
    "neural_network": {
      "encrypt_times": [
        0.602847300004214,
        0.1294249999918975
      ],
      "query_times": [
        0.6179899999988265
      ],
      "decrypt_times": [
        0.13998480001464486
      ],
      "check_times": [
        1e-06
      ],
      "communication_sizes": [
        536870912,
        7469554,
        34767795
      ],
      "comm_upload_sizes": [
        536870912
      ],
      "comm_query_sizes": [
        7469554
      ],
      "comm_decrypt_sizes": [
        34767795
      ],
      "runs": [
        {
          "run_id": 0,
          "query_time": 0.6179899999988265,
          "decrypt_time": 0.13998480001464486,
          "check_time": 1e-06,
          "success": true,
          "num_results": 512
        }
      ]
    }
  },
  "summary": {
    "dot": {
      "avg_encrypt_time": 0.3127919999824371,
      "std_encrypt_time": 0.310270899994066,
      "min_encrypt_time": 0.002521099988371134,
      "max_encrypt_time": 0.6230628999765031,
      "avg_query_time": 1.3063449999899603,
      "std_query_time": 0.0,
      "min_query_time": 1.3063449999899603,
      "max_query_time": 1.3063449999899603,
      "avg_decrypt_time": 0.05030330002773553,
      "std_decrypt_time": 0.0,
      "min_decrypt_time": 0.05030330002773553,
      "max_decrypt_time": 0.05030330002773553,
      "avg_check_time": 1e-06,
      "total_check_time": 1e-06,
      "avg_communication_size": 180631.1591796875,
      "std_communication_size": 243106.75166839449,
      "total_communication": 541893.4775390625
    },
    "decision_tree": {
      "avg_encrypt_time": 0.2949708000232931,
      "std_encrypt_time": 0.2939085000252817,
      "min_encrypt_time": 0.00106229999801144,
      "max_encrypt_time": 0.5888793000485748,
      "avg_query_time": 0.7307323000277393,
      "std_query_time": 0.0,
      "min_query_time": 0.7307323000277393,
      "max_query_time": 0.7307323000277393,
      "avg_decrypt_time": 0.13604479999048635,
      "std_decrypt_time": 0.0,
      "min_decrypt_time": 0.13604479999048635,
      "max_decrypt_time": 0.13604479999048635,
      "avg_check_time": 1e-06,
      "total_check_time": 1e-06,
      "avg_communication_size": 186102.63932291666,
      "std_communication_size": 239532.99486263123,
      "total_communication": 558307.91796875
    },
    "neural_network": {
      "avg_encrypt_time": 0.36613614999805577,
      "std_encrypt_time": 0.23671115000615828,
      "min_encrypt_time": 0.1294249999918975,
      "max_encrypt_time": 0.602847300004214,
      "avg_query_time": 0.6179899999988265,
      "std_query_time": 0.0,
      "min_query_time": 0.6179899999988265,
      "max_query_time": 0.6179899999988265,
      "avg_decrypt_time": 0.13998480001464486,
      "std_decrypt_time": 0.0,
      "min_decrypt_time": 0.13998480001464486,
      "max_decrypt_time": 0.13998480001464486,
      "avg_check_time": 1e-06,
      "total_check_time": 1e-06,
      "avg_communication_size": 188511.8037109375,
      "std_communication_size": 237678.92710021706,
      "total_communication": 565535.4111328125
    }
  }
}