{
  "config": {
    "N": 64,
    "n": 16,
    "num_records": 64,
    "record_dim": 64,
    "model_types": [
      "dot",
      "decision_tree",
      "neural_network"
    ],
    "policy_size": 10,
    "num_runs": 3,
    "save_results": true,
    "results_dir": "experiments/results/scheme3_offline"
  },
  "models": {
    "dot": {
      "encrypt_times": [
        0.0740543999709189,
        0.0010658999672159553,
        0.07133710000198334,
        0.0010497000184841454,
        0.07429369998862967,
        0.0010270000202581286
      ],
      "query_times": [
        0.12001100002089515,
        0.11783860001014546,
        0.12393770000198856
      ],
      "decrypt_times": [
        0.006603699992410839,
        0.006558299995958805,
        0.006053699995391071
      ],
      "check_times": [
        1e-06,
        1e-06,
        1e-06
      ],
      "communication_sizes": [
        67108864,
        68089,
        2244805,
        67108864,
        68058,
        2245103,
        67108864,
        68153,
        2244740
      ],
      "comm_upload_sizes": [
        67108864,
        67108864,
        67108864
      ],
      "comm_query_sizes": [
        68089,
        68058,
        68153
      ],
      "comm_decrypt_sizes": [
        2244805,
        2245103,
        2244740
      ],
      "runs": [
        {
          "run_id": 0,
          "query_time": 0.12001100002089515,
          "decrypt_time": 0.006603699992410839,
          "check_time": 1e-06,
          "success": true,
          "num_results": 64
        },
        {
          "run_id": 1,
          "query_time": 0.11783860001014546,
          "decrypt_time": 0.006558299995958805,
          "check_time": 1e-06,
          "success": true,
          "num_results": 64
        },
        {
          "run_id": 2,
          "query_time": 0.12393770000198856,
          "decrypt_time": 0.006053699995391071,
          "check_time": 1e-06,
          "success": true,
          "num_results": 64
        }
      ]
    },
    "decision_tree": {
      "encrypt_times": [
        0.06803190003847703,
        0.0011648000217974186,
        0.07491349999327213,
        0.001228499982971698,
        0.06879499997012317,
        0.0010550000006332994
      ],
      "query_times": [
        0.09200299996882677,
        0.0855722000123933,
        0.0837473000283353
      ],
      "decrypt_times": [
        0.015717800008133054,
        0.01718650001566857,
        0.015913199982605875
      ],
      "check_times": [
        1e-06,
        1e-06,
        1e-06
      ],
      "communication_sizes": [
        67108864,
        68079,
        4346120,
        67108864,
        68177,
        4345729,
        67108864,
        68034,
        4345856
      ],
      "comm_upload_sizes": [
        67108864,
        67108864,
        67108864
      ],
      "comm_query_sizes": [
        68079,
        68177,
        68034
      ],
      "comm_decrypt_sizes": [
        4346120,
        4345729,
        4345856
      ],
      "runs": [
        {
          "run_id": 0,
          "query_time": 0.09200299996882677,
          "decrypt_time": 0.015717800008133054,
          "check_time": 1e-06,
          "success": true,
          "num_results": 64
        },
        {
          "run_id": 1,
          "query_time": 0.0855722000123933,
          "decrypt_time": 0.01718650001566857,
          "check_time": 1e-06,
          "success": true,
          "num_results": 64
        },
        {
          "run_id": 2,
          "query_time": 0.0837473000283353,
          "decrypt_time": 0.015913199982605875,
          "check_time": 1e-06,
          "success": true,
          "num_results": 64
        }
      ]
    },
    "neural_network": {
      "encrypt_times": [
        0.07203939999453723,
        0.11966450000181794,
        0.07148829998914152,
        0.11776540003484115,
        0.06885549996513873,
        0.12310550000984222
      ],
      "query_times": [
        0.07276449998607859,
        0.06990130001213402,
        0.07016190001741052
      ],
      "decrypt_times": [
        0.016457999998237938,
        0.016154500015545636,
        0.018171100004110485
      ],
      "check_times": [
        1e-06,
        1e-06,
        1e-06
      ],
      "communication_sizes": [
        67108864,
        7470630,
        4345867,
        67108864,
        7469517,
        4345927,
        67108864,
        7470453,
        4346046
      ],
      "comm_upload_sizes": [
        67108864,
        67108864,
        67108864
      ],
      "comm_query_sizes": [
        7470630,
        7469517,
        7470453
      ],
      "comm_decrypt_sizes": [
        4345867,
        4345927,
        4346046
      ],
      "runs": [
        {
          "run_id": 0,
          "query_time": 0.07276449998607859,
          "decrypt_time": 0.016457999998237938,
          "check_time": 1e-06,
          "success": true,
          "num_results": 64
        },
        {
          "run_id": 1,
          "query_time": 0.06990130001213402,
          "decrypt_time": 0.016154500015545636,
          "check_time": 1e-06,
          "success": true,
          "num_results": 64
        },
        {
          "run_id": 2,
          "query_time": 0.07016190001741052,
          "decrypt_time": 0.018171100004110485,
          "check_time": 1e-06,
          "success": true,
          "num_results": 64
        }
      ]
    }
  },
  "summary": {
    "dot": {
      "avg_encrypt_time": 0.037137966661248356,
      "std_encrypt_time": 0.03610288812377037,
      "min_encrypt_time": 0.0010270000202581286,
      "max_encrypt_time": 0.07429369998862967,
      "avg_query_time": 0.1205957666776764,
      "std_query_time": 0.002524046910523847,
      "min_query_time": 0.11783860001014546,
      "max_query_time": 0.12393770000198856,
      "avg_decrypt_time": 0.0064052333279202385,
      "std_decrypt_time": 0.0002492616467740378,
      "min_decrypt_time": 0.006053699995391071,
      "max_decrypt_time": 0.006603699992410839,
      "avg_check_time": 1e-06,
      "total_check_time": 3e-06,
      "avg_communication_size": 22598.257378472223,
      "std_communication_size": 30373.969388016278,
      "total_communication": 203384.31640625
    },
    "decision_tree": {
      "avg_encrypt_time": 0.03586478333454579,
      "std_encrypt_time": 0.03478363317106039,
      "min_encrypt_time": 0.0010550000006332994,
      "max_encrypt_time": 0.07491349999327213,
      "avg_query_time": 0.08710750000318512,
      "std_query_time": 0.003540904302872525,
      "min_query_time": 0.0837473000283353,
      "max_query_time": 0.09200299996882677,
      "avg_decrypt_time": 0.016272500002135832,
      "std_decrypt_time": 0.0006512000747642149,
      "min_decrypt_time": 0.015717800008133054,
      "max_decrypt_time": 0.01718650001566857,
      "avg_check_time": 1e-06,
      "total_check_time": 3e-06,
      "avg_communication_size": 23282.181749131945,
      "std_communication_size": 29926.597266769724,
      "total_communication": 209539.6357421875
    },
    "neural_network": {
      "avg_encrypt_time": 0.09548643333255313,
      "std_encrypt_time": 0.02476093865227875,
      "min_encrypt_time": 0.06885549996513873,
      "max_encrypt_time": 0.12310550000984222,
      "avg_query_time": 0.07094256667187437,
      "std_query_time": 0.0012926868251160442,
      "min_query_time": 0.06990130001213402,
      "max_query_time": 0.07276449998607859,
      "avg_decrypt_time": 0.016927866672631353,
      "std_decrypt_time": 0.0008877874735352236,
      "min_decrypt_time": 0.016154500015545636,
      "max_decrypt_time": 0.018171100004110485,
      "avg_check_time": 1e-06,
      "total_check_time": 3e-06,
      "avg_communication_size": 25691.735243055555,
      "std_communication_size": 28201.669803776815,
      "total_communication": 231225.6171875
    }
  }
}