{
  "config": {
    "N": 64,
    "n": 16,
    "num_records": 115,
    "record_dim": 32,
    "model_types": [
      "dot",
      "decision_tree",
      "neural_network"
    ],
    "policy_size": 8,
    "num_runs": 1,
    "save_results": true,
    "results_dir": "experiments/results/scheme3_offline"
  },
  "models": {
    "dot": {
      "encrypt_times": [
        0.12372829997912049,
        0.001040700008161366
      ],
      "query_times": [
        0.18352620000950992
      ],
      "decrypt_times": [
        0.01051349996123463
      ],
      "check_times": [
        1e-06
      ],
      "communication_sizes": [
        120586240,
        68118,
        4034424
      ],
      "comm_upload_sizes": [
        120586240
      ],
      "comm_query_sizes": [
        68118
      ],
      "comm_decrypt_sizes": [
        4034424
      ],
      "runs": [
        {
          "run_id": 0,
          "query_time": 0.18352620000950992,
          "decrypt_time": 0.01051349996123463,
          "check_time": 1e-06,
          "success": true,
          "num_results": 115
        }
      ]
    },
    "decision_tree": {
      "encrypt_times": [
        0.12620539998169988,
        0.0011190999648533762
      ],
      "query_times": [
        0.14774929999839514
      ],
      "decrypt_times": [
        0.02916999999433756
      ],
      "check_times": [
        1e-06
      ],
      "communication_sizes": [
        120586240,
        68080,
        7809191
      ],
      "comm_upload_sizes": [
        120586240
      ],
      "comm_query_sizes": [
        68080
      ],
      "comm_decrypt_sizes": [
        7809191
      ],
      "runs": [
        {
          "run_id": 0,
          "query_time": 0.14774929999839514,
          "decrypt_time": 0.02916999999433756,
          "check_time": 1e-06,
          "success": true,
          "num_results": 115
        }
      ]
    },
    "neural_network": {
      "encrypt_times": [
        0.11849199997959659,
        0.11701669998001307
      ],
      "query_times": [
        0.12393589998828247
      ],
      "decrypt_times": [
        0.030391399981454015
      ],
      "check_times": [
        1e-06
      ],
      "communication_sizes": [
        120586240,
        7469571,
        7809401
      ],
      "comm_upload_sizes": [
        120586240
      ],
      "comm_query_sizes": [
        7469571
      ],
      "comm_decrypt_sizes": [
        7809401
      ],
      "runs": [
        {
          "run_id": 0,
          "query_time": 0.12393589998828247,
          "decrypt_time": 0.030391399981454015,
          "check_time": 1e-06,
          "success": true,
          "num_results": 115
        }
      ]
    }
  },
  "summary": {
    "dot": {
      "avg_encrypt_time": 0.06238449999364093,
      "std_encrypt_time": 0.061343799985479563,
      "min_encrypt_time": 0.001040700008161366,
      "max_encrypt_time": 0.12372829997912049,
      "avg_query_time": 0.18352620000950992,
      "std_query_time": 0.0,
      "min_query_time": 0.18352620000950992,
      "max_query_time": 0.18352620000950992,
      "avg_decrypt_time": 0.01051349996123463,
      "std_decrypt_time": 0.0,
      "min_decrypt_time": 0.01051349996123463,
      "max_decrypt_time": 0.01051349996123463,
      "avg_check_time": 1e-06,
      "total_check_time": 1e-06,
      "avg_communication_size": 40588.796223958336,
      "std_communication_size": 54591.18806130094,
      "total_communication": 121766.388671875
    },
    "decision_tree": {
      "avg_encrypt_time": 0.06366224997327663,
      "std_encrypt_time": 0.06254315000842325,
      "min_encrypt_time": 0.0011190999648533762,
      "max_encrypt_time": 0.12620539998169988,
      "avg_query_time": 0.14774929999839514,
      "std_query_time": 0.0,
      "min_query_time": 0.14774929999839514,
      "max_query_time": 0.14774929999839514,
      "avg_decrypt_time": 0.02916999999433756,
      "std_decrypt_time": 0.0,
      "min_decrypt_time": 0.02916999999433756,
      "max_decrypt_time": 0.02916999999433756,
      "avg_check_time": 1e-06,
      "total_check_time": 1e-06,
      "avg_communication_size": 41817.549153645836,
      "std_communication_size": 53788.0350137856,
      "total_communication": 125452.6474609375
    },
    "neural_network": {
      "avg_encrypt_time": 0.11775434997980483,
      "std_encrypt_time": 0.0007376499997917563,
      "min_encrypt_time": 0.11701669998001307,
      "max_encrypt_time": 0.11849199997959659,
      "avg_query_time": 0.12393589998828247,
      "std_query_time": 0.0,
      "min_query_time": 0.12393589998828247,
      "max_query_time": 0.12393589998828247,
      "avg_decrypt_time": 0.030391399981454015,
      "std_decrypt_time": 0.0,
      "min_decrypt_time": 0.030391399981454015,
      "max_decrypt_time": 0.030391399981454015,
      "avg_check_time": 1e-06,
      "total_check_time": 1e-06,
      "avg_communication_size": 44226.95703125,
      "std_communication_size": 51995.88983638657,
      "total_communication": 132680.87109375
    }
  }
}