{
  "config": {
    "N": 64,
    "n": 16,
    "num_records": 72,
    "record_dim": 14,
    "model_types": [
      "dot",
      "decision_tree",
      "neural_network"
    ],
    "policy_size": 8,
    "num_runs": 1,
    "save_results": true,
    "results_dir": "experiments/results/scheme3_offline"
  },
  "models": {
    "dot": {
      "encrypt_times": [
        0.09529329999350011,
        0.0012846000026911497
      ],
      "query_times": [
        0.18811659998027608
      ],
      "decrypt_times": [
        0.0069560999982059
      ],
      "check_times": [
        1e-06
      ],
      "communication_sizes": [
        75497472,
        68112,
        2525270
      ],
      "comm_upload_sizes": [
        75497472
      ],
      "comm_query_sizes": [
        68112
      ],
      "comm_decrypt_sizes": [
        2525270
      ],
      "runs": [
        {
          "run_id": 0,
          "query_time": 0.18811659998027608,
          "decrypt_time": 0.0069560999982059,
          "check_time": 1e-06,
          "success": true,
          "num_results": 72
        }
      ]
    },
    "decision_tree": {
      "encrypt_times": [
        0.09836030000587925,
        0.0011113999644294381
      ],
      "query_times": [
        0.10594839998520911
      ],
      "decrypt_times": [
        0.018501699960324913
      ],
      "check_times": [
        1e-06
      ],
      "communication_sizes": [
        75497472,
        68106,
        4889600
      ],
      "comm_upload_sizes": [
        75497472
      ],
      "comm_query_sizes": [
        68106
      ],
      "comm_decrypt_sizes": [
        4889600
      ],
      "runs": [
        {
          "run_id": 0,
          "query_time": 0.10594839998520911,
          "decrypt_time": 0.018501699960324913,
          "check_time": 1e-06,
          "success": true,
          "num_results": 72
        }
      ]
    },
    "neural_network": {
      "encrypt_times": [
        0.09459470002911985,
        0.12443389999680221
      ],
      "query_times": [
        0.09153229999355972
      ],
      "decrypt_times": [
        0.019685700011905283
      ],
      "check_times": [
        1e-06
      ],
      "communication_sizes": [
        75497472,
        7469856,
        4888981
      ],
      "comm_upload_sizes": [
        75497472
      ],
      "comm_query_sizes": [
        7469856
      ],
      "comm_decrypt_sizes": [
        4888981
      ],
      "runs": [
        {
          "run_id": 0,
          "query_time": 0.09153229999355972,
          "decrypt_time": 0.019685700011905283,
          "check_time": 1e-06,
          "success": true,
          "num_results": 72
        }
      ]
    }
  },
  "summary": {
    "dot": {
      "avg_encrypt_time": 0.04828894999809563,
      "std_encrypt_time": 0.04700434999540448,
      "min_encrypt_time": 0.0012846000026911497,
      "max_encrypt_time": 0.09529329999350011,
      "avg_query_time": 0.18811659998027608,
      "std_query_time": 0.0,
      "min_query_time": 0.18811659998027608,
      "max_query_time": 0.18811659998027608,
      "avg_decrypt_time": 0.0069560999982059,
      "std_decrypt_time": 0.0,
      "min_decrypt_time": 0.0069560999982059,
      "max_decrypt_time": 0.0069560999982059,
      "avg_check_time": 1e-06,
      "total_check_time": 1e-06,
      "avg_communication_size": 25420.199869791668,
      "std_communication_size": 34172.81714211795,
      "total_communication": 76260.599609375
    },
    "decision_tree": {
      "avg_encrypt_time": 0.049735849985154346,
      "std_encrypt_time": 0.04862445002072491,
      "min_encrypt_time": 0.0011113999644294381,
      "max_encrypt_time": 0.09836030000587925,
      "avg_query_time": 0.10594839998520911,
      "std_query_time": 0.0,
      "min_query_time": 0.10594839998520911,
      "max_query_time": 0.10594839998520911,
      "avg_decrypt_time": 0.018501699960324913,
      "std_decrypt_time": 0.0,
      "min_decrypt_time": 0.018501699960324913,
      "max_decrypt_time": 0.018501699960324913,
      "avg_check_time": 1e-06,
      "total_check_time": 1e-06,
      "avg_communication_size": 26189.836588541668,
      "std_communication_size": 33669.47386454272,
      "total_communication": 78569.509765625
    },
    "neural_network": {
      "avg_encrypt_time": 0.10951430001296103,
      "std_encrypt_time": 0.01491959998384118,
      "min_encrypt_time": 0.09459470002911985,
      "max_encrypt_time": 0.12443389999680221,
      "avg_query_time": 0.09153229999355972,
      "std_query_time": 0.0,
      "min_query_time": 0.09153229999355972,
      "max_query_time": 0.09153229999355972,
      "avg_decrypt_time": 0.019685700011905283,
      "std_decrypt_time": 0.0,
      "min_decrypt_time": 0.019685700011905283,
      "max_decrypt_time": 0.019685700011905283,
      "avg_check_time": 1e-06,
      "total_check_time": 1e-06,
      "avg_communication_size": 28599.058919270832,
      "std_communication_size": 31927.564667262042,
      "total_communication": 85797.1767578125
    }
  }
}