{
  "config": {
    "N": 64,
    "n": 16,
    "num_records": 300,
    "record_dim": 256,
    "model_types": [
      "dot",
      "decision_tree",
      "neural_network"
    ],
    "policy_size": 8,
    "num_runs": 1,
    "save_results": true,
    "results_dir": "experiments/results/scheme3_offline"
  },
  "models": {
    "dot": {
      "encrypt_times": [
        0.38238750002346933,
        0.0012355000362731516
      ],
      "query_times": [
        0.7871244999696501
      ],
      "decrypt_times": [
        0.030603100021835417
      ],
      "check_times": [
        1e-06
      ],
      "communication_sizes": [
        314572800,
        68077,
        10524401
      ],
      "comm_upload_sizes": [
        314572800
      ],
      "comm_query_sizes": [
        68077
      ],
      "comm_decrypt_sizes": [
        10524401
      ],
      "runs": [
        {
          "run_id": 0,
          "query_time": 0.7871244999696501,
          "decrypt_time": 0.030603100021835417,
          "check_time": 1e-06,
          "success": true,
          "num_results": 300
        }
      ]
    },
    "decision_tree": {
      "encrypt_times": [
        0.38121300004422665,
        0.00270389998331666
      ],
      "query_times": [
        0.4459975999779999
      ],
      "decrypt_times": [
        0.08081030001631007
      ],
      "check_times": [
        1e-06
      ],
      "communication_sizes": [
        314572800,
        68089,
        20372401
      ],
      "comm_upload_sizes": [
        314572800
      ],
      "comm_query_sizes": [
        68089
      ],
      "comm_decrypt_sizes": [
        20372401
      ],
      "runs": [
        {
          "run_id": 0,
          "query_time": 0.4459975999779999,
          "decrypt_time": 0.08081030001631007,
          "check_time": 1e-06,
          "success": true,
          "num_results": 300
        }
      ]
    },
    "neural_network": {
      "encrypt_times": [
        0.36663770000450313,
        0.13010259997099638
      ],
      "query_times": [
        0.3570897000026889
      ],
      "decrypt_times": [
        0.0841190000064671
      ],
      "check_times": [
        1e-06
      ],
      "communication_sizes": [
        314572800,
        7470232,
        20371536
      ],
      "comm_upload_sizes": [
        314572800
      ],
      "comm_query_sizes": [
        7470232
      ],
      "comm_decrypt_sizes": [
        20371536
      ],
      "runs": [
        {
          "run_id": 0,
          "query_time": 0.3570897000026889,
          "decrypt_time": 0.0841190000064671,
          "check_time": 1e-06,
          "success": true,
          "num_results": 300
        }
      ]
    }
  },
  "summary": {
    "dot": {
      "avg_encrypt_time": 0.19181150002987124,
      "std_encrypt_time": 0.1905759999935981,
      "min_encrypt_time": 0.0012355000362731516,
      "max_encrypt_time": 0.38238750002346933,
      "avg_query_time": 0.7871244999696501,
      "std_query_time": 0.0,
      "min_query_time": 0.7871244999696501,
      "max_query_time": 0.7871244999696501,
      "avg_decrypt_time": 0.030603100021835417,
      "std_decrypt_time": 0.0,
      "min_decrypt_time": 0.030603100021835417,
      "max_decrypt_time": 0.030603100021835417,
      "avg_check_time": 1e-06,
      "total_check_time": 1e-06,
      "avg_communication_size": 105848.072265625,
      "std_communication_size": 142438.3294115883,
      "total_communication": 317544.216796875
    },
    "decision_tree": {
      "avg_encrypt_time": 0.19195845001377165,
      "std_encrypt_time": 0.189254550030455,
      "min_encrypt_time": 0.00270389998331666,
      "max_encrypt_time": 0.38121300004422665,
      "avg_query_time": 0.4459975999779999,
      "std_query_time": 0.0,
      "min_query_time": 0.4459975999779999,
      "max_query_time": 0.4459975999779999,
      "avg_decrypt_time": 0.08081030001631007,
      "std_decrypt_time": 0.0,
      "min_decrypt_time": 0.08081030001631007,
      "max_decrypt_time": 0.08081030001631007,
      "avg_check_time": 1e-06,
      "total_check_time": 1e-06,
      "avg_communication_size": 109053.80533854167,
      "std_communication_size": 140344.16624873877,
      "total_communication": 327161.416015625
    },
    "neural_network": {
      "avg_encrypt_time": 0.24837014998774976,
      "std_encrypt_time": 0.11826755001675338,
      "min_encrypt_time": 0.13010259997099638,
      "max_encrypt_time": 0.36663770000450313,
      "avg_query_time": 0.3570897000026889,
      "std_query_time": 0.0,
      "min_query_time": 0.3570897000026889,
      "max_query_time": 0.3570897000026889,
      "avg_decrypt_time": 0.0841190000064671,
      "std_decrypt_time": 0.0,
      "min_decrypt_time": 0.0841190000064671,
      "max_decrypt_time": 0.0841190000064671,
      "avg_check_time": 1e-06,
      "total_check_time": 1e-06,
      "avg_communication_size": 111463.07552083333,
      "std_communication_size": 138502.4451306183,
      "total_communication": 334389.2265625
    }
  }
}