{
  "config": {
    "N": 64,
    "n": 16,
    "num_records": 150,
    "record_dim": 48,
    "model_types": [
      "dot",
      "decision_tree",
      "neural_network"
    ],
    "policy_size": 8,
    "num_runs": 1,
    "save_results": true,
    "results_dir": "experiments/results/scheme3_offline"
  },
  "models": {
    "dot": {
      "encrypt_times": [
        0.2044099000049755,
        0.0022684999858029187
      ],
      "query_times": [
        0.44536040001548827
      ],
      "decrypt_times": [
        0.0175617000204511
      ],
      "check_times": [
        1e-06
      ],
      "communication_sizes": [
        157286400,
        68074,
        5261951
      ],
      "comm_upload_sizes": [
        157286400
      ],
      "comm_query_sizes": [
        68074
      ],
      "comm_decrypt_sizes": [
        5261951
      ],
      "runs": [
        {
          "run_id": 0,
          "query_time": 0.44536040001548827,
          "decrypt_time": 0.0175617000204511,
          "check_time": 1e-06,
          "success": true,
          "num_results": 150
        }
      ]
    },
    "decision_tree": {
      "encrypt_times": [
        0.19259679998503998,
        0.0012163000064902008
      ],
      "query_times": [
        0.22464789997320622
      ],
      "decrypt_times": [
        0.0415148000465706
      ],
      "check_times": [
        1e-06
      ],
      "communication_sizes": [
        157286400,
        68073,
        10185094
      ],
      "comm_upload_sizes": [
        157286400
      ],
      "comm_query_sizes": [
        68073
      ],
      "comm_decrypt_sizes": [
        10185094
      ],
      "runs": [
        {
          "run_id": 0,
          "query_time": 0.22464789997320622,
          "decrypt_time": 0.0415148000465706,
          "check_time": 1e-06,
          "success": true,
          "num_results": 150
        }
      ]
    },
    "neural_network": {
      "encrypt_times": [
        0.19269550003809854,
        0.12463530001696199
      ],
      "query_times": [
        0.16912940004840493
      ],
      "decrypt_times": [
        0.03965109999990091
      ],
      "check_times": [
        1e-06
      ],
      "communication_sizes": [
        157286400,
        7469794,
        10187091
      ],
      "comm_upload_sizes": [
        157286400
      ],
      "comm_query_sizes": [
        7469794
      ],
      "comm_decrypt_sizes": [
        10187091
      ],
      "runs": [
        {
          "run_id": 0,
          "query_time": 0.16912940004840493,
          "decrypt_time": 0.03965109999990091,
          "check_time": 1e-06,
          "success": true,
          "num_results": 150
        }
      ]
    }
  },
  "summary": {
    "dot": {
      "avg_encrypt_time": 0.10333919999538921,
      "std_encrypt_time": 0.10107070000958629,
      "min_encrypt_time": 0.0022684999858029187,
      "max_encrypt_time": 0.2044099000049755,
      "avg_query_time": 0.44536040001548827,
      "std_query_time": 0.0,
      "min_query_time": 0.44536040001548827,
      "max_query_time": 0.44536040001548827,
      "avg_decrypt_time": 0.0175617000204511,
      "std_decrypt_time": 0.0,
      "min_decrypt_time": 0.0175617000204511,
      "max_decrypt_time": 0.0175617000204511,
      "avg_check_time": 1e-06,
      "total_check_time": 1e-06,
      "avg_communication_size": 52935.0341796875,
      "std_communication_size": 71210.99246940562,
      "total_communication": 158805.1025390625
    },
    "decision_tree": {
      "avg_encrypt_time": 0.09690654999576509,
      "std_encrypt_time": 0.09569024998927489,
      "min_encrypt_time": 0.0012163000064902008,
      "max_encrypt_time": 0.19259679998503998,
      "avg_query_time": 0.22464789997320622,
      "std_query_time": 0.0,
      "min_query_time": 0.22464789997320622,
      "max_query_time": 0.22464789997320622,
      "avg_decrypt_time": 0.0415148000465706,
      "std_decrypt_time": 0.0,
      "min_decrypt_time": 0.0415148000465706,
      "max_decrypt_time": 0.0415148000465706,
      "avg_check_time": 1e-06,
      "total_check_time": 1e-06,
      "avg_communication_size": 54537.619466145836,
      "std_communication_size": 70163.71118168459,
      "total_communication": 163612.8583984375
    },
    "neural_network": {
      "avg_encrypt_time": 0.15866540002753027,
      "std_encrypt_time": 0.034030100010568276,
      "min_encrypt_time": 0.12463530001696199,
      "max_encrypt_time": 0.19269550003809854,
      "avg_query_time": 0.16912940004840493,
      "std_query_time": 0.0,
      "min_query_time": 0.16912940004840493,
      "max_query_time": 0.16912940004840493,
      "avg_decrypt_time": 0.03965109999990091,
      "std_decrypt_time": 0.0,
      "min_decrypt_time": 0.03965109999990091,
      "max_decrypt_time": 0.03965109999990091,
      "avg_check_time": 1e-06,
      "total_check_time": 1e-06,
      "avg_communication_size": 56947.683919270836,
      "std_communication_size": 68352.09367581636,
      "total_communication": 170843.0517578125
    }
  }
}