{
  "config": {
    "N": 64,
    "n": 16,
    "num_records": 467,
    "record_dim": 16,
    "model_types": [
      "dot",
      "decision_tree",
      "neural_network"
    ],
    "policy_size": 8,
    "num_runs": 1,
    "save_results": true,
    "results_dir": "experiments/results/scheme3_offline"
  },
  "models": {
    "dot": {
      "encrypt_times": [
        0.5318725999677554,
        0.0011502000270411372
      ],
      "query_times": [
        0.7291537999990396
      ],
      "decrypt_times": [
        0.049124900018796325
      ],
      "check_times": [
        1e-06
      ],
      "communication_sizes": [
        489684992,
        68129,
        16380447
      ],
      "comm_upload_sizes": [
        489684992
      ],
      "comm_query_sizes": [
        68129
      ],
      "comm_decrypt_sizes": [
        16380447
      ],
      "runs": [
        {
          "run_id": 0,
          "query_time": 0.7291537999990396,
          "decrypt_time": 0.049124900018796325,
          "check_time": 1e-06,
          "success": true,
          "num_results": 467
        }
      ]
    },
    "decision_tree": {
      "encrypt_times": [
        0.5263831000193022,
        0.0010553000029176474
      ],
      "query_times": [
        0.689695600012783
      ],
      "decrypt_times": [
        0.1262410000199452
      ],
      "check_times": [
        1e-06
      ],
      "communication_sizes": [
        489684992,
        68066,
        31712300
      ],
      "comm_upload_sizes": [
        489684992
      ],
      "comm_query_sizes": [
        68066
      ],
      "comm_decrypt_sizes": [
        31712300
      ],
      "runs": [
        {
          "run_id": 0,
          "query_time": 0.689695600012783,
          "decrypt_time": 0.1262410000199452,
          "check_time": 1e-06,
          "success": true,
          "num_results": 467
        }
      ]
    },
    "neural_network": {
      "encrypt_times": [
        0.5352753000333905,
        0.12624369998229668
      ],
      "query_times": [
        0.5074087999528274
      ],
      "decrypt_times": [
        0.12943460000678897
      ],
      "check_times": [
        1e-06
      ],
      "communication_sizes": [
        489684992,
        7469806,
        31711070
      ],
      "comm_upload_sizes": [
        489684992
      ],
      "comm_query_sizes": [
        7469806
      ],
      "comm_decrypt_sizes": [
        31711070
      ],
      "runs": [
        {
          "run_id": 0,
          "query_time": 0.5074087999528274,
          "decrypt_time": 0.12943460000678897,
          "check_time": 1e-06,
          "success": true,
          "num_results": 467
        }
      ]
    }
  },
  "summary": {
    "dot": {
      "avg_encrypt_time": 0.26651139999739826,
      "std_encrypt_time": 0.2653611999703571,
      "min_encrypt_time": 0.0011502000270411372,
      "max_encrypt_time": 0.5318725999677554,
      "avg_query_time": 0.7291537999990396,
      "std_query_time": 0.0,
      "min_query_time": 0.7291537999990396,
      "max_query_time": 0.7291537999990396,
      "avg_decrypt_time": 0.049124900018796325,
      "std_decrypt_time": 0.0,
      "min_decrypt_time": 0.049124900018796325,
      "max_decrypt_time": 0.049124900018796325,
      "avg_check_time": 1e-06,
      "total_check_time": 1e-06,
      "avg_communication_size": 164757.02083333334,
      "std_communication_size": 221738.70277851803,
      "total_communication": 494271.0625
    },
    "decision_tree": {
      "avg_encrypt_time": 0.26371920001110993,
      "std_encrypt_time": 0.2626639000081923,
      "min_encrypt_time": 0.0010553000029176474,
      "max_encrypt_time": 0.5263831000193022,
      "avg_query_time": 0.689695600012783,
      "std_query_time": 0.0,
      "min_query_time": 0.689695600012783,
      "max_query_time": 0.689695600012783,
      "avg_decrypt_time": 0.1262410000199452,
      "std_decrypt_time": 0.0,
      "min_decrypt_time": 0.1262410000199452,
      "max_decrypt_time": 0.1262410000199452,
      "avg_check_time": 1e-06,
      "total_check_time": 1e-06,
      "avg_communication_size": 169747.837890625,
      "std_communication_size": 218478.82574682072,
      "total_communication": 509243.513671875
    },
    "neural_network": {
      "avg_encrypt_time": 0.3307595000078436,
      "std_encrypt_time": 0.20451580002554692,
      "min_encrypt_time": 0.12624369998229668,
      "max_encrypt_time": 0.5352753000333905,
      "avg_query_time": 0.5074087999528274,
      "std_query_time": 0.0,
      "min_query_time": 0.5074087999528274,
      "max_query_time": 0.5074087999528274,
      "avg_decrypt_time": 0.12943460000678897,
      "std_decrypt_time": 0.0,
      "min_decrypt_time": 0.12943460000678897,
      "max_decrypt_time": 0.12943460000678897,
      "avg_check_time": 1e-06,
      "total_check_time": 1e-06,
      "avg_communication_size": 172156.85807291666,
      "std_communication_size": 216626.52982037075,
      "total_communication": 516470.57421875
    }
  }
}