{
  "config": {
    "N": 64,
    "n": 16,
    "num_records": 64,
    "record_dim": 64,
    "model_types": [
      "dot",
      "decision_tree",
      "neural_network"
    ],
    "policy_size": 10,
    "num_runs": 3,
    "save_results": true,
    "results_dir": "experiments/results/scheme3_offline"
  },
  "models": {
    "dot": {
      "encrypt_times": [
        0.07438830001046881,
        0.0021490000071935356,
        0.07393399998545647,
        0.0011617999989539385,
        0.0740850999718532,
        0.0011103000142611563
      ],
      "query_times": [
        0.12079169997014105,
        0.12453299999469891,
        0.12305759999435395
      ],
      "decrypt_times": [
        0.006096199969761074,
        0.006801699986681342,
        0.006393299961928278
      ],
      "check_times": [
        1e-06,
        1e-06,
        1e-06
      ],
      "communication_sizes": [
        67108864,
        67108864,
        67108864
      ],
      "runs": [
        {
          "run_id": 0,
          "query_time": 0.12079169997014105,
          "decrypt_time": 0.006096199969761074,
          "check_time": 1e-06,
          "success": true,
          "num_results": 64
        },
        {
          "run_id": 1,
          "query_time": 0.12453299999469891,
          "decrypt_time": 0.006801699986681342,
          "check_time": 1e-06,
          "success": true,
          "num_results": 64
        },
        {
          "run_id": 2,
          "query_time": 0.12305759999435395,
          "decrypt_time": 0.006393299961928278,
          "check_time": 1e-06,
          "success": true,
          "num_results": 64
        }
      ]
    },
    "decision_tree": {
      "encrypt_times": [
        0.07228560000658035,
        0.0011650000233203173,
        0.07773609994910657,
        0.0012529999949038029,
        0.0749771999544464,
        0.001434299978427589
      ],
      "query_times": [
        0.08912610000697896,
        0.09365440002875403,
        0.08999150001909584
      ],
      "decrypt_times": [
        0.016471600043587387,
        0.016671600053086877,
        0.015778399945702404
      ],
      "check_times": [
        1e-06,
        1e-06,
        1e-06
      ],
      "communication_sizes": [
        67108864,
        67108864,
        67108864
      ],
      "runs": [
        {
          "run_id": 0,
          "query_time": 0.08912610000697896,
          "decrypt_time": 0.016471600043587387,
          "check_time": 1e-06,
          "success": true,
          "num_results": 64
        },
        {
          "run_id": 1,
          "query_time": 0.09365440002875403,
          "decrypt_time": 0.016671600053086877,
          "check_time": 1e-06,
          "success": true,
          "num_results": 64
        },
        {
          "run_id": 2,
          "query_time": 0.08999150001909584,
          "decrypt_time": 0.015778399945702404,
          "check_time": 1e-06,
          "success": true,
          "num_results": 64
        }
      ]
    },
    "neural_network": {
      "encrypt_times": [
        0.07421200000680983,
        0.12527580000460148,
        0.07072730001527816,
        0.12258989998372272,
        0.07171539997216314,
        0.12021929997717962
      ],
      "query_times": [
        0.07356509997043759,
        0.06936710001900792,
        0.06965060002403334
      ],
      "decrypt_times": [
        0.017228500044438988,
        0.015470100042875856,
        0.016428799950517714
      ],
      "check_times": [
        1e-06,
        1e-06,
        1e-06
      ],
      "communication_sizes": [
        67108864,
        67108864,
        67108864
      ],
      "runs": [
        {
          "run_id": 0,
          "query_time": 0.07356509997043759,
          "decrypt_time": 0.017228500044438988,
          "check_time": 1e-06,
          "success": true,
          "num_results": 64
        },
        {
          "run_id": 1,
          "query_time": 0.06936710001900792,
          "decrypt_time": 0.015470100042875856,
          "check_time": 1e-06,
          "success": true,
          "num_results": 64
        },
        {
          "run_id": 2,
          "query_time": 0.06965060002403334,
          "decrypt_time": 0.016428799950517714,
          "check_time": 1e-06,
          "success": true,
          "num_results": 64
        }
      ]
    }
  },
  "summary": {
    "dot": {
      "avg_encrypt_time": 0.037804749998031184,
      "std_encrypt_time": 0.03633286753993046,
      "min_encrypt_time": 0.0011103000142611563,
      "max_encrypt_time": 0.07438830001046881,
      "avg_query_time": 0.12279409998639797,
      "std_query_time": 0.0015387019765771752,
      "min_query_time": 0.12079169997014105,
      "max_query_time": 0.12453299999469891,
      "avg_decrypt_time": 0.006430399972790231,
      "std_decrypt_time": 0.0002892114296647496,
      "min_decrypt_time": 0.006096199969761074,
      "max_decrypt_time": 0.006801699986681342,
      "avg_check_time": 1e-06,
      "total_check_time": 3e-06,
      "avg_communication_size": 65536.0,
      "std_communication_size": 0.0,
      "total_communication": 196608.0
    },
    "decision_tree": {
      "avg_encrypt_time": 0.03814186665113084,
      "std_encrypt_time": 0.0368914222579623,
      "min_encrypt_time": 0.0011650000233203173,
      "max_encrypt_time": 0.07773609994910657,
      "avg_query_time": 0.09092400001827627,
      "std_query_time": 0.0019627433960582915,
      "min_query_time": 0.08912610000697896,
      "max_query_time": 0.09365440002875403,
      "avg_decrypt_time": 0.016307200014125556,
      "std_decrypt_time": 0.00038272891644365093,
      "min_decrypt_time": 0.015778399945702404,
      "max_decrypt_time": 0.016671600053086877,
      "avg_check_time": 1e-06,
      "total_check_time": 3e-06,
      "avg_communication_size": 65536.0,
      "std_communication_size": 0.0,
      "total_communication": 196608.0
    },
    "neural_network": {
      "avg_encrypt_time": 0.09745661665995915,
      "std_encrypt_time": 0.02530186901069767,
      "min_encrypt_time": 0.07072730001527816,
      "max_encrypt_time": 0.12527580000460148,
      "avg_query_time": 0.07086093333782628,
      "std_query_time": 0.0019156340892610684,
      "min_query_time": 0.06936710001900792,
      "max_query_time": 0.07356509997043759,
      "avg_decrypt_time": 0.016375800012610853,
      "std_decrypt_time": 0.0007188413763076913,
      "min_decrypt_time": 0.015470100042875856,
      "max_decrypt_time": 0.017228500044438988,
      "avg_check_time": 1e-06,
      "total_check_time": 3e-06,
      "avg_communication_size": 65536.0,
      "std_communication_size": 0.0,
      "total_communication": 196608.0
    }
  }
}