{
  "config": {
    "N": 64,
    "n": 16,
    "num_records": 32,
    "record_dim": 32,
    "model_types": [
      "dot",
      "decision_tree",
      "neural_network"
    ],
    "policy_size": 10,
    "num_runs": 3,
    "save_results": true,
    "results_dir": "experiments/results/scheme3_offline"
  },
  "models": {
    "dot": {
      "encrypt_times": [
        0.0363686999771744,
        0.0011172000085934997,
        0.03471259999787435,
        0.001061399991158396,
        0.035233400005381554,
        0.0010871000122278929
      ],
      "query_times": [
        0.05498329998226836,
        0.05095950001850724,
        0.05402689997572452
      ],
      "decrypt_times": [
        0.002870099968276918,
        0.0029707999783568084,
        0.0029146999586373568
      ],
      "check_times": [
        1e-06,
        1e-06,
        1e-06
      ],
      "communication_sizes": [
        33554432,
        67920,
        1122383,
        33554432,
        67824,
        1122502,
        33554432,
        67888,
        1122690
      ],
      "comm_upload_sizes": [
        33554432,
        33554432,
        33554432
      ],
      "comm_query_sizes": [
        67920,
        67824,
        67888
      ],
      "comm_decrypt_sizes": [
        1122383,
        1122502,
        1122690
      ],
      "runs": [
        {
          "run_id": 0,
          "query_time": 0.05498329998226836,
          "decrypt_time": 0.002870099968276918,
          "check_time": 1e-06,
          "success": true,
          "num_results": 32
        },
        {
          "run_id": 1,
          "query_time": 0.05095950001850724,
          "decrypt_time": 0.0029707999783568084,
          "check_time": 1e-06,
          "success": true,
          "num_results": 32
        },
        {
          "run_id": 2,
          "query_time": 0.05402689997572452,
          "decrypt_time": 0.0029146999586373568,
          "check_time": 1e-06,
          "success": true,
          "num_results": 32
        }
      ]
    },
    "decision_tree": {
      "encrypt_times": [
        0.03584000002592802,
        0.0011675999849103391,
        0.035165000008419156,
        0.001124700007494539,
        0.034136899979785085,
        0.0011494000209495425
      ],
      "query_times": [
        0.04346170002827421,
        0.04276219999883324,
        0.041434999962802976
      ],
      "decrypt_times": [
        0.007932999986223876,
        0.0076428999891504645,
        0.00798010005382821
      ],
      "check_times": [
        1e-06,
        1e-06,
        1e-06
      ],
      "communication_sizes": [
        33554432,
        67983,
        2172937,
        33554432,
        67944,
        2172704,
        33554432,
        67895,
        2172842
      ],
      "comm_upload_sizes": [
        33554432,
        33554432,
        33554432
      ],
      "comm_query_sizes": [
        67983,
        67944,
        67895
      ],
      "comm_decrypt_sizes": [
        2172937,
        2172704,
        2172842
      ],
      "runs": [
        {
          "run_id": 0,
          "query_time": 0.04346170002827421,
          "decrypt_time": 0.007932999986223876,
          "check_time": 1e-06,
          "success": true,
          "num_results": 32
        },
        {
          "run_id": 1,
          "query_time": 0.04276219999883324,
          "decrypt_time": 0.0076428999891504645,
          "check_time": 1e-06,
          "success": true,
          "num_results": 32
        },
        {
          "run_id": 2,
          "query_time": 0.041434999962802976,
          "decrypt_time": 0.00798010005382821,
          "check_time": 1e-06,
          "success": true,
          "num_results": 32
        }
      ]
    },
    "neural_network": {
      "encrypt_times": [
        0.03466240002308041,
        0.12062770000193268,
        0.03512269997736439,
        0.12179409997770563,
        0.034735399996861815,
        0.11901560000842437
      ],
      "query_times": [
        0.03522789996350184,
        0.03618469997309148,
        0.0354873999604024
      ],
      "decrypt_times": [
        0.008280300011392683,
        0.008646900008898228,
        0.008289300021715462
      ],
      "check_times": [
        1e-06,
        1e-06,
        1e-06
      ],
      "communication_sizes": [
        33554432,
        7469310,
        2173119,
        33554432,
        7470006,
        2173022,
        33554432,
        7469332,
        2172978
      ],
      "comm_upload_sizes": [
        33554432,
        33554432,
        33554432
      ],
      "comm_query_sizes": [
        7469310,
        7470006,
        7469332
      ],
      "comm_decrypt_sizes": [
        2173119,
        2173022,
        2172978
      ],
      "runs": [
        {
          "run_id": 0,
          "query_time": 0.03522789996350184,
          "decrypt_time": 0.008280300011392683,
          "check_time": 1e-06,
          "success": true,
          "num_results": 32
        },
        {
          "run_id": 1,
          "query_time": 0.03618469997309148,
          "decrypt_time": 0.008646900008898228,
          "check_time": 1e-06,
          "success": true,
          "num_results": 32
        },
        {
          "run_id": 2,
          "query_time": 0.0354873999604024,
          "decrypt_time": 0.008289300021715462,
          "check_time": 1e-06,
          "success": true,
          "num_results": 32
        }
      ]
    }
  },
  "summary": {
    "dot": {
      "avg_encrypt_time": 0.018263399998735014,
      "std_encrypt_time": 0.01718179864340763,
      "min_encrypt_time": 0.001061399991158396,
      "max_encrypt_time": 0.0363686999771744,
      "avg_query_time": 0.05332323332550004,
      "std_query_time": 0.0017164112955174043,
      "min_query_time": 0.05095950001850724,
      "max_query_time": 0.05498329998226836,
      "avg_decrypt_time": 0.002918533301757028,
      "std_decrypt_time": 4.119986971765289e-05,
      "min_decrypt_time": 0.002870099968276918,
      "max_decrypt_time": 0.0029707999783568084,
      "avg_check_time": 1e-06,
      "total_check_time": 3e-06,
      "avg_communication_size": 11310.167426215277,
      "std_communication_size": 15178.803701312676,
      "total_communication": 101791.5068359375
    },
    "decision_tree": {
      "avg_encrypt_time": 0.01809726667124778,
      "std_encrypt_time": 0.016957268658300762,
      "min_encrypt_time": 0.001124700007494539,
      "max_encrypt_time": 0.03584000002592802,
      "avg_query_time": 0.04255296666330347,
      "std_query_time": 0.0008405205650341369,
      "min_query_time": 0.041434999962802976,
      "max_query_time": 0.04346170002827421,
      "avg_decrypt_time": 0.007852000009734184,
      "std_decrypt_time": 0.00014910112462836975,
      "min_decrypt_time": 0.0076428999891504645,
      "max_decrypt_time": 0.00798010005382821,
      "avg_check_time": 1e-06,
      "total_check_time": 3e-06,
      "avg_communication_size": 11652.083441840277,
      "std_communication_size": 14954.771241713946,
      "total_communication": 104868.7509765625
    },
    "neural_network": {
      "avg_encrypt_time": 0.07765964999756154,
      "std_encrypt_time": 0.04282729748271987,
      "min_encrypt_time": 0.03466240002308041,
      "max_encrypt_time": 0.12179409997770563,
      "avg_query_time": 0.03563333329899857,
      "std_query_time": 0.0004040123505315601,
      "min_query_time": 0.03522789996350184,
      "max_query_time": 0.03618469997309148,
      "avg_decrypt_time": 0.008405500014002124,
      "std_decrypt_time": 0.0001707351129641699,
      "min_decrypt_time": 0.008280300011392683,
      "max_decrypt_time": 0.008646900008898228,
      "avg_check_time": 1e-06,
      "total_check_time": 3e-06,
      "avg_communication_size": 14061.5302734375,
      "std_communication_size": 13394.95843384531,
      "total_communication": 126553.7724609375
    }
  }
}