{
  "config": {
    "N": 64,
    "n": 16,
    "num_records": 512,
    "record_dim": 128,
    "model_types": [
      "dot",
      "decision_tree",
      "neural_network"
    ],
    "policy_size": 8,
    "num_runs": 1,
    "save_results": true,
    "results_dir": "experiments/results/scheme3_offline"
  },
  "models": {
    "dot": {
      "encrypt_times": [
        0.6191345999832265,
        0.0011473000049591064
      ],
      "query_times": [
        1.1523088999674655
      ],
      "decrypt_times": [
        0.049179499968886375
      ],
      "check_times": [
        1e-06
      ],
      "communication_sizes": [
        536870912,
        68024,
        17960664
      ],
      "comm_upload_sizes": [
        536870912
      ],
      "comm_query_sizes": [
        68024
      ],
      "comm_decrypt_sizes": [
        17960664
      ],
      "runs": [
        {
          "run_id": 0,
          "query_time": 1.1523088999674655,
          "decrypt_time": 0.049179499968886375,
          "check_time": 1e-06,
          "success": true,
          "num_results": 512
        }
      ]
    },
    "decision_tree": {
      "encrypt_times": [
        0.5890545999864116,
        0.0011249000090174377
      ],
      "query_times": [
        0.7159741999930702
      ],
      "decrypt_times": [
        0.13779609999619424
      ],
      "check_times": [
        1e-06
      ],
      "communication_sizes": [
        536870912,
        68100,
        34767192
      ],
      "comm_upload_sizes": [
        536870912
      ],
      "comm_query_sizes": [
        68100
      ],
      "comm_decrypt_sizes": [
        34767192
      ],
      "runs": [
        {
          "run_id": 0,
          "query_time": 0.7159741999930702,
          "decrypt_time": 0.13779609999619424,
          "check_time": 1e-06,
          "success": true,
          "num_results": 512
        }
      ]
    },
    "neural_network": {
      "encrypt_times": [
        0.6010199000011198,
        0.1295304000377655
      ],
      "query_times": [
        0.5679395999759436
      ],
      "decrypt_times": [
        0.13460970000596717
      ],
      "check_times": [
        1e-06
      ],
      "communication_sizes": [
        536870912,
        7469833,
        34767923
      ],
      "comm_upload_sizes": [
        536870912
      ],
      "comm_query_sizes": [
        7469833
      ],
      "comm_decrypt_sizes": [
        34767923
      ],
      "runs": [
        {
          "run_id": 0,
          "query_time": 0.5679395999759436,
          "decrypt_time": 0.13460970000596717,
          "check_time": 1e-06,
          "success": true,
          "num_results": 512
        }
      ]
    }
  },
  "summary": {
    "dot": {
      "avg_encrypt_time": 0.3101409499940928,
      "std_encrypt_time": 0.3089936499891337,
      "min_encrypt_time": 0.0011473000049591064,
      "max_encrypt_time": 0.6191345999832265,
      "avg_query_time": 1.1523088999674655,
      "std_query_time": 0.0,
      "min_query_time": 1.1523088999674655,
      "max_query_time": 1.1523088999674655,
      "avg_decrypt_time": 0.049179499968886375,
      "std_decrypt_time": 0.0,
      "min_decrypt_time": 0.049179499968886375,
      "max_decrypt_time": 0.049179499968886375,
      "avg_check_time": 1e-06,
      "total_check_time": 1e-06,
      "avg_communication_size": 180631.38020833334,
      "std_communication_size": 243106.60642934134,
      "total_communication": 541894.140625
    },
    "decision_tree": {
      "avg_encrypt_time": 0.29508974999771453,
      "std_encrypt_time": 0.2939648499886971,
      "min_encrypt_time": 0.0011249000090174377,
      "max_encrypt_time": 0.5890545999864116,
      "avg_query_time": 0.7159741999930702,
      "std_query_time": 0.0,
      "min_query_time": 0.7159741999930702,
      "max_query_time": 0.7159741999930702,
      "avg_decrypt_time": 0.13779609999619424,
      "std_decrypt_time": 0.0,
      "min_decrypt_time": 0.13779609999619424,
      "max_decrypt_time": 0.13779609999619424,
      "avg_check_time": 1e-06,
      "total_check_time": 1e-06,
      "avg_communication_size": 186102.27994791666,
      "std_communication_size": 239533.2243322028,
      "total_communication": 558306.83984375
    },
    "neural_network": {
      "avg_encrypt_time": 0.36527515001944266,
      "std_encrypt_time": 0.23574474998167716,
      "min_encrypt_time": 0.1295304000377655,
      "max_encrypt_time": 0.6010199000011198,
      "avg_query_time": 0.5679395999759436,
      "std_query_time": 0.0,
      "min_query_time": 0.5679395999759436,
      "max_query_time": 0.5679395999759436,
      "avg_decrypt_time": 0.13460970000596717,
      "std_decrypt_time": 0.0,
      "min_decrypt_time": 0.13460970000596717,
      "max_decrypt_time": 0.13460970000596717,
      "avg_check_time": 1e-06,
      "total_check_time": 1e-06,
      "avg_communication_size": 188511.93619791666,
      "std_communication_size": 237678.83075947117,
      "total_communication": 565535.80859375
    }
  }
}