{
  "config": {
    "N": 64,
    "n": 16,
    "num_records": 512,
    "record_dim": 4,
    "model_types": [
      "dot",
      "decision_tree",
      "neural_network"
    ],
    "policy_size": 8,
    "num_runs": 1,
    "save_results": true,
    "results_dir": "experiments/results/scheme3_offline"
  },
  "models": {
    "dot": {
      "encrypt_times": [
        0.5845777000067756,
        0.001052799983881414
      ],
      "query_times": [
        0.5479848000104539
      ],
      "decrypt_times": [
        0.05101200001081452
      ],
      "check_times": [
        1e-06
      ],
      "communication_sizes": [
        536870912,
        68199,
        17958787
      ],
      "comm_upload_sizes": [
        536870912
      ],
      "comm_query_sizes": [
        68199
      ],
      "comm_decrypt_sizes": [
        17958787
      ],
      "runs": [
        {
          "run_id": 0,
          "query_time": 0.5479848000104539,
          "decrypt_time": 0.05101200001081452,
          "check_time": 1e-06,
          "success": true,
          "num_results": 512
        }
      ]
    },
    "decision_tree": {
      "encrypt_times": [
        0.5636682999902405,
        0.0010370999807491899
      ],
      "query_times": [
        0.7061117000412196
      ],
      "decrypt_times": [
        0.1295416000066325
      ],
      "check_times": [
        1e-06
      ],
      "communication_sizes": [
        536870912,
        68066,
        34767959
      ],
      "comm_upload_sizes": [
        536870912
      ],
      "comm_query_sizes": [
        68066
      ],
      "comm_decrypt_sizes": [
        34767959
      ],
      "runs": [
        {
          "run_id": 0,
          "query_time": 0.7061117000412196,
          "decrypt_time": 0.1295416000066325,
          "check_time": 1e-06,
          "success": true,
          "num_results": 512
        }
      ]
    },
    "neural_network": {
      "encrypt_times": [
        0.5707602000329643,
        0.06788789998972788
      ],
      "query_times": [
        0.582202400022652
      ],
      "decrypt_times": [
        0.13691629999084398
      ],
      "check_times": [
        1e-06
      ],
      "communication_sizes": [
        536870912,
        3395558,
        34766573
      ],
      "comm_upload_sizes": [
        536870912
      ],
      "comm_query_sizes": [
        3395558
      ],
      "comm_decrypt_sizes": [
        34766573
      ],
      "runs": [
        {
          "run_id": 0,
          "query_time": 0.582202400022652,
          "decrypt_time": 0.13691629999084398,
          "check_time": 1e-06,
          "success": true,
          "num_results": 512
        }
      ]
    }
  },
  "summary": {
    "dot": {
      "avg_encrypt_time": 0.2928152499953285,
      "std_encrypt_time": 0.29176245001144707,
      "min_encrypt_time": 0.001052799983881414,
      "max_encrypt_time": 0.5845777000067756,
      "avg_query_time": 0.5479848000104539,
      "std_query_time": 0.0,
      "min_query_time": 0.5479848000104539,
      "max_query_time": 0.5479848000104539,
      "avg_decrypt_time": 0.05101200001081452,
      "std_decrypt_time": 0.0,
      "min_decrypt_time": 0.05101200001081452,
      "max_decrypt_time": 0.05101200001081452,
      "avg_check_time": 1e-06,
      "total_check_time": 1e-06,
      "avg_communication_size": 180630.826171875,
      "std_communication_size": 243106.97401988308,
      "total_communication": 541892.478515625
    },
    "decision_tree": {
      "avg_encrypt_time": 0.28235269998549484,
      "std_encrypt_time": 0.28131560000474565,
      "min_encrypt_time": 0.0010370999807491899,
      "max_encrypt_time": 0.5636682999902405,
      "avg_query_time": 0.7061117000412196,
      "std_query_time": 0.0,
      "min_query_time": 0.7061117000412196,
      "max_query_time": 0.7061117000412196,
      "avg_decrypt_time": 0.1295416000066325,
      "std_decrypt_time": 0.0,
      "min_decrypt_time": 0.1295416000066325,
      "max_decrypt_time": 0.1295416000066325,
      "avg_check_time": 1e-06,
      "total_check_time": 1e-06,
      "avg_communication_size": 186102.5185546875,
      "std_communication_size": 239533.0743366669,
      "total_communication": 558307.5556640625
    },
    "neural_network": {
      "avg_encrypt_time": 0.3193240500113461,
      "std_encrypt_time": 0.25143615002161823,
      "min_encrypt_time": 0.06788789998972788,
      "max_encrypt_time": 0.5707602000329643,
      "avg_query_time": 0.582202400022652,
      "std_query_time": 0.0,
      "min_query_time": 0.582202400022652,
      "max_query_time": 0.582202400022652,
      "avg_decrypt_time": 0.13691629999084398,
      "std_decrypt_time": 0.0,
      "min_decrypt_time": 0.13691629999084398,
      "max_decrypt_time": 0.13691629999084398,
      "avg_check_time": 1e-06,
      "total_check_time": 1e-06,
      "avg_communication_size": 187185.2353515625,
      "std_communication_size": 238695.54227012364,
      "total_communication": 561555.7060546875
    }
  }
}