{
  "config": {
    "N": 64,
    "n": 16,
    "num_records": 245,
    "record_dim": 128,
    "model_types": [
      "dot",
      "decision_tree",
      "neural_network"
    ],
    "policy_size": 8,
    "num_runs": 1,
    "save_results": true,
    "results_dir": "experiments/results/scheme3_offline"
  },
  "models": {
    "dot": {
      "encrypt_times": [
        0.30858439998701215,
        0.0013871999690309167
      ],
      "query_times": [
        0.5940698999911547
      ],
      "decrypt_times": [
        0.02800799999386072
      ],
      "check_times": [
        1e-06
      ],
      "communication_sizes": [
        256901120,
        68095,
        8594692
      ],
      "comm_upload_sizes": [
        256901120
      ],
      "comm_query_sizes": [
        68095
      ],
      "comm_decrypt_sizes": [
        8594692
      ],
      "runs": [
        {
          "run_id": 0,
          "query_time": 0.5940698999911547,
          "decrypt_time": 0.02800799999386072,
          "check_time": 1e-06,
          "success": true,
          "num_results": 245
        }
      ]
    },
    "decision_tree": {
      "encrypt_times": [
        0.2976586000295356,
        0.001052799983881414
      ],
      "query_times": [
        0.372213099966757
      ],
      "decrypt_times": [
        0.07225089997518808
      ],
      "check_times": [
        1e-06
      ],
      "communication_sizes": [
        256901120,
        68008,
        16637363
      ],
      "comm_upload_sizes": [
        256901120
      ],
      "comm_query_sizes": [
        68008
      ],
      "comm_decrypt_sizes": [
        16637363
      ],
      "runs": [
        {
          "run_id": 0,
          "query_time": 0.372213099966757,
          "decrypt_time": 0.07225089997518808,
          "check_time": 1e-06,
          "success": true,
          "num_results": 245
        }
      ]
    },
    "neural_network": {
      "encrypt_times": [
        0.2921003000228666,
        0.13949590001720935
      ],
      "query_times": [
        0.2778299999772571
      ],
      "decrypt_times": [
        0.06450089998543262
      ],
      "check_times": [
        1e-06
      ],
      "communication_sizes": [
        256901120,
        7469927,
        16635584
      ],
      "comm_upload_sizes": [
        256901120
      ],
      "comm_query_sizes": [
        7469927
      ],
      "comm_decrypt_sizes": [
        16635584
      ],
      "runs": [
        {
          "run_id": 0,
          "query_time": 0.2778299999772571,
          "decrypt_time": 0.06450089998543262,
          "check_time": 1e-06,
          "success": true,
          "num_results": 245
        }
      ]
    }
  },
  "summary": {
    "dot": {
      "avg_encrypt_time": 0.15498579997802153,
      "std_encrypt_time": 0.15359860000899062,
      "min_encrypt_time": 0.0013871999690309167,
      "max_encrypt_time": 0.30858439998701215,
      "avg_query_time": 0.5940698999911547,
      "std_query_time": 0.0,
      "min_query_time": 0.5940698999911547,
      "max_query_time": 0.5940698999911547,
      "avg_decrypt_time": 0.02800799999386072,
      "std_decrypt_time": 0.0,
      "min_decrypt_time": 0.02800799999386072,
      "max_decrypt_time": 0.02800799999386072,
      "avg_check_time": 1e-06,
      "total_check_time": 1e-06,
      "avg_communication_size": 86446.58430989583,
      "std_communication_size": 116321.66567570451,
      "total_communication": 259339.7529296875
    },
    "decision_tree": {
      "avg_encrypt_time": 0.1493557000067085,
      "std_encrypt_time": 0.1483029000228271,
      "min_encrypt_time": 0.001052799983881414,
      "max_encrypt_time": 0.2976586000295356,
      "avg_query_time": 0.372213099966757,
      "std_query_time": 0.0,
      "min_query_time": 0.372213099966757,
      "max_query_time": 0.372213099966757,
      "avg_decrypt_time": 0.07225089997518808,
      "std_decrypt_time": 0.0,
      "min_decrypt_time": 0.07225089997518808,
      "max_decrypt_time": 0.07225089997518808,
      "avg_check_time": 1e-06,
      "total_check_time": 1e-06,
      "avg_communication_size": 89064.61295572917,
      "std_communication_size": 114611.28766509016,
      "total_communication": 267193.8388671875
    },
    "neural_network": {
      "avg_encrypt_time": 0.21579810002003796,
      "std_encrypt_time": 0.07630220000282861,
      "min_encrypt_time": 0.13949590001720935,
      "max_encrypt_time": 0.2921003000228666,
      "avg_query_time": 0.2778299999772571,
      "std_query_time": 0.0,
      "min_query_time": 0.2778299999772571,
      "max_query_time": 0.2778299999772571,
      "avg_decrypt_time": 0.06450089998543262,
      "std_decrypt_time": 0.0,
      "min_decrypt_time": 0.06450089998543262,
      "max_decrypt_time": 0.06450089998543262,
      "avg_check_time": 1e-06,
      "total_check_time": 1e-06,
      "avg_communication_size": 91473.5126953125,
      "std_communication_size": 112776.62439968121,
      "total_communication": 274420.5380859375
    }
  }
}