{
  "config": {
    "N": 64,
    "n": 16,
    "num_records": 170,
    "record_dim": 128,
    "model_types": [
      "dot",
      "decision_tree",
      "neural_network"
    ],
    "policy_size": 8,
    "num_runs": 1,
    "save_results": true,
    "results_dir": "experiments/results/our_decart"
  },
  "models": {
    "dot": {
      "encrypt_times": [
        0.6662008000421338
      ],
      "query_times": [
        0.44452179997460917
      ],
      "decrypt_times": [
        0.021251600002869964
      ],
      "communication_sizes": [
        178266112,
        68141,
        5963339
      ],
      "comm_upload_sizes": [
        178266112
      ],
      "comm_query_sizes": [
        68141
      ],
      "comm_decrypt_sizes": [
        5963339
      ],
      "runs": [
        {
          "run_id": 0,
          "query_time": 0.44452179997460917,
          "decrypt_time": 0.021251600002869964,
          "success": true,
          "num_results": 170
        }
      ]
    },
    "decision_tree": {
      "encrypt_times": [
        0.622840299969539
      ],
      "query_times": [
        0.36125660000834614
      ],
      "decrypt_times": [
        0.0491014999570325
      ],
      "communication_sizes": [
        178266112,
        204267,
        11544158
      ],
      "comm_upload_sizes": [
        178266112
      ],
      "comm_query_sizes": [
        204267
      ],
      "comm_decrypt_sizes": [
        11544158
      ],
      "runs": [
        {
          "run_id": 0,
          "query_time": 0.36125660000834614,
          "decrypt_time": 0.0491014999570325,
          "success": true,
          "num_results": 170
        }
      ]
    },
    "neural_network": {
      "encrypt_times": [
        0.6202313000103459
      ],
      "query_times": [
        0.4333457999746315
      ],
      "decrypt_times": [
        0.048068600008264184
      ],
      "communication_sizes": [
        178266112,
        34633563,
        11543276
      ],
      "comm_upload_sizes": [
        178266112
      ],
      "comm_query_sizes": [
        34633563
      ],
      "comm_decrypt_sizes": [
        11543276
      ],
      "runs": [
        {
          "run_id": 0,
          "query_time": 0.4333457999746315,
          "decrypt_time": 0.048068600008264184,
          "success": true,
          "num_results": 170
        }
      ]
    }
  },
  "summary": {
    "dot": {
      "avg_encrypt_time": 0.6662008000421338,
      "std_encrypt_time": 0.0,
      "min_encrypt_time": 0.6662008000421338,
      "max_encrypt_time": 0.6662008000421338,
      "avg_query_time": 0.44452179997460917,
      "std_query_time": 0.0,
      "min_query_time": 0.44452179997460917,
      "max_query_time": 0.44452179997460917,
      "avg_decrypt_time": 0.021251600002869964,
      "std_decrypt_time": 0.0,
      "min_decrypt_time": 0.021251600002869964,
      "max_decrypt_time": 0.021251600002869964,
      "avg_communication_size": 59992.705729166664,
      "std_communication_size": 80711.78343398735,
      "total_communication": 179978.1171875
    },
    "decision_tree": {
      "avg_encrypt_time": 0.622840299969539,
      "std_encrypt_time": 0.0,
      "min_encrypt_time": 0.622840299969539,
      "max_encrypt_time": 0.622840299969539,
      "avg_query_time": 0.36125660000834614,
      "std_query_time": 0.0,
      "min_query_time": 0.36125660000834614,
      "max_query_time": 0.36125660000834614,
      "avg_decrypt_time": 0.0491014999570325,
      "std_decrypt_time": 0.0,
      "min_decrypt_time": 0.0491014999570325,
      "max_decrypt_time": 0.0491014999570325,
      "avg_communication_size": 61853.6904296875,
      "std_communication_size": 79490.31041318919,
      "total_communication": 185561.0712890625
    },
    "neural_network": {
      "avg_encrypt_time": 0.6202313000103459,
      "std_encrypt_time": 0.0,
      "min_encrypt_time": 0.6202313000103459,
      "max_encrypt_time": 0.6202313000103459,
      "avg_query_time": 0.4333457999746315,
      "std_query_time": 0.0,
      "min_query_time": 0.4333457999746315,
      "max_query_time": 0.4333457999746315,
      "avg_decrypt_time": 0.048068600008264184,
      "std_decrypt_time": 0.0,
      "min_decrypt_time": 0.048068600008264184,
      "max_decrypt_time": 0.048068600008264184,
      "avg_communication_size": 73060.8564453125,
      "std_communication_size": 72027.67233735332,
      "total_communication": 219182.5693359375
    }
  }
}