{
  "config": {
    "N": 64,
    "n": 16,
    "num_records": 32,
    "record_dim": 32,
    "model_types": [
      "dot",
      "decision_tree",
      "neural_network"
    ],
    "policy_size": 10,
    "num_runs": 3,
    "save_results": true,
    "results_dir": "experiments/results/our_decart"
  },
  "models": {
    "dot": {
      "encrypt_times": [
        0.3782608999754302,
        0.3706971000065096,
        0.3744329000473954
      ],
      "query_times": [
        0.05155109998304397,
        0.05238519998965785,
        0.051499699999112636
      ],
      "decrypt_times": [
        0.0036920999991707504,
        0.004004899994470179,
        0.003300699987448752
      ],
      "communication_sizes": [
        33564672,
        68273,
        1122709,
        33564672,
        68356,
        1122520,
        33564672,
        68351,
        1123072
      ],
      "comm_upload_sizes": [
        33564672,
        33564672,
        33564672
      ],
      "comm_query_sizes": [
        68273,
        68356,
        68351
      ],
      "comm_decrypt_sizes": [
        1122709,
        1122520,
        1123072
      ],
      "runs": [
        {
          "run_id": 0,
          "query_time": 0.05155109998304397,
          "decrypt_time": 0.0036920999991707504,
          "success": true,
          "num_results": 32
        },
        {
          "run_id": 1,
          "query_time": 0.05238519998965785,
          "decrypt_time": 0.004004899994470179,
          "success": true,
          "num_results": 32
        },
        {
          "run_id": 2,
          "query_time": 0.051499699999112636,
          "decrypt_time": 0.003300699987448752,
          "success": true,
          "num_results": 32
        }
      ]
    },
    "decision_tree": {
      "encrypt_times": [
        0.3798901999834925,
        0.3775807000347413,
        0.3682480999850668
      ],
      "query_times": [
        0.01717599999392405,
        0.016208299959544092,
        0.0168297000345774
      ],
      "decrypt_times": [
        0.008066700014751405,
        0.008698099991306663,
        0.008674299984704703
      ],
      "communication_sizes": [
        33564672,
        204404,
        2171107,
        33564672,
        204379,
        2171110,
        33564672,
        204504,
        2174192
      ],
      "comm_upload_sizes": [
        33564672,
        33564672,
        33564672
      ],
      "comm_query_sizes": [
        204404,
        204379,
        204504
      ],
      "comm_decrypt_sizes": [
        2171107,
        2171110,
        2174192
      ],
      "runs": [
        {
          "run_id": 0,
          "query_time": 0.01717599999392405,
          "decrypt_time": 0.008066700014751405,
          "success": true,
          "num_results": 32
        },
        {
          "run_id": 1,
          "query_time": 0.016208299959544092,
          "decrypt_time": 0.008698099991306663,
          "success": true,
          "num_results": 32
        },
        {
          "run_id": 2,
          "query_time": 0.0168297000345774,
          "decrypt_time": 0.008674299984704703,
          "success": true,
          "num_results": 32
        }
      ]
    },
    "neural_network": {
      "encrypt_times": [
        0.3629170000203885,
        0.3759511999669485,
        0.4106667999876663
      ],
      "query_times": [
        1.1210329000023194,
        0.057132699992507696,
        0.04822439997224137
      ],
      "decrypt_times": [
        0.004048900038469583,
        0.0033322999952360988,
        0.003240699996240437
      ],
      "communication_sizes": [
        33564672,
        23812,
        1122269,
        33564672,
        23812,
        1122749,
        33564672,
        23812,
        1123645
      ],
      "comm_upload_sizes": [
        33564672,
        33564672,
        33564672
      ],
      "comm_query_sizes": [
        23812,
        23812,
        23812
      ],
      "comm_decrypt_sizes": [
        1122269,
        1122749,
        1123645
      ],
      "runs": [
        {
          "run_id": 0,
          "query_time": 1.1210329000023194,
          "decrypt_time": 0.004048900038469583,
          "success": true,
          "num_results": 32
        },
        {
          "run_id": 1,
          "query_time": 0.057132699992507696,
          "decrypt_time": 0.0033322999952360988,
          "success": true,
          "num_results": 32
        },
        {
          "run_id": 2,
          "query_time": 0.04822439997224137,
          "decrypt_time": 0.003240699996240437,
          "success": true,
          "num_results": 32
        }
      ]
    }
  },
  "summary": {
    "dot": {
      "avg_encrypt_time": 0.3744636333431117,
      "std_encrypt_time": 0.0030879848762647992,
      "min_encrypt_time": 0.3706971000065096,
      "max_encrypt_time": 0.3782608999754302,
      "avg_query_time": 0.05181199999060482,
      "std_query_time": 0.00040585643502173815,
      "min_query_time": 0.051499699999112636,
      "max_query_time": 0.05238519998965785,
      "avg_decrypt_time": 0.0036658999936965606,
      "std_decrypt_time": 0.00028808475915649106,
      "min_decrypt_time": 0.003300699987448752,
      "max_decrypt_time": 0.004004899994470179,
      "avg_communication_size": 11313.725802951389,
      "std_communication_size": 15183.354580949268,
      "total_communication": 101823.5322265625
    },
    "decision_tree": {
      "avg_encrypt_time": 0.37523966666776687,
      "std_encrypt_time": 0.005032888568360563,
      "min_encrypt_time": 0.3682480999850668,
      "max_encrypt_time": 0.3798901999834925,
      "avg_query_time": 0.01673799999601518,
      "std_query_time": 0.00040034777543112665,
      "min_query_time": 0.016208299959544092,
      "max_query_time": 0.01717599999392405,
      "avg_decrypt_time": 0.008479699996920923,
      "std_decrypt_time": 0.0002921966792334466,
      "min_decrypt_time": 0.008066700014751405,
      "max_decrypt_time": 0.008698099991306663,
      "avg_communication_size": 11699.621527777777,
      "std_communication_size": 14925.295229440897,
      "total_communication": 105296.59375
    },
    "neural_network": {
      "avg_encrypt_time": 0.3831783333250011,
      "std_encrypt_time": 0.020152492677252415,
      "min_encrypt_time": 0.3629170000203885,
      "max_encrypt_time": 0.4106667999876663,
      "avg_query_time": 0.4087966666556895,
      "std_query_time": 0.5036402012820654,
      "min_query_time": 0.04822439997224137,
      "max_query_time": 1.1210329000023194,
      "avg_decrypt_time": 0.0035406333433153727,
      "std_decrypt_time": 0.0003613390974382542,
      "min_decrypt_time": 0.003240699996240437,
      "max_decrypt_time": 0.004048900038469583,
      "avg_communication_size": 11299.274631076389,
      "std_communication_size": 15194.071971497664,
      "total_communication": 101693.4716796875
    }
  }
}