{
  "config": {
    "N": 64,
    "n": 16,
    "num_records": 70,
    "record_dim": 16,
    "model_types": [
      "dot",
      "decision_tree",
      "neural_network"
    ],
    "policy_size": 8,
    "num_runs": 1,
    "save_results": true,
    "results_dir": "experiments/results/our_decart"
  },
  "models": {
    "dot": {
      "encrypt_times": [
        0.4556467999937013
      ],
      "query_times": [
        0.12567779998062178
      ],
      "decrypt_times": [
        0.008682699990458786
      ],
      "communication_sizes": [
        73408512,
        68080,
        2455836
      ],
      "comm_upload_sizes": [
        73408512
      ],
      "comm_query_sizes": [
        68080
      ],
      "comm_decrypt_sizes": [
        2455836
      ],
      "runs": [
        {
          "run_id": 0,
          "query_time": 0.12567779998062178,
          "decrypt_time": 0.008682699990458786,
          "success": true,
          "num_results": 70
        }
      ]
    },
    "decision_tree": {
      "encrypt_times": [
        0.4288432999746874
      ],
      "query_times": [
        0.14928240003064275
      ],
      "decrypt_times": [
        0.020440599997527897
      ],
      "communication_sizes": [
        73408512,
        204258,
        4753922
      ],
      "comm_upload_sizes": [
        73408512
      ],
      "comm_query_sizes": [
        204258
      ],
      "comm_decrypt_sizes": [
        4753922
      ],
      "runs": [
        {
          "run_id": 0,
          "query_time": 0.14928240003064275,
          "decrypt_time": 0.020440599997527897,
          "success": true,
          "num_results": 70
        }
      ]
    },
    "neural_network": {
      "encrypt_times": [
        0.4056492000236176
      ],
      "query_times": [
        0.1555299999890849
      ],
      "decrypt_times": [
        0.01882840000325814
      ],
      "communication_sizes": [
        73408512,
        11543895,
        4753637
      ],
      "comm_upload_sizes": [
        73408512
      ],
      "comm_query_sizes": [
        11543895
      ],
      "comm_decrypt_sizes": [
        4753637
      ],
      "runs": [
        {
          "run_id": 0,
          "query_time": 0.1555299999890849,
          "decrypt_time": 0.01882840000325814,
          "success": true,
          "num_results": 70
        }
      ]
    }
  },
  "summary": {
    "dot": {
      "avg_encrypt_time": 0.4556467999937013,
      "std_encrypt_time": 0.0,
      "min_encrypt_time": 0.4556467999937013,
      "max_encrypt_time": 0.4556467999937013,
      "avg_query_time": 0.12567779998062178,
      "std_query_time": 0.0,
      "min_query_time": 0.12567779998062178,
      "max_query_time": 0.12567779998062178,
      "avg_decrypt_time": 0.008682699990458786,
      "std_decrypt_time": 0.0,
      "min_decrypt_time": 0.008682699990458786,
      "max_decrypt_time": 0.008682699990458786,
      "avg_communication_size": 24717.587239583332,
      "std_communication_size": 33226.73693252883,
      "total_communication": 74152.76171875
    },
    "decision_tree": {
      "avg_encrypt_time": 0.4288432999746874,
      "std_encrypt_time": 0.0,
      "min_encrypt_time": 0.4288432999746874,
      "max_encrypt_time": 0.4288432999746874,
      "avg_query_time": 0.14928240003064275,
      "std_query_time": 0.0,
      "min_query_time": 0.14928240003064275,
      "max_query_time": 0.14928240003064275,
      "avg_decrypt_time": 0.020440599997527897,
      "std_decrypt_time": 0.0,
      "min_decrypt_time": 0.020440599997527897,
      "max_decrypt_time": 0.020440599997527897,
      "avg_communication_size": 25509.990885416668,
      "std_communication_size": 32703.12447878159,
      "total_communication": 76529.97265625
    },
    "neural_network": {
      "avg_encrypt_time": 0.4056492000236176,
      "std_encrypt_time": 0.0,
      "min_encrypt_time": 0.4056492000236176,
      "max_encrypt_time": 0.4056492000236176,
      "avg_query_time": 0.1555299999890849,
      "std_query_time": 0.0,
      "min_query_time": 0.1555299999890849,
      "max_query_time": 0.1555299999890849,
      "avg_decrypt_time": 0.01882840000325814,
      "std_decrypt_time": 0.0,
      "min_decrypt_time": 0.01882840000325814,
      "max_decrypt_time": 0.01882840000325814,
      "avg_communication_size": 29201.186197916668,
      "std_communication_size": 30164.437335502338,
      "total_communication": 87603.55859375
    }
  }
}