{
  "config": {
    "N": 64,
    "n": 16,
    "num_records": 128,
    "record_dim": 128,
    "model_types": [
      "dot",
      "decision_tree",
      "neural_network"
    ],
    "policy_size": 10,
    "num_runs": 3,
    "save_results": true,
    "results_dir": "experiments/results/our_decart"
  },
  "models": {
    "dot": {
      "encrypt_times": [
        0.5005670000100508,
        0.46185260004131123,
        0.5025108000263572
      ],
      "query_times": [
        0.26759259996470064,
        0.25083340000128374,
        0.2516380000161007
      ],
      "decrypt_times": [
        0.013501500012353063,
        0.011644399957731366,
        0.012129300041124225
      ],
      "communication_sizes": [
        134227968,
        68128,
        4489702,
        134227968,
        68065,
        4490454,
        134227968,
        68099,
        4490558
      ],
      "comm_upload_sizes": [
        134227968,
        134227968,
        134227968
      ],
      "comm_query_sizes": [
        68128,
        68065,
        68099
      ],
      "comm_decrypt_sizes": [
        4489702,
        4490454,
        4490558
      ],
      "runs": [
        {
          "run_id": 0,
          "query_time": 0.26759259996470064,
          "decrypt_time": 0.013501500012353063,
          "success": true,
          "num_results": 128
        },
        {
          "run_id": 1,
          "query_time": 0.25083340000128374,
          "decrypt_time": 0.011644399957731366,
          "success": true,
          "num_results": 128
        },
        {
          "run_id": 2,
          "query_time": 0.2516380000161007,
          "decrypt_time": 0.012129300041124225,
          "success": true,
          "num_results": 128
        }
      ]
    },
    "decision_tree": {
      "encrypt_times": [
        0.475292100047227,
        0.4907662000041455,
        0.48103049997007474
      ],
      "query_times": [
        0.05955609999364242,
        0.06055910000577569,
        0.06061520002549514
      ],
      "decrypt_times": [
        0.027979100006632507,
        0.029126300010830164,
        0.02965869999025017
      ],
      "communication_sizes": [
        134227968,
        204344,
        8699058,
        134227968,
        204185,
        8683310,
        134227968,
        204248,
        8686748
      ],
      "comm_upload_sizes": [
        134227968,
        134227968,
        134227968
      ],
      "comm_query_sizes": [
        204344,
        204185,
        204248
      ],
      "comm_decrypt_sizes": [
        8699058,
        8683310,
        8686748
      ],
      "runs": [
        {
          "run_id": 0,
          "query_time": 0.05955609999364242,
          "decrypt_time": 0.027979100006632507,
          "success": true,
          "num_results": 128
        },
        {
          "run_id": 1,
          "query_time": 0.06055910000577569,
          "decrypt_time": 0.029126300010830164,
          "success": true,
          "num_results": 128
        },
        {
          "run_id": 2,
          "query_time": 0.06061520002549514,
          "decrypt_time": 0.02965869999025017,
          "success": true,
          "num_results": 128
        }
      ]
    },
    "neural_network": {
      "encrypt_times": [
        0.5094087999896146,
        0.49214230000507087,
        0.46769949997542426
      ],
      "query_times": [
        0.3060317999916151,
        0.3205081000342034,
        0.3012778999982402
      ],
      "decrypt_times": [
        0.030843499989714473,
        0.032262599968817085,
        0.03226400003768504
      ],
      "communication_sizes": [
        134227968,
        34631741,
        8691566,
        134227968,
        34633607,
        8692953,
        134227968,
        34633005,
        8693179
      ],
      "comm_upload_sizes": [
        134227968,
        134227968,
        134227968
      ],
      "comm_query_sizes": [
        34631741,
        34633607,
        34633005
      ],
      "comm_decrypt_sizes": [
        8691566,
        8692953,
        8693179
      ],
      "runs": [
        {
          "run_id": 0,
          "query_time": 0.3060317999916151,
          "decrypt_time": 0.030843499989714473,
          "success": true,
          "num_results": 128
        },
        {
          "run_id": 1,
          "query_time": 0.3205081000342034,
          "decrypt_time": 0.032262599968817085,
          "success": true,
          "num_results": 128
        },
        {
          "run_id": 2,
          "query_time": 0.3012778999982402,
          "decrypt_time": 0.03226400003768504,
          "success": true,
          "num_results": 128
        }
      ]
    }
  },
  "summary": {
    "dot": {
      "avg_encrypt_time": 0.48831013335923973,
      "std_encrypt_time": 0.018725123792698427,
      "min_encrypt_time": 0.46185260004131123,
      "max_encrypt_time": 0.5025108000263572,
      "avg_query_time": 0.25668799999402836,
      "std_query_time": 0.007717709966315581,
      "min_query_time": 0.25083340000128374,
      "max_query_time": 0.26759259996470064,
      "avg_decrypt_time": 0.012425066670402884,
      "std_decrypt_time": 0.000786474656283817,
      "min_decrypt_time": 0.011644399957731366,
      "max_decrypt_time": 0.013501500012353063,
      "avg_communication_size": 45177.833116319445,
      "std_communication_size": 60768.99850849278,
      "total_communication": 406600.498046875
    },
    "decision_tree": {
      "avg_encrypt_time": 0.4823629333404824,
      "std_encrypt_time": 0.0063871473227677215,
      "min_encrypt_time": 0.475292100047227,
      "max_encrypt_time": 0.4907662000041455,
      "avg_query_time": 0.06024346667497108,
      "std_query_time": 0.00048658094153916935,
      "min_query_time": 0.05955609999364242,
      "max_query_time": 0.06061520002549514,
      "avg_decrypt_time": 0.028921366669237614,
      "std_decrypt_time": 0.0007008386795425085,
      "min_decrypt_time": 0.027979100006632507,
      "max_decrypt_time": 0.02965869999025017,
      "avg_communication_size": 46589.17068142361,
      "std_communication_size": 59841.15351847405,
      "total_communication": 419302.5361328125
    },
    "neural_network": {
      "avg_encrypt_time": 0.4897501999900366,
      "std_encrypt_time": 0.017111556207816216,
      "min_encrypt_time": 0.46769949997542426,
      "max_encrypt_time": 0.5094087999896146,
      "avg_query_time": 0.30927260000801954,
      "std_query_time": 0.0081783142890425,
      "min_query_time": 0.3012778999982402,
      "max_query_time": 0.3205081000342034,
      "avg_decrypt_time": 0.0317900333320722,
      "std_decrypt_time": 0.000669300389060285,
      "min_decrypt_time": 0.030843499989714473,
      "max_decrypt_time": 0.03226400003768504,
      "avg_communication_size": 57797.30414496528,
      "std_communication_size": 52842.00121038604,
      "total_communication": 520175.7373046875
    }
  }
}