{
  "config": {
    "N": 64,
    "n": 16,
    "num_records": 170,
    "record_dim": 8,
    "model_types": [
      "dot",
      "decision_tree",
      "neural_network"
    ],
    "policy_size": 8,
    "num_runs": 1,
    "save_results": true,
    "results_dir": "experiments/results/our_decart"
  },
  "models": {
    "dot": {
      "encrypt_times": [
        0.5142384000355378
      ],
      "query_times": [
        0.22238400002242997
      ],
      "decrypt_times": [
        0.017529600008856505
      ],
      "communication_sizes": [
        178266112,
        68083,
        5962256
      ],
      "comm_upload_sizes": [
        178266112
      ],
      "comm_query_sizes": [
        68083
      ],
      "comm_decrypt_sizes": [
        5962256
      ],
      "runs": [
        {
          "run_id": 0,
          "query_time": 0.22238400002242997,
          "decrypt_time": 0.017529600008856505,
          "success": true,
          "num_results": 170
        }
      ]
    },
    "decision_tree": {
      "encrypt_times": [
        0.5493741999962367
      ],
      "query_times": [
        0.33934090001275763
      ],
      "decrypt_times": [
        0.04410280002048239
      ],
      "communication_sizes": [
        178266112,
        204351,
        11544405
      ],
      "comm_upload_sizes": [
        178266112
      ],
      "comm_query_sizes": [
        204351
      ],
      "comm_decrypt_sizes": [
        11544405
      ],
      "runs": [
        {
          "run_id": 0,
          "query_time": 0.33934090001275763,
          "decrypt_time": 0.04410280002048239,
          "success": true,
          "num_results": 170
        }
      ]
    },
    "neural_network": {
      "encrypt_times": [
        0.5089956999872811
      ],
      "query_times": [
        0.2805471000028774
      ],
      "decrypt_times": [
        0.04283769999165088
      ],
      "communication_sizes": [
        178266112,
        6112366,
        11544265
      ],
      "comm_upload_sizes": [
        178266112
      ],
      "comm_query_sizes": [
        6112366
      ],
      "comm_decrypt_sizes": [
        11544265
      ],
      "runs": [
        {
          "run_id": 0,
          "query_time": 0.2805471000028774,
          "decrypt_time": 0.04283769999165088,
          "success": true,
          "num_results": 170
        }
      ]
    }
  },
  "summary": {
    "dot": {
      "avg_encrypt_time": 0.5142384000355378,
      "std_encrypt_time": 0.0,
      "min_encrypt_time": 0.5142384000355378,
      "max_encrypt_time": 0.5142384000355378,
      "avg_query_time": 0.22238400002242997,
      "std_query_time": 0.0,
      "min_query_time": 0.22238400002242997,
      "max_query_time": 0.22238400002242997,
      "avg_decrypt_time": 0.017529600008856505,
      "std_decrypt_time": 0.0,
      "min_decrypt_time": 0.017529600008856505,
      "max_decrypt_time": 0.017529600008856505,
      "avg_communication_size": 59992.334309895836,
      "std_communication_size": 80712.03405712215,
      "total_communication": 179977.0029296875
    },
    "decision_tree": {
      "avg_encrypt_time": 0.5493741999962367,
      "std_encrypt_time": 0.0,
      "min_encrypt_time": 0.5493741999962367,
      "max_encrypt_time": 0.5493741999962367,
      "avg_query_time": 0.33934090001275763,
      "std_query_time": 0.0,
      "min_query_time": 0.33934090001275763,
      "max_query_time": 0.33934090001275763,
      "avg_decrypt_time": 0.04410280002048239,
      "std_decrypt_time": 0.0,
      "min_decrypt_time": 0.04410280002048239,
      "max_decrypt_time": 0.04410280002048239,
      "avg_communication_size": 61853.798177083336,
      "std_communication_size": 79490.23804362312,
      "total_communication": 185561.39453125
    },
    "neural_network": {
      "avg_encrypt_time": 0.5089956999872811,
      "std_encrypt_time": 0.0,
      "min_encrypt_time": 0.5089956999872811,
      "max_encrypt_time": 0.5089956999872811,
      "avg_query_time": 0.2805471000028774,
      "std_query_time": 0.0,
      "min_query_time": 0.2805471000028774,
      "max_query_time": 0.2805471000028774,
      "avg_decrypt_time": 0.04283769999165088,
      "std_decrypt_time": 0.0,
      "min_decrypt_time": 0.04283769999165088,
      "max_decrypt_time": 0.04283769999165088,
      "avg_communication_size": 63776.9345703125,
      "std_communication_size": 78031.75863256818,
      "total_communication": 191330.8037109375
    }
  }
}