{
  "config": {
    "N": 64,
    "n": 16,
    "num_records": 64,
    "record_dim": 32,
    "model_types": [
      "dot",
      "decision_tree",
      "neural_network"
    ],
    "policy_size": 8,
    "num_runs": 2,
    "save_results": true,
    "results_dir": "experiments/results/our_decart"
  },
  "models": {
    "dot": {
      "encrypt_times": [
        0.34588560002157465,
        0.3408482000231743
      ],
      "query_times": [
        0.10851910000201315,
        0.09929929999634624
      ],
      "decrypt_times": [
        0.006320599990431219,
        0.006364400032907724
      ],
      "communication_sizes": [
        67117056,
        68228,
        2245917,
        67117056,
        68128,
        2245016
      ],
      "comm_upload_sizes": [
        67117056,
        67117056
      ],
      "comm_query_sizes": [
        68228,
        68128
      ],
      "comm_decrypt_sizes": [
        2245917,
        2245016
      ],
      "runs": [
        {
          "run_id": 0,
          "query_time": 0.10851910000201315,
          "decrypt_time": 0.006320599990431219,
          "success": true,
          "num_results": 64
        },
        {
          "run_id": 1,
          "query_time": 0.09929929999634624,
          "decrypt_time": 0.006364400032907724,
          "success": true,
          "num_results": 64
        }
      ]
    },
    "decision_tree": {
      "encrypt_times": [
        0.3488758999737911,
        0.3526791000040248
      ],
      "query_times": [
        0.1253798000398092,
        0.11845539999194443
      ],
      "decrypt_times": [
        0.019765100034419447,
        0.015792099991813302
      ],
      "communication_sizes": [
        67117056,
        204287,
        4346089,
        67117056,
        204203,
        4346119
      ],
      "comm_upload_sizes": [
        67117056,
        67117056
      ],
      "comm_query_sizes": [
        204287,
        204203
      ],
      "comm_decrypt_sizes": [
        4346089,
        4346119
      ],
      "runs": [
        {
          "run_id": 0,
          "query_time": 0.1253798000398092,
          "decrypt_time": 0.019765100034419447,
          "success": true,
          "num_results": 64
        },
        {
          "run_id": 1,
          "query_time": 0.11845539999194443,
          "decrypt_time": 0.015792099991813302,
          "success": true,
          "num_results": 64
        }
      ]
    },
    "neural_network": {
      "encrypt_times": [
        0.34697030001552776,
        0.35963570000603795
      ],
      "query_times": [
        0.19219629996223375,
        0.16177409997908399
      ],
      "decrypt_times": [
        0.02122250001411885,
        0.015593699994497001
      ],
      "communication_sizes": [
        67117056,
        22409291,
        4346103,
        67117056,
        22409235,
        4346257
      ],
      "comm_upload_sizes": [
        67117056,
        67117056
      ],
      "comm_query_sizes": [
        22409291,
        22409235
      ],
      "comm_decrypt_sizes": [
        4346103,
        4346257
      ],
      "runs": [
        {
          "run_id": 0,
          "query_time": 0.19219629996223375,
          "decrypt_time": 0.02122250001411885,
          "success": true,
          "num_results": 64
        },
        {
          "run_id": 1,
          "query_time": 0.16177409997908399,
          "decrypt_time": 0.015593699994497001,
          "success": true,
          "num_results": 64
        }
      ]
    }
  },
  "summary": {
    "dot": {
      "avg_encrypt_time": 0.34336690002237447,
      "std_encrypt_time": 0.00251869999920018,
      "min_encrypt_time": 0.3408482000231743,
      "max_encrypt_time": 0.34588560002157465,
      "avg_query_time": 0.10390919999917969,
      "std_query_time": 0.004609900002833456,
      "min_query_time": 0.09929929999634624,
      "max_query_time": 0.10851910000201315,
      "avg_decrypt_time": 0.006342500011669472,
      "std_decrypt_time": 2.190002123825252e-05,
      "min_decrypt_time": 0.006320599990431219,
      "max_decrypt_time": 0.006364400032907724,
      "avg_communication_size": 22601.139485677082,
      "std_communication_size": 30377.592570323086,
      "total_communication": 135606.8369140625
    },
    "decision_tree": {
      "avg_encrypt_time": 0.35077749998890795,
      "std_encrypt_time": 0.0019016000151168555,
      "min_encrypt_time": 0.3488758999737911,
      "max_encrypt_time": 0.3526791000040248,
      "avg_query_time": 0.12191760001587681,
      "std_query_time": 0.0034622000239323825,
      "min_query_time": 0.11845539999194443,
      "max_query_time": 0.1253798000398092,
      "avg_decrypt_time": 0.017778600013116375,
      "std_decrypt_time": 0.0019865000213030726,
      "min_decrypt_time": 0.015792099991813302,
      "max_decrypt_time": 0.019765100034419447,
      "avg_communication_size": 23329.2333984375,
      "std_communication_size": 29895.985897600684,
      "total_communication": 139975.400390625
    },
    "neural_network": {
      "avg_encrypt_time": 0.35330300001078285,
      "std_encrypt_time": 0.006332699995255098,
      "min_encrypt_time": 0.34697030001552776,
      "max_encrypt_time": 0.35963570000603795,
      "avg_query_time": 0.17698519997065887,
      "std_query_time": 0.015211099991574883,
      "min_query_time": 0.16177409997908399,
      "max_query_time": 0.19219629996223375,
      "avg_decrypt_time": 0.018408100004307926,
      "std_decrypt_time": 0.0028144000098109245,
      "min_decrypt_time": 0.015593699994497001,
      "max_decrypt_time": 0.02122250001411885,
      "avg_communication_size": 30557.4541015625,
      "std_communication_size": 25766.04755060677,
      "total_communication": 183344.724609375
    }
  }
}