{
  "config": {
    "N": 64,
    "n": 16,
    "num_records": 64,
    "record_dim": 64,
    "model_types": [
      "dot",
      "decision_tree",
      "neural_network"
    ],
    "policy_size": 10,
    "num_runs": 3,
    "save_results": true,
    "results_dir": "experiments/results/our_decart"
  },
  "models": {
    "dot": {
      "encrypt_times": [
        0.4253360999864526,
        0.4324989999877289,
        0.42226289998507127
      ],
      "query_times": [
        0.12329720001434907,
        0.12514440005179495,
        0.120030099991709
      ],
      "decrypt_times": [
        0.006293800019193441,
        0.006824399984907359,
        0.006716999982018024
      ],
      "communication_sizes": [
        67119104,
        1024,
        1024,
        67119104,
        1024,
        1024,
        67119104,
        1024,
        1024
      ],
      "comm_upload_sizes": [
        67119104,
        67119104,
        67119104
      ],
      "comm_query_sizes": [
        1024,
        1024,
        1024
      ],
      "comm_decrypt_sizes": [
        1024,
        1024,
        1024
      ],
      "runs": [
        {
          "run_id": 0,
          "query_time": 0.12329720001434907,
          "decrypt_time": 0.006293800019193441,
          "success": true,
          "num_results": 64
        },
        {
          "run_id": 1,
          "query_time": 0.12514440005179495,
          "decrypt_time": 0.006824399984907359,
          "success": true,
          "num_results": 64
        },
        {
          "run_id": 2,
          "query_time": 0.120030099991709,
          "decrypt_time": 0.006716999982018024,
          "success": true,
          "num_results": 64
        }
      ]
    },
    "decision_tree": {
      "encrypt_times": [
        0.40939490002347156,
        0.4207416999852285,
        0.4116261000162922
      ],
      "query_times": [
        0.03185590001521632,
        0.03097579994937405,
        0.0317951999604702
      ],
      "decrypt_times": [
        0.014201999991200864,
        0.014718499965965748,
        0.015951199980918318
      ],
      "communication_sizes": [
        67119104,
        67119104,
        67119104
      ],
      "comm_upload_sizes": [
        67119104,
        67119104,
        67119104
      ],
      "comm_query_sizes": [
        0,
        0,
        0
      ],
      "comm_decrypt_sizes": [
        0,
        0,
        0
      ],
      "runs": [
        {
          "run_id": 0,
          "query_time": 0.03185590001521632,
          "decrypt_time": 0.014201999991200864,
          "success": true,
          "num_results": 64
        },
        {
          "run_id": 1,
          "query_time": 0.03097579994937405,
          "decrypt_time": 0.014718499965965748,
          "success": true,
          "num_results": 64
        },
        {
          "run_id": 2,
          "query_time": 0.0317951999604702,
          "decrypt_time": 0.015951199980918318,
          "success": true,
          "num_results": 64
        }
      ]
    },
    "neural_network": {
      "encrypt_times": [
        0.43081320001510903,
        0.43520189996343106,
        0.4227461999980733
      ],
      "query_times": [
        0.07579969998914748,
        0.07557599997380748,
        0.08188349998090416
      ],
      "decrypt_times": [
        0.00582119997125119,
        0.005948199948761612,
        0.0056446000235155225
      ],
      "communication_sizes": [
        67119104,
        1024,
        1024,
        67119104,
        1024,
        1024,
        67119104,
        1024,
        1024
      ],
      "comm_upload_sizes": [
        67119104,
        67119104,
        67119104
      ],
      "comm_query_sizes": [
        1024,
        1024,
        1024
      ],
      "comm_decrypt_sizes": [
        1024,
        1024,
        1024
      ],
      "runs": [
        {
          "run_id": 0,
          "query_time": 0.07579969998914748,
          "decrypt_time": 0.00582119997125119,
          "success": true,
          "num_results": 64
        },
        {
          "run_id": 1,
          "query_time": 0.07557599997380748,
          "decrypt_time": 0.005948199948761612,
          "success": true,
          "num_results": 64
        },
        {
          "run_id": 2,
          "query_time": 0.08188349998090416,
          "decrypt_time": 0.0056446000235155225,
          "success": true,
          "num_results": 64
        }
      ]
    }
  },
  "summary": {
    "dot": {
      "avg_encrypt_time": 0.4266993333197509,
      "std_encrypt_time": 0.004288608139156849,
      "min_encrypt_time": 0.42226289998507127,
      "max_encrypt_time": 0.4324989999877289,
      "avg_query_time": 0.12282390001928434,
      "std_query_time": 0.002114556839331432,
      "min_query_time": 0.120030099991709,
      "max_query_time": 0.12514440005179495,
      "avg_decrypt_time": 0.006611733328706275,
      "std_decrypt_time": 0.0002290485860081434,
      "min_decrypt_time": 0.006293800019193441,
      "max_decrypt_time": 0.006824399984907359,
      "avg_communication_size": 21849.333333333332,
      "std_communication_size": 30898.209315248172,
      "total_communication": 196644.0
    },
    "decision_tree": {
      "avg_encrypt_time": 0.41392090000833076,
      "std_encrypt_time": 0.004908295535494089,
      "min_encrypt_time": 0.40939490002347156,
      "max_encrypt_time": 0.4207416999852285,
      "avg_query_time": 0.03154229997502019,
      "std_query_time": 0.00040134177742032093,
      "min_query_time": 0.03097579994937405,
      "max_query_time": 0.03185590001521632,
      "avg_decrypt_time": 0.014957233312694976,
      "std_decrypt_time": 0.0007337894153580616,
      "min_decrypt_time": 0.014201999991200864,
      "max_decrypt_time": 0.015951199980918318,
      "avg_communication_size": 65546.0,
      "std_communication_size": 0.0,
      "total_communication": 196638.0
    },
    "neural_network": {
      "avg_encrypt_time": 0.42958709999220446,
      "std_encrypt_time": 0.0051583980947821646,
      "min_encrypt_time": 0.4227461999980733,
      "max_encrypt_time": 0.43520189996343106,
      "avg_query_time": 0.07775306664795305,
      "std_query_time": 0.0029220848792920716,
      "min_query_time": 0.07557599997380748,
      "max_query_time": 0.08188349998090416,
      "avg_decrypt_time": 0.005804666647842775,
      "std_decrypt_time": 0.00012449428832829573,
      "min_decrypt_time": 0.0056446000235155225,
      "max_decrypt_time": 0.005948199948761612,
      "avg_communication_size": 21849.333333333332,
      "std_communication_size": 30898.209315248172,
      "total_communication": 196644.0
    }
  }
}