{
  "config": {
    "N": 64,
    "n": 16,
    "num_records": 512,
    "record_dim": 32,
    "model_types": [
      "dot",
      "decision_tree",
      "neural_network"
    ],
    "policy_size": 8,
    "num_runs": 1,
    "save_results": true,
    "results_dir": "experiments/results/our_decart"
  },
  "models": {
    "dot": {
      "encrypt_times": [
        0.9889103000168689
      ],
      "query_times": [
        0.9202933000051416
      ],
      "decrypt_times": [
        0.05420160002540797
      ],
      "communication_sizes": [
        536879104,
        68120,
        17958635
      ],
      "comm_upload_sizes": [
        536879104
      ],
      "comm_query_sizes": [
        68120
      ],
      "comm_decrypt_sizes": [
        17958635
      ],
      "runs": [
        {
          "run_id": 0,
          "query_time": 0.9202933000051416,
          "decrypt_time": 0.05420160002540797,
          "success": true,
          "num_results": 512
        }
      ]
    },
    "decision_tree": {
      "encrypt_times": [
        1.0344581999816
      ],
      "query_times": [
        1.0538884000270627
      ],
      "decrypt_times": [
        0.1495979999890551
      ],
      "communication_sizes": [
        536879104,
        204222,
        34768445
      ],
      "comm_upload_sizes": [
        536879104
      ],
      "comm_query_sizes": [
        204222
      ],
      "comm_decrypt_sizes": [
        34768445
      ],
      "runs": [
        {
          "run_id": 0,
          "query_time": 1.0538884000270627,
          "decrypt_time": 0.1495979999890551,
          "success": true,
          "num_results": 512
        }
      ]
    },
    "neural_network": {
      "encrypt_times": [
        1.0062883000355214
      ],
      "query_times": [
        0.9356852999771945
      ],
      "decrypt_times": [
        0.14568870002403855
      ],
      "communication_sizes": [
        536879104,
        22408492,
        34769052
      ],
      "comm_upload_sizes": [
        536879104
      ],
      "comm_query_sizes": [
        22408492
      ],
      "comm_decrypt_sizes": [
        34769052
      ],
      "runs": [
        {
          "run_id": 0,
          "query_time": 0.9356852999771945,
          "decrypt_time": 0.14568870002403855,
          "success": true,
          "num_results": 512
        }
      ]
    }
  },
  "summary": {
    "dot": {
      "avg_encrypt_time": 0.9889103000168689,
      "std_encrypt_time": 0.0,
      "min_encrypt_time": 0.9889103000168689,
      "max_encrypt_time": 0.9889103000168689,
      "avg_query_time": 0.9202933000051416,
      "std_query_time": 0.0,
      "min_query_time": 0.9202933000051416,
      "max_query_time": 0.9202933000051416,
      "avg_decrypt_time": 0.05420160002540797,
      "std_decrypt_time": 0.0,
      "min_decrypt_time": 0.05420160002540797,
      "max_decrypt_time": 0.05420160002540797,
      "avg_communication_size": 180633.41764322916,
      "std_communication_size": 243110.79592693885,
      "total_communication": 541900.2529296875
    },
    "decision_tree": {
      "avg_encrypt_time": 1.0344581999816,
      "std_encrypt_time": 0.0,
      "min_encrypt_time": 1.0344581999816,
      "max_encrypt_time": 1.0344581999816,
      "avg_query_time": 1.0538884000270627,
      "std_query_time": 0.0,
      "min_query_time": 1.0538884000270627,
      "max_query_time": 1.0538884000270627,
      "avg_decrypt_time": 0.1495979999890551,
      "std_decrypt_time": 0.0,
      "min_decrypt_time": 0.1495979999890551,
      "max_decrypt_time": 0.1495979999890551,
      "avg_communication_size": 186149.6650390625,
      "std_communication_size": 239502.32164189042,
      "total_communication": 558448.9951171875
    },
    "neural_network": {
      "avg_encrypt_time": 1.0062883000355214,
      "std_encrypt_time": 0.0,
      "min_encrypt_time": 1.0062883000355214,
      "max_encrypt_time": 1.0062883000355214,
      "avg_query_time": 0.9356852999771945,
      "std_query_time": 0.0,
      "min_query_time": 0.9356852999771945,
      "max_query_time": 0.9356852999771945,
      "avg_decrypt_time": 0.14568870002403855,
      "std_decrypt_time": 0.0,
      "min_decrypt_time": 0.14568870002403855,
      "max_decrypt_time": 0.14568870002403855,
      "avg_communication_size": 193377.81510416666,
      "std_communication_size": 234046.3775018069,
      "total_communication": 580133.4453125
    }
  }
}