{
  "config": {
    "N": 64,
    "n": 16,
    "num_records": 128,
    "record_dim": 16,
    "model_types": [
      "dot",
      "decision_tree",
      "neural_network"
    ],
    "policy_size": 8,
    "num_runs": 1,
    "save_results": true,
    "results_dir": "experiments/results/our_decart"
  },
  "models": {
    "dot": {
      "encrypt_times": [
        0.43472219997784123
      ],
      "query_times": [
        0.18294239998795092
      ],
      "decrypt_times": [
        0.012428499991074204
      ],
      "communication_sizes": [
        134225920,
        68161,
        4490278
      ],
      "comm_upload_sizes": [
        134225920
      ],
      "comm_query_sizes": [
        68161
      ],
      "comm_decrypt_sizes": [
        4490278
      ],
      "runs": [
        {
          "run_id": 0,
          "query_time": 0.18294239998795092,
          "decrypt_time": 0.012428499991074204,
          "success": true,
          "num_results": 128
        }
      ]
    },
    "decision_tree": {
      "encrypt_times": [
        0.4347142000333406
      ],
      "query_times": [
        0.22876159998122603
      ],
      "decrypt_times": [
        0.037575700029265136
      ],
      "communication_sizes": [
        134225920,
        204269,
        8692456
      ],
      "comm_upload_sizes": [
        134225920
      ],
      "comm_query_sizes": [
        204269
      ],
      "comm_decrypt_sizes": [
        8692456
      ],
      "runs": [
        {
          "run_id": 0,
          "query_time": 0.22876159998122603,
          "decrypt_time": 0.037575700029265136,
          "success": true,
          "num_results": 128
        }
      ]
    },
    "neural_network": {
      "encrypt_times": [
        0.4214100000099279
      ],
      "query_times": [
        0.22216110001318157
      ],
      "decrypt_times": [
        0.030112500011455268
      ],
      "communication_sizes": [
        134225920,
        11544524,
        8692152
      ],
      "comm_upload_sizes": [
        134225920
      ],
      "comm_query_sizes": [
        11544524
      ],
      "comm_decrypt_sizes": [
        8692152
      ],
      "runs": [
        {
          "run_id": 0,
          "query_time": 0.22216110001318157,
          "decrypt_time": 0.030112500011455268,
          "success": true,
          "num_results": 128
        }
      ]
    }
  },
  "summary": {
    "dot": {
      "avg_encrypt_time": 0.43472219997784123,
      "std_encrypt_time": 0.0,
      "min_encrypt_time": 0.43472219997784123,
      "max_encrypt_time": 0.43472219997784123,
      "avg_query_time": 0.18294239998795092,
      "std_query_time": 0.0,
      "min_query_time": 0.18294239998795092,
      "max_query_time": 0.18294239998795092,
      "avg_decrypt_time": 0.012428499991074204,
      "std_decrypt_time": 0.0,
      "min_decrypt_time": 0.012428499991074204,
      "max_decrypt_time": 0.012428499991074204,
      "avg_communication_size": 45177.2001953125,
      "std_communication_size": 60768.0319704502,
      "total_communication": 135531.6005859375
    },
    "decision_tree": {
      "avg_encrypt_time": 0.4347142000333406,
      "std_encrypt_time": 0.0,
      "min_encrypt_time": 0.4347142000333406,
      "max_encrypt_time": 0.4347142000333406,
      "avg_query_time": 0.22876159998122603,
      "std_query_time": 0.0,
      "min_query_time": 0.22876159998122603,
      "max_query_time": 0.22876159998122603,
      "avg_decrypt_time": 0.037575700029265136,
      "std_decrypt_time": 0.0,
      "min_decrypt_time": 0.037575700029265136,
      "max_decrypt_time": 0.037575700029265136,
      "avg_communication_size": 46589.402669270836,
      "std_communication_size": 59839.63944928572,
      "total_communication": 139768.2080078125
    },
    "neural_network": {
      "avg_encrypt_time": 0.4214100000099279,
      "std_encrypt_time": 0.0,
      "min_encrypt_time": 0.4214100000099279,
      "max_encrypt_time": 0.4214100000099279,
      "avg_query_time": 0.22216110001318157,
      "std_query_time": 0.0,
      "min_query_time": 0.22216110001318157,
      "max_query_time": 0.22216110001318157,
      "avg_decrypt_time": 0.030112500011455268,
      "std_decrypt_time": 0.0,
      "min_decrypt_time": 0.030112500011455268,
      "max_decrypt_time": 0.030112500011455268,
      "avg_communication_size": 50280.79296875,
      "std_communication_size": 57144.98328768002,
      "total_communication": 150842.37890625
    }
  }
}