{
  "config": {
    "N": 64,
    "n": 16,
    "num_records": 96,
    "record_dim": 20,
    "model_types": [
      "dot",
      "decision_tree",
      "neural_network"
    ],
    "policy_size": 8,
    "num_runs": 1,
    "save_results": true,
    "results_dir": "experiments/results/our_decart"
  },
  "models": {
    "dot": {
      "encrypt_times": [
        0.5101415000390261
      ],
      "query_times": [
        0.2440634000231512
      ],
      "decrypt_times": [
        0.016139800020027906
      ],
      "communication_sizes": [
        100671488,
        68081,
        3367545
      ],
      "comm_upload_sizes": [
        100671488
      ],
      "comm_query_sizes": [
        68081
      ],
      "comm_decrypt_sizes": [
        3367545
      ],
      "runs": [
        {
          "run_id": 0,
          "query_time": 0.2440634000231512,
          "decrypt_time": 0.016139800020027906,
          "success": true,
          "num_results": 96
        }
      ]
    },
    "decision_tree": {
      "encrypt_times": [
        0.4571912999963388
      ],
      "query_times": [
        0.1852733999839984
      ],
      "decrypt_times": [
        0.027482600009534508
      ],
      "communication_sizes": [
        100671488,
        204301,
        6518015
      ],
      "comm_upload_sizes": [
        100671488
      ],
      "comm_query_sizes": [
        204301
      ],
      "comm_decrypt_sizes": [
        6518015
      ],
      "runs": [
        {
          "run_id": 0,
          "query_time": 0.1852733999839984,
          "decrypt_time": 0.027482600009534508,
          "success": true,
          "num_results": 96
        }
      ]
    },
    "neural_network": {
      "encrypt_times": [
        0.4198871999979019
      ],
      "query_times": [
        0.2107205000356771
      ],
      "decrypt_times": [
        0.026566200016532093
      ],
      "communication_sizes": [
        100671488,
        14260711,
        6519226
      ],
      "comm_upload_sizes": [
        100671488
      ],
      "comm_query_sizes": [
        14260711
      ],
      "comm_decrypt_sizes": [
        6519226
      ],
      "runs": [
        {
          "run_id": 0,
          "query_time": 0.2107205000356771,
          "decrypt_time": 0.026566200016532093,
          "success": true,
          "num_results": 96
        }
      ]
    }
  },
  "summary": {
    "dot": {
      "avg_encrypt_time": 0.5101415000390261,
      "std_encrypt_time": 0.0,
      "min_encrypt_time": 0.5101415000390261,
      "max_encrypt_time": 0.5101415000390261,
      "avg_query_time": 0.2440634000231512,
      "std_query_time": 0.0,
      "min_query_time": 0.2440634000231512,
      "max_query_time": 0.2440634000231512,
      "avg_decrypt_time": 0.016139800020027906,
      "std_decrypt_time": 0.0,
      "min_decrypt_time": 0.016139800020027906,
      "max_decrypt_time": 0.016139800020027906,
      "avg_communication_size": 33889.034505208336,
      "std_communication_size": 45572.904210891844,
      "total_communication": 101667.103515625
    },
    "decision_tree": {
      "avg_encrypt_time": 0.4571912999963388,
      "std_encrypt_time": 0.0,
      "min_encrypt_time": 0.4571912999963388,
      "max_encrypt_time": 0.4571912999963388,
      "avg_query_time": 0.1852733999839984,
      "std_query_time": 0.0,
      "min_query_time": 0.1852733999839984,
      "max_query_time": 0.1852733999839984,
      "avg_decrypt_time": 0.027482600009534508,
      "std_decrypt_time": 0.0,
      "min_decrypt_time": 0.027482600009534508,
      "max_decrypt_time": 0.027482600009534508,
      "avg_communication_size": 34958.920572916664,
      "std_communication_size": 44868.05530878093,
      "total_communication": 104876.76171875
    },
    "neural_network": {
      "avg_encrypt_time": 0.4198871999979019,
      "std_encrypt_time": 0.0,
      "min_encrypt_time": 0.4198871999979019,
      "max_encrypt_time": 0.4198871999979019,
      "avg_query_time": 0.2107205000356771,
      "std_query_time": 0.0,
      "min_query_time": 0.2107205000356771,
      "max_query_time": 0.2107205000356771,
      "avg_decrypt_time": 0.026566200016532093,
      "std_decrypt_time": 0.0,
      "min_decrypt_time": 0.026566200016532093,
      "max_decrypt_time": 0.026566200016532093,
      "avg_communication_size": 39534.969075520836,
      "std_communication_size": 41676.07698537735,
      "total_communication": 118604.9072265625
    }
  }
}