{
  "config": {
    "N": 64,
    "n": 16,
    "num_records": 320,
    "record_dim": 96,
    "model_types": [
      "dot",
      "decision_tree",
      "neural_network"
    ],
    "policy_size": 8,
    "num_runs": 1,
    "save_results": true,
    "results_dir": "experiments/results/our_decart"
  },
  "models": {
    "dot": {
      "encrypt_times": [
        0.7706805000198074
      ],
      "query_times": [
        1.1035218000179157
      ],
      "decrypt_times": [
        0.033493800030555576
      ],
      "communication_sizes": [
        335552512,
        68122,
        11225617
      ],
      "comm_upload_sizes": [
        335552512
      ],
      "comm_query_sizes": [
        68122
      ],
      "comm_decrypt_sizes": [
        11225617
      ],
      "runs": [
        {
          "run_id": 0,
          "query_time": 1.1035218000179157,
          "decrypt_time": 0.033493800030555576,
          "success": true,
          "num_results": 320
        }
      ]
    },
    "decision_tree": {
      "encrypt_times": [
        0.7763853999786079
      ],
      "query_times": [
        0.6499658999964595
      ],
      "decrypt_times": [
        0.08704089996172115
      ],
      "communication_sizes": [
        335552512,
        204360,
        21729995
      ],
      "comm_upload_sizes": [
        335552512
      ],
      "comm_query_sizes": [
        204360
      ],
      "comm_decrypt_sizes": [
        21729995
      ],
      "runs": [
        {
          "run_id": 0,
          "query_time": 0.6499658999964595,
          "decrypt_time": 0.08704089996172115,
          "success": true,
          "num_results": 320
        }
      ]
    },
    "neural_network": {
      "encrypt_times": [
        0.7582653000135906
      ],
      "query_times": [
        0.6662074999767356
      ],
      "decrypt_times": [
        0.09045870002591982
      ],
      "communication_sizes": [
        335552512,
        34633308,
        21729376
      ],
      "comm_upload_sizes": [
        335552512
      ],
      "comm_query_sizes": [
        34633308
      ],
      "comm_decrypt_sizes": [
        21729376
      ],
      "runs": [
        {
          "run_id": 0,
          "query_time": 0.6662074999767356,
          "decrypt_time": 0.09045870002591982,
          "success": true,
          "num_results": 320
        }
      ]
    }
  },
  "summary": {
    "dot": {
      "avg_encrypt_time": 0.7706805000198074,
      "std_encrypt_time": 0.0,
      "min_encrypt_time": 0.7706805000198074,
      "max_encrypt_time": 0.7706805000198074,
      "avg_query_time": 1.1035218000179157,
      "std_query_time": 0.0,
      "min_query_time": 1.1035218000179157,
      "max_query_time": 1.1035218000179157,
      "avg_decrypt_time": 0.033493800030555576,
      "std_decrypt_time": 0.0,
      "min_decrypt_time": 0.033493800030555576,
      "max_decrypt_time": 0.033493800030555576,
      "avg_communication_size": 112905.6806640625,
      "std_communication_size": 151939.16366013224,
      "total_communication": 338717.0419921875
    },
    "decision_tree": {
      "avg_encrypt_time": 0.7763853999786079,
      "std_encrypt_time": 0.0,
      "min_encrypt_time": 0.7763853999786079,
      "max_encrypt_time": 0.7763853999786079,
      "avg_query_time": 0.6499658999964595,
      "std_query_time": 0.0,
      "min_query_time": 0.6499658999964595,
      "max_query_time": 0.6499658999964595,
      "avg_decrypt_time": 0.08704089996172115,
      "std_decrypt_time": 0.0,
      "min_decrypt_time": 0.08704089996172115,
      "max_decrypt_time": 0.08704089996172115,
      "avg_communication_size": 116369.4228515625,
      "std_communication_size": 149671.0342515415,
      "total_communication": 349108.2685546875
    },
    "neural_network": {
      "avg_encrypt_time": 0.7582653000135906,
      "std_encrypt_time": 0.0,
      "min_encrypt_time": 0.7582653000135906,
      "max_encrypt_time": 0.7582653000135906,
      "avg_query_time": 0.6662074999767356,
      "std_query_time": 0.0,
      "min_query_time": 0.6662074999767356,
      "max_query_time": 0.6662074999767356,
      "avg_decrypt_time": 0.09045870002591982,
      "std_decrypt_time": 0.0,
      "min_decrypt_time": 0.09045870002591982,
      "max_decrypt_time": 0.09045870002591982,
      "avg_communication_size": 127576.56119791667,
      "std_communication_size": 141593.64482096917,
      "total_communication": 382729.68359375
    }
  }
}