{
  "config": {
    "N": 64,
    "n": 16,
    "num_records": 512,
    "record_dim": 8,
    "model_types": [
      "dot",
      "decision_tree",
      "neural_network"
    ],
    "policy_size": 8,
    "num_runs": 1,
    "save_results": true,
    "results_dir": "experiments/results/our_decart"
  },
  "models": {
    "dot": {
      "encrypt_times": [
        0.9941335000330582
      ],
      "query_times": [
        0.6981845000409521
      ],
      "decrypt_times": [
        0.05250320001505315
      ],
      "communication_sizes": [
        536879104,
        68074,
        17960445
      ],
      "comm_upload_sizes": [
        536879104
      ],
      "comm_query_sizes": [
        68074
      ],
      "comm_decrypt_sizes": [
        17960445
      ],
      "runs": [
        {
          "run_id": 0,
          "query_time": 0.6981845000409521,
          "decrypt_time": 0.05250320001505315,
          "success": true,
          "num_results": 512
        }
      ]
    },
    "decision_tree": {
      "encrypt_times": [
        0.9877869000192732
      ],
      "query_times": [
        1.0471816000062972
      ],
      "decrypt_times": [
        0.13089480000780895
      ],
      "communication_sizes": [
        536879104,
        204333,
        34766267
      ],
      "comm_upload_sizes": [
        536879104
      ],
      "comm_query_sizes": [
        204333
      ],
      "comm_decrypt_sizes": [
        34766267
      ],
      "runs": [
        {
          "run_id": 0,
          "query_time": 1.0471816000062972,
          "decrypt_time": 0.13089480000780895,
          "success": true,
          "num_results": 512
        }
      ]
    },
    "neural_network": {
      "encrypt_times": [
        0.9600227999617346
      ],
      "query_times": [
        0.8095579000073485
      ],
      "decrypt_times": [
        0.13409030000912026
      ],
      "communication_sizes": [
        536879104,
        6112174,
        34768689
      ],
      "comm_upload_sizes": [
        536879104
      ],
      "comm_query_sizes": [
        6112174
      ],
      "comm_decrypt_sizes": [
        34768689
      ],
      "runs": [
        {
          "run_id": 0,
          "query_time": 0.8095579000073485,
          "decrypt_time": 0.13409030000912026,
          "success": true,
          "num_results": 512
        }
      ]
    }
  },
  "summary": {
    "dot": {
      "avg_encrypt_time": 0.9941335000330582,
      "std_encrypt_time": 0.0,
      "min_encrypt_time": 0.9941335000330582,
      "max_encrypt_time": 0.9941335000330582,
      "avg_query_time": 0.6981845000409521,
      "std_query_time": 0.0,
      "min_query_time": 0.6981845000409521,
      "max_query_time": 0.6981845000409521,
      "avg_decrypt_time": 0.05250320001505315,
      "std_decrypt_time": 0.0,
      "min_decrypt_time": 0.05250320001505315,
      "max_decrypt_time": 0.05250320001505315,
      "avg_communication_size": 180633.99186197916,
      "std_communication_size": 243110.41177819588,
      "total_communication": 541901.9755859375
    },
    "decision_tree": {
      "avg_encrypt_time": 0.9877869000192732,
      "std_encrypt_time": 0.0,
      "min_encrypt_time": 0.9877869000192732,
      "max_encrypt_time": 0.9877869000192732,
      "avg_query_time": 1.0471816000062972,
      "std_query_time": 0.0,
      "min_query_time": 1.0471816000062972,
      "max_query_time": 1.0471816000062972,
      "avg_decrypt_time": 0.13089480000780895,
      "std_decrypt_time": 0.0,
      "min_decrypt_time": 0.13089480000780895,
      "max_decrypt_time": 0.13089480000780895,
      "avg_communication_size": 186148.9921875,
      "std_communication_size": 239502.74412713223,
      "total_communication": 558446.9765625
    },
    "neural_network": {
      "avg_encrypt_time": 0.9600227999617346,
      "std_encrypt_time": 0.0,
      "min_encrypt_time": 0.9600227999617346,
      "max_encrypt_time": 0.9600227999617346,
      "avg_query_time": 0.8095579000073485,
      "std_query_time": 0.0,
      "min_query_time": 0.8095579000073485,
      "max_query_time": 0.8095579000073485,
      "avg_decrypt_time": 0.13409030000912026,
      "std_decrypt_time": 0.0,
      "min_decrypt_time": 0.13409030000912026,
      "max_decrypt_time": 0.13409030000912026,
      "avg_communication_size": 188072.90592447916,
      "std_communication_size": 238019.97827979663,
      "total_communication": 564218.7177734375
    }
  }
}