{
  "config": {
    "N": 64,
    "n": 16,
    "num_records": 256,
    "record_dim": 16,
    "model_types": [
      "dot",
      "decision_tree",
      "neural_network"
    ],
    "policy_size": 8,
    "num_runs": 1,
    "save_results": true,
    "results_dir": "experiments/results/our_decart"
  },
  "models": {
    "dot": {
      "encrypt_times": [
        0.6184726000064984
      ],
      "query_times": [
        0.37870900001144037
      ],
      "decrypt_times": [
        0.024762900022324175
      ],
      "communication_sizes": [
        268443648,
        68060,
        8979488
      ],
      "comm_upload_sizes": [
        268443648
      ],
      "comm_query_sizes": [
        68060
      ],
      "comm_decrypt_sizes": [
        8979488
      ],
      "runs": [
        {
          "run_id": 0,
          "query_time": 0.37870900001144037,
          "decrypt_time": 0.024762900022324175,
          "success": true,
          "num_results": 256
        }
      ]
    },
    "decision_tree": {
      "encrypt_times": [
        0.581268799956888
      ],
      "query_times": [
        0.48547999997390434
      ],
      "decrypt_times": [
        0.06852540001273155
      ],
      "communication_sizes": [
        268443648,
        204281,
        17384058
      ],
      "comm_upload_sizes": [
        268443648
      ],
      "comm_query_sizes": [
        204281
      ],
      "comm_decrypt_sizes": [
        17384058
      ],
      "runs": [
        {
          "run_id": 0,
          "query_time": 0.48547999997390434,
          "decrypt_time": 0.06852540001273155,
          "success": true,
          "num_results": 256
        }
      ]
    },
    "neural_network": {
      "encrypt_times": [
        0.5847087999572977
      ],
      "query_times": [
        0.42211320000933483
      ],
      "decrypt_times": [
        0.06159880000632256
      ],
      "communication_sizes": [
        268443648,
        11544558,
        17385058
      ],
      "comm_upload_sizes": [
        268443648
      ],
      "comm_query_sizes": [
        11544558
      ],
      "comm_decrypt_sizes": [
        17385058
      ],
      "runs": [
        {
          "run_id": 0,
          "query_time": 0.42211320000933483,
          "decrypt_time": 0.06159880000632256,
          "success": true,
          "num_results": 256
        }
      ]
    }
  },
  "summary": {
    "dot": {
      "avg_encrypt_time": 0.6184726000064984,
      "std_encrypt_time": 0.0,
      "min_encrypt_time": 0.6184726000064984,
      "max_encrypt_time": 0.6184726000064984,
      "avg_query_time": 0.37870900001144037,
      "std_query_time": 0.0,
      "min_query_time": 0.37870900001144037,
      "max_query_time": 0.37870900001144037,
      "avg_decrypt_time": 0.024762900022324175,
      "std_decrypt_time": 0.0,
      "min_decrypt_time": 0.024762900022324175,
      "max_decrypt_time": 0.024762900022324175,
      "avg_communication_size": 90329.16536458333,
      "std_communication_size": 121549.0258897649,
      "total_communication": 270987.49609375
    },
    "decision_tree": {
      "avg_encrypt_time": 0.581268799956888,
      "std_encrypt_time": 0.0,
      "min_encrypt_time": 0.581268799956888,
      "max_encrypt_time": 0.581268799956888,
      "avg_query_time": 0.48547999997390434,
      "std_query_time": 0.0,
      "min_query_time": 0.48547999997390434,
      "max_query_time": 0.48547999997390434,
      "avg_decrypt_time": 0.06852540001273155,
      "std_decrypt_time": 0.0,
      "min_decrypt_time": 0.06852540001273155,
      "max_decrypt_time": 0.06852540001273155,
      "avg_communication_size": 93109.37076822917,
      "std_communication_size": 119727.26189747769,
      "total_communication": 279328.1123046875
    },
    "neural_network": {
      "avg_encrypt_time": 0.5847087999572977,
      "std_encrypt_time": 0.0,
      "min_encrypt_time": 0.5847087999572977,
      "max_encrypt_time": 0.5847087999572977,
      "avg_query_time": 0.42211320000933483,
      "std_query_time": 0.0,
      "min_query_time": 0.42211320000933483,
      "max_query_time": 0.42211320000933483,
      "avg_decrypt_time": 0.06159880000632256,
      "std_decrypt_time": 0.0,
      "min_decrypt_time": 0.06159880000632256,
      "max_decrypt_time": 0.06159880000632256,
      "avg_communication_size": 96801.19270833333,
      "std_communication_size": 116943.86090519368,
      "total_communication": 290403.578125
    }
  }
}