{
  "config": {
    "N": 64,
    "n": 16,
    "num_records": 157,
    "record_dim": 16,
    "model_types": [
      "dot",
      "decision_tree",
      "neural_network"
    ],
    "policy_size": 8,
    "num_runs": 1,
    "save_results": true,
    "results_dir": "experiments/results/our_decart"
  },
  "models": {
    "dot": {
      "encrypt_times": [
        0.5001975999912247
      ],
      "query_times": [
        0.2522960000205785
      ],
      "decrypt_times": [
        0.015563099994324148
      ],
      "communication_sizes": [
        164634624,
        68127,
        5507211
      ],
      "comm_upload_sizes": [
        164634624
      ],
      "comm_query_sizes": [
        68127
      ],
      "comm_decrypt_sizes": [
        5507211
      ],
      "runs": [
        {
          "run_id": 0,
          "query_time": 0.2522960000205785,
          "decrypt_time": 0.015563099994324148,
          "success": true,
          "num_results": 157
        }
      ]
    },
    "decision_tree": {
      "encrypt_times": [
        0.4947282000211999
      ],
      "query_times": [
        0.3016564999707043
      ],
      "decrypt_times": [
        0.039260199991986156
      ],
      "communication_sizes": [
        164634624,
        204368,
        10661202
      ],
      "comm_upload_sizes": [
        164634624
      ],
      "comm_query_sizes": [
        204368
      ],
      "comm_decrypt_sizes": [
        10661202
      ],
      "runs": [
        {
          "run_id": 0,
          "query_time": 0.3016564999707043,
          "decrypt_time": 0.039260199991986156,
          "success": true,
          "num_results": 157
        }
      ]
    },
    "neural_network": {
      "encrypt_times": [
        0.4773341999971308
      ],
      "query_times": [
        0.2849920999724418
      ],
      "decrypt_times": [
        0.040384299994912
      ],
      "communication_sizes": [
        164634624,
        11544475,
        10661461
      ],
      "comm_upload_sizes": [
        164634624
      ],
      "comm_query_sizes": [
        11544475
      ],
      "comm_decrypt_sizes": [
        10661461
      ],
      "runs": [
        {
          "run_id": 0,
          "query_time": 0.2849920999724418,
          "decrypt_time": 0.040384299994912,
          "success": true,
          "num_results": 157
        }
      ]
    }
  },
  "summary": {
    "dot": {
      "avg_encrypt_time": 0.5001975999912247,
      "std_encrypt_time": 0.0,
      "min_encrypt_time": 0.5001975999912247,
      "max_encrypt_time": 0.5001975999912247,
      "avg_query_time": 0.2522960000205785,
      "std_query_time": 0.0,
      "min_query_time": 0.2522960000205785,
      "max_query_time": 0.2522960000205785,
      "avg_decrypt_time": 0.015563099994324148,
      "std_decrypt_time": 0.0,
      "min_decrypt_time": 0.015563099994324148,
      "max_decrypt_time": 0.015563099994324148,
      "avg_communication_size": 55406.888671875,
      "std_communication_size": 74538.76174949967,
      "total_communication": 166220.666015625
    },
    "decision_tree": {
      "avg_encrypt_time": 0.4947282000211999,
      "std_encrypt_time": 0.0,
      "min_encrypt_time": 0.4947282000211999,
      "max_encrypt_time": 0.4947282000211999,
      "avg_query_time": 0.3016564999707043,
      "std_query_time": 0.0,
      "min_query_time": 0.3016564999707043,
      "max_query_time": 0.3016564999707043,
      "avg_decrypt_time": 0.039260199991986156,
      "std_decrypt_time": 0.0,
      "min_decrypt_time": 0.039260199991986156,
      "max_decrypt_time": 0.039260199991986156,
      "avg_communication_size": 57128.969401041664,
      "std_communication_size": 73407.99313187493,
      "total_communication": 171386.908203125
    },
    "neural_network": {
      "avg_encrypt_time": 0.4773341999971308,
      "std_encrypt_time": 0.0,
      "min_encrypt_time": 0.4773341999971308,
      "max_encrypt_time": 0.4773341999971308,
      "avg_query_time": 0.2849920999724418,
      "std_query_time": 0.0,
      "min_query_time": 0.2849920999724418,
      "max_query_time": 0.2849920999724418,
      "avg_decrypt_time": 0.040384299994912,
      "std_decrypt_time": 0.0,
      "min_decrypt_time": 0.040384299994912,
      "max_decrypt_time": 0.040384299994912,
      "avg_communication_size": 60820.494791666664,
      "std_communication_size": 70680.09226709737,
      "total_communication": 182461.484375
    }
  }
}