{
  "config": {
    "N": 64,
    "n": 16,
    "num_records": 128,
    "record_dim": 128,
    "model_types": [
      "dot",
      "decision_tree",
      "neural_network"
    ],
    "policy_size": 10,
    "num_runs": 3,
    "save_results": true,
    "results_dir": "experiments/results/our_decart"
  },
  "models": {
    "dot": {
      "encrypt_times": [
        0.5055986000224948,
        0.526238500024192,
        0.5456989000085741
      ],
      "query_times": [
        0.2671950999647379,
        0.2839772999868728,
        0.2803347999579273
      ],
      "decrypt_times": [
        0.012662900029681623,
        0.013946700026281178,
        0.015507599979173392
      ],
      "communication_sizes": [
        134227968,
        68248,
        4490303,
        134227968,
        68237,
        4490142,
        134227968,
        68325,
        4490908
      ],
      "comm_upload_sizes": [
        134227968,
        134227968,
        134227968
      ],
      "comm_query_sizes": [
        68248,
        68237,
        68325
      ],
      "comm_decrypt_sizes": [
        4490303,
        4490142,
        4490908
      ],
      "runs": [
        {
          "run_id": 0,
          "query_time": 0.2671950999647379,
          "decrypt_time": 0.012662900029681623,
          "success": true,
          "num_results": 128
        },
        {
          "run_id": 1,
          "query_time": 0.2839772999868728,
          "decrypt_time": 0.013946700026281178,
          "success": true,
          "num_results": 128
        },
        {
          "run_id": 2,
          "query_time": 0.2803347999579273,
          "decrypt_time": 0.015507599979173392,
          "success": true,
          "num_results": 128
        }
      ]
    },
    "decision_tree": {
      "encrypt_times": [
        0.5091235000290908,
        0.5110733999754302,
        0.5130218000267632
      ],
      "query_times": [
        0.0740347999962978,
        0.0701196999871172,
        0.07472809997852892
      ],
      "decrypt_times": [
        0.037516600044909865,
        0.028977600042708218,
        0.035545699996873736
      ],
      "communication_sizes": [
        134227968,
        134227968,
        134227968
      ],
      "comm_upload_sizes": [
        134227968,
        134227968,
        134227968
      ],
      "comm_query_sizes": [
        0,
        0,
        0
      ],
      "comm_decrypt_sizes": [
        0,
        0,
        0
      ],
      "runs": [
        {
          "run_id": 0,
          "query_time": 0.0740347999962978,
          "decrypt_time": 0.037516600044909865,
          "success": true,
          "num_results": 128
        },
        {
          "run_id": 1,
          "query_time": 0.0701196999871172,
          "decrypt_time": 0.028977600042708218,
          "success": true,
          "num_results": 128
        },
        {
          "run_id": 2,
          "query_time": 0.07472809997852892,
          "decrypt_time": 0.035545699996873736,
          "success": true,
          "num_results": 128
        }
      ]
    },
    "neural_network": {
      "encrypt_times": [
        0.5126475000288337,
        0.5015590999973938,
        0.5021177000016905
      ],
      "query_times": [
        0.07870100002037361,
        0.07835940003860742,
        0.07789620000403374
      ],
      "decrypt_times": [
        0.011384899960830808,
        0.011681199946906418,
        0.011694499989971519
      ],
      "communication_sizes": [
        134227968,
        36412,
        4499677,
        134227968,
        36412,
        4495581,
        134227968,
        36412,
        4486877
      ],
      "comm_upload_sizes": [
        134227968,
        134227968,
        134227968
      ],
      "comm_query_sizes": [
        36412,
        36412,
        36412
      ],
      "comm_decrypt_sizes": [
        4499677,
        4495581,
        4486877
      ],
      "runs": [
        {
          "run_id": 0,
          "query_time": 0.07870100002037361,
          "decrypt_time": 0.011384899960830808,
          "success": true,
          "num_results": 128
        },
        {
          "run_id": 1,
          "query_time": 0.07835940003860742,
          "decrypt_time": 0.011681199946906418,
          "success": true,
          "num_results": 128
        },
        {
          "run_id": 2,
          "query_time": 0.07789620000403374,
          "decrypt_time": 0.011694499989971519,
          "success": true,
          "num_results": 128
        }
      ]
    }
  },
  "summary": {
    "dot": {
      "avg_encrypt_time": 0.5258453333517537,
      "std_encrypt_time": 0.016373239340819228,
      "min_encrypt_time": 0.5055986000224948,
      "max_encrypt_time": 0.5456989000085741,
      "avg_query_time": 0.2771690666365127,
      "std_query_time": 0.0072077254846205415,
      "min_query_time": 0.2671950999647379,
      "max_query_time": 0.2839772999868728,
      "avg_decrypt_time": 0.014039066678378731,
      "std_decrypt_time": 0.0011631790201782931,
      "min_decrypt_time": 0.012662900029681623,
      "max_decrypt_time": 0.015507599979173392,
      "avg_communication_size": 45177.958658854164,
      "std_communication_size": 60768.910240303834,
      "total_communication": 406601.6279296875
    },
    "decision_tree": {
      "avg_encrypt_time": 0.511072900010428,
      "std_encrypt_time": 0.001591474349031318,
      "min_encrypt_time": 0.5091235000290908,
      "max_encrypt_time": 0.5130218000267632,
      "avg_query_time": 0.07296086665398131,
      "std_query_time": 0.002028848152362187,
      "min_query_time": 0.0701196999871172,
      "max_query_time": 0.07472809997852892,
      "avg_decrypt_time": 0.03401330002816394,
      "std_decrypt_time": 0.0036505540682181628,
      "min_decrypt_time": 0.028977600042708218,
      "max_decrypt_time": 0.037516600044909865,
      "avg_communication_size": 131082.0,
      "std_communication_size": 0.0,
      "total_communication": 393246.0
    },
    "neural_network": {
      "avg_encrypt_time": 0.5054414333426394,
      "std_encrypt_time": 0.005100559205002952,
      "min_encrypt_time": 0.5015590999973938,
      "max_encrypt_time": 0.5126475000288337,
      "avg_query_time": 0.07831886668767159,
      "std_query_time": 0.0003298059843592171,
      "min_query_time": 0.07789620000403374,
      "max_query_time": 0.07870100002037361,
      "avg_decrypt_time": 0.011586866632569581,
      "std_decrypt_time": 0.00014291518500218124,
      "min_decrypt_time": 0.011384899960830808,
      "max_decrypt_time": 0.011694499989971519,
      "avg_communication_size": 45168.758138020836,
      "std_communication_size": 60775.824982577426,
      "total_communication": 406518.8232421875
    }
  }
}