{
  "config": {
    "N": 64,
    "n": 16,
    "num_records": 64,
    "record_dim": 16,
    "model_types": [
      "dot",
      "decision_tree",
      "neural_network"
    ],
    "policy_size": 8,
    "num_runs": 2,
    "save_results": true,
    "results_dir": "experiments/results/our_decart"
  },
  "models": {
    "dot": {
      "encrypt_times": [
        0.3601267000194639,
        0.38835399999516085
      ],
      "query_times": [
        0.10109429998556152,
        0.09730679995846003
      ],
      "decrypt_times": [
        0.007617799972649664,
        0.007452999998349696
      ],
      "communication_sizes": [
        67117056,
        68126,
        2245258,
        67117056,
        68160,
        2244773
      ],
      "comm_upload_sizes": [
        67117056,
        67117056
      ],
      "comm_query_sizes": [
        68126,
        68160
      ],
      "comm_decrypt_sizes": [
        2245258,
        2244773
      ],
      "runs": [
        {
          "run_id": 0,
          "query_time": 0.10109429998556152,
          "decrypt_time": 0.007617799972649664,
          "success": true,
          "num_results": 64
        },
        {
          "run_id": 1,
          "query_time": 0.09730679995846003,
          "decrypt_time": 0.007452999998349696,
          "success": true,
          "num_results": 64
        }
      ]
    },
    "decision_tree": {
      "encrypt_times": [
        0.37570010003400967,
        0.3870411000098102
      ],
      "query_times": [
        0.12570550001692027,
        0.12556680000852793
      ],
      "decrypt_times": [
        0.017208300007041544,
        0.016799000033643097
      ],
      "communication_sizes": [
        67117056,
        204280,
        4346306,
        67117056,
        204263,
        4346490
      ],
      "comm_upload_sizes": [
        67117056,
        67117056
      ],
      "comm_query_sizes": [
        204280,
        204263
      ],
      "comm_decrypt_sizes": [
        4346306,
        4346490
      ],
      "runs": [
        {
          "run_id": 0,
          "query_time": 0.12570550001692027,
          "decrypt_time": 0.017208300007041544,
          "success": true,
          "num_results": 64
        },
        {
          "run_id": 1,
          "query_time": 0.12556680000852793,
          "decrypt_time": 0.016799000033643097,
          "success": true,
          "num_results": 64
        }
      ]
    },
    "neural_network": {
      "encrypt_times": [
        0.3866548999794759,
        0.388951700006146
      ],
      "query_times": [
        0.1506593999802135,
        0.14662750001298264
      ],
      "decrypt_times": [
        0.019273499958217144,
        0.017540000029839575
      ],
      "communication_sizes": [
        67117056,
        11545129,
        4345921,
        67117056,
        11544592,
        4346377
      ],
      "comm_upload_sizes": [
        67117056,
        67117056
      ],
      "comm_query_sizes": [
        11545129,
        11544592
      ],
      "comm_decrypt_sizes": [
        4345921,
        4346377
      ],
      "runs": [
        {
          "run_id": 0,
          "query_time": 0.1506593999802135,
          "decrypt_time": 0.019273499958217144,
          "success": true,
          "num_results": 64
        },
        {
          "run_id": 1,
          "query_time": 0.14662750001298264,
          "decrypt_time": 0.017540000029839575,
          "success": true,
          "num_results": 64
        }
      ]
    }
  },
  "summary": {
    "dot": {
      "avg_encrypt_time": 0.3742403500073124,
      "std_encrypt_time": 0.014113649987848476,
      "min_encrypt_time": 0.3601267000194639,
      "max_encrypt_time": 0.38835399999516085,
      "avg_query_time": 0.09920054997201078,
      "std_query_time": 0.0018937500135507435,
      "min_query_time": 0.09730679995846003,
      "max_query_time": 0.10109429998556152,
      "avg_decrypt_time": 0.00753539998549968,
      "std_decrypt_time": 8.239998714998364e-05,
      "min_decrypt_time": 0.007452999998349696,
      "max_decrypt_time": 0.007617799972649664,
      "avg_communication_size": 22600.981282552082,
      "std_communication_size": 30377.69965165174,
      "total_communication": 135605.8876953125
    },
    "decision_tree": {
      "avg_encrypt_time": 0.3813706000219099,
      "std_encrypt_time": 0.005670499987900257,
      "min_encrypt_time": 0.37570010003400967,
      "max_encrypt_time": 0.3870411000098102,
      "avg_query_time": 0.1256361500127241,
      "std_query_time": 6.935000419616699e-05,
      "min_query_time": 0.12556680000852793,
      "max_query_time": 0.12570550001692027,
      "avg_decrypt_time": 0.01700365002034232,
      "std_decrypt_time": 0.00020464998669922352,
      "min_decrypt_time": 0.016799000033643097,
      "max_decrypt_time": 0.017208300007041544,
      "avg_communication_size": 23329.337727864582,
      "std_communication_size": 29895.918128951616,
      "total_communication": 139976.0263671875
    },
    "neural_network": {
      "avg_encrypt_time": 0.38780329999281093,
      "std_encrypt_time": 0.0011484000133350492,
      "min_encrypt_time": 0.3866548999794759,
      "max_encrypt_time": 0.388951700006146,
      "avg_query_time": 0.14864344999659806,
      "std_query_time": 0.002015949983615428,
      "min_query_time": 0.14662750001298264,
      "max_query_time": 0.1506593999802135,
      "avg_decrypt_time": 0.01840674999402836,
      "std_decrypt_time": 0.0008667499641887844,
      "min_decrypt_time": 0.017540000029839575,
      "max_decrypt_time": 0.019273499958217144,
      "avg_communication_size": 27020.854654947918,
      "std_communication_size": 27390.74954966781,
      "total_communication": 162125.1279296875
    }
  }
}