{
  "config": {
    "N": 64,
    "n": 16,
    "num_records": 32,
    "record_dim": 32,
    "model_types": [
      "dot",
      "decision_tree",
      "neural_network"
    ],
    "policy_size": 10,
    "num_runs": 3,
    "save_results": true,
    "results_dir": "experiments/results/our_decart"
  },
  "models": {
    "dot": {
      "encrypt_times": [
        0.37822910002432764,
        0.37094539997633547,
        0.3754187999875285
      ],
      "query_times": [
        0.0525834999862127,
        0.058204300003126264,
        0.05053290002979338
      ],
      "decrypt_times": [
        0.003625700017437339,
        0.003879199968650937,
        0.003615699999500066
      ],
      "communication_sizes": [
        33564672,
        68144,
        1122598,
        33564672,
        68098,
        1122642,
        33564672,
        68094,
        1122719
      ],
      "comm_upload_sizes": [
        33564672,
        33564672,
        33564672
      ],
      "comm_query_sizes": [
        68144,
        68098,
        68094
      ],
      "comm_decrypt_sizes": [
        1122598,
        1122642,
        1122719
      ],
      "runs": [
        {
          "run_id": 0,
          "query_time": 0.0525834999862127,
          "decrypt_time": 0.003625700017437339,
          "success": true,
          "num_results": 32
        },
        {
          "run_id": 1,
          "query_time": 0.058204300003126264,
          "decrypt_time": 0.003879199968650937,
          "success": true,
          "num_results": 32
        },
        {
          "run_id": 2,
          "query_time": 0.05053290002979338,
          "decrypt_time": 0.003615699999500066,
          "success": true,
          "num_results": 32
        }
      ]
    },
    "decision_tree": {
      "encrypt_times": [
        0.375324200023897,
        0.3751662000431679,
        0.37744309997651726
      ],
      "query_times": [
        0.0164814000017941,
        0.01617029996123165,
        0.015991799999028444
      ],
      "decrypt_times": [
        0.008319600019603968,
        0.008184999984223396,
        0.007633400033228099
      ],
      "communication_sizes": [
        33564672,
        204374,
        2175326,
        33564672,
        204357,
        2174224,
        33564672,
        204316,
        2172888
      ],
      "comm_upload_sizes": [
        33564672,
        33564672,
        33564672
      ],
      "comm_query_sizes": [
        204374,
        204357,
        204316
      ],
      "comm_decrypt_sizes": [
        2175326,
        2174224,
        2172888
      ],
      "runs": [
        {
          "run_id": 0,
          "query_time": 0.0164814000017941,
          "decrypt_time": 0.008319600019603968,
          "success": true,
          "num_results": 32
        },
        {
          "run_id": 1,
          "query_time": 0.01617029996123165,
          "decrypt_time": 0.008184999984223396,
          "success": true,
          "num_results": 32
        },
        {
          "run_id": 2,
          "query_time": 0.015991799999028444,
          "decrypt_time": 0.007633400033228099,
          "success": true,
          "num_results": 32
        }
      ]
    },
    "neural_network": {
      "encrypt_times": [
        0.391042799979914,
        0.3773333999561146,
        0.3806913000298664
      ],
      "query_times": [
        0.048480299999937415,
        0.052088199998252094,
        0.047782700043171644
      ],
      "decrypt_times": [
        0.0031291000195778906,
        0.003136300016194582,
        0.0029749000095762312
      ],
      "communication_sizes": [
        33564672,
        22409311,
        1122845,
        33564672,
        22409306,
        1121885,
        33564672,
        22408275,
        1123869
      ],
      "comm_upload_sizes": [
        33564672,
        33564672,
        33564672
      ],
      "comm_query_sizes": [
        22409311,
        22409306,
        22408275
      ],
      "comm_decrypt_sizes": [
        1122845,
        1121885,
        1123869
      ],
      "runs": [
        {
          "run_id": 0,
          "query_time": 0.048480299999937415,
          "decrypt_time": 0.0031291000195778906,
          "success": true,
          "num_results": 32
        },
        {
          "run_id": 1,
          "query_time": 0.052088199998252094,
          "decrypt_time": 0.003136300016194582,
          "success": true,
          "num_results": 32
        },
        {
          "run_id": 2,
          "query_time": 0.047782700043171644,
          "decrypt_time": 0.0029749000095762312,
          "success": true,
          "num_results": 32
        }
      ]
    }
  },
  "summary": {
    "dot": {
      "avg_encrypt_time": 0.3748644333293972,
      "std_encrypt_time": 0.0029992847359568936,
      "min_encrypt_time": 0.37094539997633547,
      "max_encrypt_time": 0.37822910002432764,
      "avg_query_time": 0.053773566673044115,
      "std_query_time": 0.00324291930489,
      "min_query_time": 0.05053290002979338,
      "max_query_time": 0.058204300003126264,
      "avg_decrypt_time": 0.003706866661862781,
      "std_decrypt_time": 0.00012192641650080615,
      "min_decrypt_time": 0.003615699999500066,
      "max_decrypt_time": 0.003879199968650937,
      "avg_communication_size": 11313.618815104166,
      "std_communication_size": 15183.431314485442,
      "total_communication": 101822.5693359375
    },
    "decision_tree": {
      "avg_encrypt_time": 0.3759778333478607,
      "std_encrypt_time": 0.0010381058771527004,
      "min_encrypt_time": 0.3751662000431679,
      "max_encrypt_time": 0.37744309997651726,
      "avg_query_time": 0.0162144999873514,
      "std_query_time": 0.00020230714669988356,
      "min_query_time": 0.015991799999028444,
      "max_query_time": 0.0164814000017941,
      "avg_decrypt_time": 0.00804600001235182,
      "std_decrypt_time": 0.0002968819624708159,
      "min_decrypt_time": 0.007633400033228099,
      "max_decrypt_time": 0.008319600019603968,
      "avg_communication_size": 11700.249674479166,
      "std_communication_size": 14924.895478011786,
      "total_communication": 105302.2470703125
    },
    "neural_network": {
      "avg_encrypt_time": 0.38302249998863164,
      "std_encrypt_time": 0.005834539809842078,
      "min_encrypt_time": 0.3773333999561146,
      "max_encrypt_time": 0.391042799979914,
      "avg_query_time": 0.04945040001378705,
      "std_query_time": 0.001886823255006986,
      "min_query_time": 0.047782700043171644,
      "max_query_time": 0.052088199998252094,
      "avg_decrypt_time": 0.0030801000151162348,
      "std_decrypt_time": 7.444568875823793e-05,
      "min_decrypt_time": 0.0029749000095762312,
      "max_decrypt_time": 0.003136300016194582,
      "avg_communication_size": 18586.101019965277,
      "std_communication_size": 13142.411454965779,
      "total_communication": 167274.9091796875
    }
  }
}