{
  "config": {
    "N": 64,
    "n": 16,
    "num_records": 64,
    "record_dim": 16,
    "model_types": [
      "dot",
      "decision_tree",
      "neural_network"
    ],
    "policy_size": 8,
    "num_runs": 1,
    "save_results": true,
    "results_dir": "experiments/results/our_decart"
  },
  "models": {
    "dot": {
      "encrypt_times": [
        0.3570209000026807
      ],
      "query_times": [
        0.09596579999197274
      ],
      "decrypt_times": [
        0.006497399997897446
      ],
      "communication_sizes": [
        67117056,
        68079,
        2244665
      ],
      "comm_upload_sizes": [
        67117056
      ],
      "comm_query_sizes": [
        68079
      ],
      "comm_decrypt_sizes": [
        2244665
      ],
      "runs": [
        {
          "run_id": 0,
          "query_time": 0.09596579999197274,
          "decrypt_time": 0.006497399997897446,
          "success": true,
          "num_results": 64
        }
      ]
    },
    "decision_tree": {
      "encrypt_times": [
        0.35671279998496175
      ],
      "query_times": [
        0.1416253000497818
      ],
      "decrypt_times": [
        0.01583099999697879
      ],
      "communication_sizes": [
        67117056,
        204275,
        4346681
      ],
      "comm_upload_sizes": [
        67117056
      ],
      "comm_query_sizes": [
        204275
      ],
      "comm_decrypt_sizes": [
        4346681
      ],
      "runs": [
        {
          "run_id": 0,
          "query_time": 0.1416253000497818,
          "decrypt_time": 0.01583099999697879,
          "success": true,
          "num_results": 64
        }
      ]
    },
    "neural_network": {
      "encrypt_times": [
        0.355008699989412
      ],
      "query_times": [
        0.13691210001707077
      ],
      "decrypt_times": [
        0.016720800020266324
      ],
      "communication_sizes": [
        67117056,
        11544485,
        4346077
      ],
      "comm_upload_sizes": [
        67117056
      ],
      "comm_query_sizes": [
        11544485
      ],
      "comm_decrypt_sizes": [
        4346077
      ],
      "runs": [
        {
          "run_id": 0,
          "query_time": 0.13691210001707077,
          "decrypt_time": 0.016720800020266324,
          "success": true,
          "num_results": 64
        }
      ]
    }
  },
  "summary": {
    "dot": {
      "avg_encrypt_time": 0.3570209000026807,
      "std_encrypt_time": 0.0,
      "min_encrypt_time": 0.3570209000026807,
      "max_encrypt_time": 0.3570209000026807,
      "avg_query_time": 0.09596579999197274,
      "std_query_time": 0.0,
      "min_query_time": 0.09596579999197274,
      "max_query_time": 0.09596579999197274,
      "avg_decrypt_time": 0.006497399997897446,
      "std_decrypt_time": 0.0,
      "min_decrypt_time": 0.006497399997897446,
      "max_decrypt_time": 0.006497399997897446,
      "avg_communication_size": 22600.846354166668,
      "std_communication_size": 30377.79175813953,
      "total_communication": 67802.5390625
    },
    "decision_tree": {
      "avg_encrypt_time": 0.35671279998496175,
      "std_encrypt_time": 0.0,
      "min_encrypt_time": 0.35671279998496175,
      "max_encrypt_time": 0.35671279998496175,
      "avg_query_time": 0.1416253000497818,
      "std_query_time": 0.0,
      "min_query_time": 0.1416253000497818,
      "max_query_time": 0.1416253000497818,
      "avg_decrypt_time": 0.01583099999697879,
      "std_decrypt_time": 0.0,
      "min_decrypt_time": 0.01583099999697879,
      "max_decrypt_time": 0.01583099999697879,
      "avg_communication_size": 23329.430989583332,
      "std_communication_size": 29895.858439016796,
      "total_communication": 69988.29296875
    },
    "neural_network": {
      "avg_encrypt_time": 0.355008699989412,
      "std_encrypt_time": 0.0,
      "min_encrypt_time": 0.355008699989412,
      "max_encrypt_time": 0.355008699989412,
      "avg_query_time": 0.13691210001707077,
      "std_query_time": 0.0,
      "min_query_time": 0.13691210001707077,
      "max_query_time": 0.13691210001707077,
      "avg_decrypt_time": 0.016720800020266324,
      "std_decrypt_time": 0.0,
      "min_decrypt_time": 0.016720800020266324,
      "max_decrypt_time": 0.016720800020266324,
      "avg_communication_size": 27020.708984375,
      "std_communication_size": 27390.839308700106,
      "total_communication": 81062.126953125
    }
  }
}