{
  "config": {
    "N": 64,
    "n": 16,
    "num_records": 512,
    "record_dim": 128,
    "model_types": [
      "dot",
      "decision_tree",
      "neural_network"
    ],
    "policy_size": 8,
    "num_runs": 1,
    "save_results": true,
    "results_dir": "experiments/results/our_decart"
  },
  "models": {
    "dot": {
      "encrypt_times": [
        1.0929838999873027
      ],
      "query_times": [
        1.2060410999692976
      ],
      "decrypt_times": [
        0.05314689996885136
      ],
      "communication_sizes": [
        536879104,
        68166,
        17959132
      ],
      "comm_upload_sizes": [
        536879104
      ],
      "comm_query_sizes": [
        68166
      ],
      "comm_decrypt_sizes": [
        17959132
      ],
      "runs": [
        {
          "run_id": 0,
          "query_time": 1.2060410999692976,
          "decrypt_time": 0.05314689996885136,
          "success": true,
          "num_results": 512
        }
      ]
    },
    "decision_tree": {
      "encrypt_times": [
        1.063362099986989
      ],
      "query_times": [
        1.0503577000345103
      ],
      "decrypt_times": [
        0.13710659998469055
      ],
      "communication_sizes": [
        536879104,
        204211,
        34767077
      ],
      "comm_upload_sizes": [
        536879104
      ],
      "comm_query_sizes": [
        204211
      ],
      "comm_decrypt_sizes": [
        34767077
      ],
      "runs": [
        {
          "run_id": 0,
          "query_time": 1.0503577000345103,
          "decrypt_time": 0.13710659998469055,
          "success": true,
          "num_results": 512
        }
      ]
    },
    "neural_network": {
      "encrypt_times": [
        1.1503867999999784
      ],
      "query_times": [
        1.0001140999956988
      ],
      "decrypt_times": [
        0.1445273000281304
      ],
      "communication_sizes": [
        536879104,
        34633407,
        34769877
      ],
      "comm_upload_sizes": [
        536879104
      ],
      "comm_query_sizes": [
        34633407
      ],
      "comm_decrypt_sizes": [
        34769877
      ],
      "runs": [
        {
          "run_id": 0,
          "query_time": 1.0001140999956988,
          "decrypt_time": 0.1445273000281304,
          "success": true,
          "num_results": 512
        }
      ]
    }
  },
  "summary": {
    "dot": {
      "avg_encrypt_time": 1.0929838999873027,
      "std_encrypt_time": 0.0,
      "min_encrypt_time": 1.0929838999873027,
      "max_encrypt_time": 1.0929838999873027,
      "avg_query_time": 1.2060410999692976,
      "std_query_time": 0.0,
      "min_query_time": 1.2060410999692976,
      "max_query_time": 1.2060410999692976,
      "avg_decrypt_time": 0.05314689996885136,
      "std_decrypt_time": 0.0,
      "min_decrypt_time": 0.05314689996885136,
      "max_decrypt_time": 0.05314689996885136,
      "avg_communication_size": 180633.59440104166,
      "std_communication_size": 243110.6762694253,
      "total_communication": 541900.783203125
    },
    "decision_tree": {
      "avg_encrypt_time": 1.063362099986989,
      "std_encrypt_time": 0.0,
      "min_encrypt_time": 1.063362099986989,
      "max_encrypt_time": 1.063362099986989,
      "avg_query_time": 1.0503577000345103,
      "std_query_time": 0.0,
      "min_query_time": 1.0503577000345103,
      "max_query_time": 1.0503577000345103,
      "avg_decrypt_time": 0.13710659998469055,
      "std_decrypt_time": 0.0,
      "min_decrypt_time": 0.13710659998469055,
      "max_decrypt_time": 0.13710659998469055,
      "avg_communication_size": 186149.21614583334,
      "std_communication_size": 239502.60740455464,
      "total_communication": 558447.6484375
    },
    "neural_network": {
      "avg_encrypt_time": 1.1503867999999784,
      "std_encrypt_time": 0.0,
      "min_encrypt_time": 1.1503867999999784,
      "max_encrypt_time": 1.1503867999999784,
      "avg_query_time": 1.0001140999956988,
      "std_query_time": 0.0,
      "min_query_time": 1.0001140999956988,
      "max_query_time": 1.0001140999956988,
      "avg_decrypt_time": 0.1445273000281304,
      "std_decrypt_time": 0.0,
      "min_decrypt_time": 0.1445273000281304,
      "max_decrypt_time": 0.1445273000281304,
      "avg_communication_size": 197357.54817708334,
      "std_communication_size": 231180.402717007,
      "total_communication": 592072.64453125
    }
  }
}