{
  "config": {
    "N": 64,
    "n": 16,
    "num_records": 210,
    "record_dim": 50,
    "model_types": [
      "dot",
      "decision_tree",
      "neural_network"
    ],
    "policy_size": 8,
    "num_runs": 1,
    "save_results": true,
    "results_dir": "experiments/results/our_decart"
  },
  "models": {
    "dot": {
      "encrypt_times": [
        0.5668420000001788
      ],
      "query_times": [
        0.7315845999983139
      ],
      "decrypt_times": [
        0.022826600004918873
      ],
      "communication_sizes": [
        220209152,
        68141,
        7366374
      ],
      "comm_upload_sizes": [
        220209152
      ],
      "comm_query_sizes": [
        68141
      ],
      "comm_decrypt_sizes": [
        7366374
      ],
      "runs": [
        {
          "run_id": 0,
          "query_time": 0.7315845999983139,
          "decrypt_time": 0.022826600004918873,
          "success": true,
          "num_results": 210
        }
      ]
    },
    "decision_tree": {
      "encrypt_times": [
        0.6255397000350058
      ],
      "query_times": [
        0.4165361000341363
      ],
      "decrypt_times": [
        0.05782349995570257
      ],
      "communication_sizes": [
        220209152,
        204204,
        14260522
      ],
      "comm_upload_sizes": [
        220209152
      ],
      "comm_query_sizes": [
        204204
      ],
      "comm_decrypt_sizes": [
        14260522
      ],
      "runs": [
        {
          "run_id": 0,
          "query_time": 0.4165361000341363,
          "decrypt_time": 0.05782349995570257,
          "success": true,
          "num_results": 210
        }
      ]
    },
    "neural_network": {
      "encrypt_times": [
        0.6434236000059173
      ],
      "query_times": [
        0.47883189999265596
      ],
      "decrypt_times": [
        0.0546563999960199
      ],
      "communication_sizes": [
        220209152,
        34633271,
        14260500
      ],
      "comm_upload_sizes": [
        220209152
      ],
      "comm_query_sizes": [
        34633271
      ],
      "comm_decrypt_sizes": [
        14260500
      ],
      "runs": [
        {
          "run_id": 0,
          "query_time": 0.47883189999265596,
          "decrypt_time": 0.0546563999960199,
          "success": true,
          "num_results": 210
        }
      ]
    }
  },
  "summary": {
    "dot": {
      "avg_encrypt_time": 0.5668420000001788,
      "std_encrypt_time": 0.0,
      "min_encrypt_time": 0.5668420000001788,
      "max_encrypt_time": 0.5668420000001788,
      "avg_query_time": 0.7315845999983139,
      "std_query_time": 0.0,
      "min_query_time": 0.7315845999983139,
      "max_query_time": 0.7315845999983139,
      "avg_decrypt_time": 0.022826600004918873,
      "std_decrypt_time": 0.0,
      "min_decrypt_time": 0.022826600004918873,
      "max_decrypt_time": 0.022826600004918873,
      "avg_communication_size": 74102.75618489583,
      "std_communication_size": 99705.80221039936,
      "total_communication": 222308.2685546875
    },
    "decision_tree": {
      "avg_encrypt_time": 0.6255397000350058,
      "std_encrypt_time": 0.0,
      "min_encrypt_time": 0.6255397000350058,
      "max_encrypt_time": 0.6255397000350058,
      "avg_query_time": 0.4165361000341363,
      "std_query_time": 0.0,
      "min_query_time": 0.4165361000341363,
      "max_query_time": 0.4165361000341363,
      "avg_decrypt_time": 0.05782349995570257,
      "std_decrypt_time": 0.0,
      "min_decrypt_time": 0.05782349995570257,
      "max_decrypt_time": 0.05782349995570257,
      "avg_communication_size": 76391.236328125,
      "std_communication_size": 98205.16057343049,
      "total_communication": 229173.708984375
    },
    "neural_network": {
      "avg_encrypt_time": 0.6434236000059173,
      "std_encrypt_time": 0.0,
      "min_encrypt_time": 0.6434236000059173,
      "max_encrypt_time": 0.6434236000059173,
      "avg_query_time": 0.47883189999265596,
      "std_query_time": 0.0,
      "min_query_time": 0.47883189999265596,
      "max_query_time": 0.47883189999265596,
      "avg_decrypt_time": 0.0546563999960199,
      "std_decrypt_time": 0.0,
      "min_decrypt_time": 0.0546563999960199,
      "max_decrypt_time": 0.0546563999960199,
      "avg_communication_size": 87598.60774739583,
      "std_communication_size": 90485.60206764481,
      "total_communication": 262795.8232421875
    }
  }
}