{
  "config": {
    "N": 64,
    "n": 16,
    "num_records": 300,
    "record_dim": 32,
    "model_types": [
      "dot",
      "decision_tree",
      "neural_network"
    ],
    "policy_size": 8,
    "num_runs": 1,
    "save_results": true,
    "results_dir": "experiments/results/our_decart"
  },
  "models": {
    "dot": {
      "encrypt_times": [
        0.676848599978257
      ],
      "query_times": [
        0.4997311000479385
      ],
      "decrypt_times": [
        0.02878150000469759
      ],
      "communication_sizes": [
        314580992,
        68138,
        10522182
      ],
      "comm_upload_sizes": [
        314580992
      ],
      "comm_query_sizes": [
        68138
      ],
      "comm_decrypt_sizes": [
        10522182
      ],
      "runs": [
        {
          "run_id": 0,
          "query_time": 0.4997311000479385,
          "decrypt_time": 0.02878150000469759,
          "success": true,
          "num_results": 300
        }
      ]
    },
    "decision_tree": {
      "encrypt_times": [
        0.6481400999473408
      ],
      "query_times": [
        0.5557968999492005
      ],
      "decrypt_times": [
        0.07271829998353496
      ],
      "communication_sizes": [
        314580992,
        204229,
        20372450
      ],
      "comm_upload_sizes": [
        314580992
      ],
      "comm_query_sizes": [
        204229
      ],
      "comm_decrypt_sizes": [
        20372450
      ],
      "runs": [
        {
          "run_id": 0,
          "query_time": 0.5557968999492005,
          "decrypt_time": 0.07271829998353496,
          "success": true,
          "num_results": 300
        }
      ]
    },
    "neural_network": {
      "encrypt_times": [
        0.6447917000041343
      ],
      "query_times": [
        0.534701699973084
      ],
      "decrypt_times": [
        0.0804655000101775
      ],
      "communication_sizes": [
        314580992,
        22409405,
        20371762
      ],
      "comm_upload_sizes": [
        314580992
      ],
      "comm_query_sizes": [
        22409405
      ],
      "comm_decrypt_sizes": [
        20371762
      ],
      "runs": [
        {
          "run_id": 0,
          "query_time": 0.534701699973084,
          "decrypt_time": 0.0804655000101775,
          "success": true,
          "num_results": 300
        }
      ]
    }
  },
  "summary": {
    "dot": {
      "avg_encrypt_time": 0.676848599978257,
      "std_encrypt_time": 0.0,
      "min_encrypt_time": 0.676848599978257,
      "max_encrypt_time": 0.676848599978257,
      "avg_query_time": 0.4997311000479385,
      "std_query_time": 0.0,
      "min_query_time": 0.4997311000479385,
      "max_query_time": 0.4997311000479385,
      "avg_decrypt_time": 0.02878150000469759,
      "std_decrypt_time": 0.0,
      "min_decrypt_time": 0.02878150000469759,
      "max_decrypt_time": 0.02878150000469759,
      "avg_communication_size": 105850.03645833333,
      "std_communication_size": 142442.56894402913,
      "total_communication": 317550.109375
    },
    "decision_tree": {
      "avg_encrypt_time": 0.6481400999473408,
      "std_encrypt_time": 0.0,
      "min_encrypt_time": 0.6481400999473408,
      "max_encrypt_time": 0.6481400999473408,
      "avg_query_time": 0.5557968999492005,
      "std_query_time": 0.0,
      "min_query_time": 0.5557968999492005,
      "max_query_time": 0.5557968999492005,
      "avg_decrypt_time": 0.07271829998353496,
      "std_decrypt_time": 0.0,
      "min_decrypt_time": 0.07271829998353496,
      "max_decrypt_time": 0.07271829998353496,
      "avg_communication_size": 109100.80436197917,
      "std_communication_size": 140313.51605511815,
      "total_communication": 327302.4130859375
    },
    "neural_network": {
      "avg_encrypt_time": 0.6447917000041343,
      "std_encrypt_time": 0.0,
      "min_encrypt_time": 0.6447917000041343,
      "max_encrypt_time": 0.6447917000041343,
      "avg_query_time": 0.534701699973084,
      "std_query_time": 0.0,
      "min_query_time": 0.534701699973084,
      "max_query_time": 0.534701699973084,
      "avg_decrypt_time": 0.0804655000101775,
      "std_decrypt_time": 0.0,
      "min_decrypt_time": 0.0804655000101775,
      "max_decrypt_time": 0.0804655000101775,
      "avg_communication_size": 116328.82779947917,
      "std_communication_size": 134974.40176142982,
      "total_communication": 348986.4833984375
    }
  }
}