{
  "config": {
    "N": 64,
    "n": 16,
    "num_records": 64,
    "record_dim": 64,
    "model_types": [
      "dot",
      "decision_tree",
      "neural_network"
    ],
    "policy_size": 10,
    "num_runs": 3,
    "save_results": true,
    "results_dir": "experiments/results/our_decart"
  },
  "models": {
    "dot": {
      "encrypt_times": [
        0.42330239998409525,
        0.4333807999501005,
        0.42732750001596287
      ],
      "query_times": [
        0.11830039997585118,
        0.12537550000706688,
        0.11922819999745116
      ],
      "decrypt_times": [
        0.006696700002066791,
        0.006394199968781322,
        0.007858900004066527
      ],
      "communication_sizes": [
        67119104,
        68272,
        2245017,
        67119104,
        68280,
        2244968,
        67119104,
        68372,
        2245162
      ],
      "comm_upload_sizes": [
        67119104,
        67119104,
        67119104
      ],
      "comm_query_sizes": [
        68272,
        68280,
        68372
      ],
      "comm_decrypt_sizes": [
        2245017,
        2244968,
        2245162
      ],
      "runs": [
        {
          "run_id": 0,
          "query_time": 0.11830039997585118,
          "decrypt_time": 0.006696700002066791,
          "success": true,
          "num_results": 64
        },
        {
          "run_id": 1,
          "query_time": 0.12537550000706688,
          "decrypt_time": 0.006394199968781322,
          "success": true,
          "num_results": 64
        },
        {
          "run_id": 2,
          "query_time": 0.11922819999745116,
          "decrypt_time": 0.007858900004066527,
          "success": true,
          "num_results": 64
        }
      ]
    },
    "decision_tree": {
      "encrypt_times": [
        0.41127629997208714,
        0.4079667999758385,
        0.40392559999600053
      ],
      "query_times": [
        0.03109010000480339,
        0.03304010001011193,
        0.03269109997199848
      ],
      "decrypt_times": [
        0.014359300024807453,
        0.019045500026550144,
        0.015331799979321659
      ],
      "communication_sizes": [
        67119104,
        67119104,
        67119104
      ],
      "comm_upload_sizes": [
        67119104,
        67119104,
        67119104
      ],
      "comm_query_sizes": [
        0,
        0,
        0
      ],
      "comm_decrypt_sizes": [
        0,
        0,
        0
      ],
      "runs": [
        {
          "run_id": 0,
          "query_time": 0.03109010000480339,
          "decrypt_time": 0.014359300024807453,
          "success": true,
          "num_results": 64
        },
        {
          "run_id": 1,
          "query_time": 0.03304010001011193,
          "decrypt_time": 0.019045500026550144,
          "success": true,
          "num_results": 64
        },
        {
          "run_id": 2,
          "query_time": 0.03269109997199848,
          "decrypt_time": 0.015331799979321659,
          "success": true,
          "num_results": 64
        }
      ]
    },
    "neural_network": {
      "encrypt_times": [
        0.41458659997442737,
        0.4262592999730259,
        0.41167180001502857
      ],
      "query_times": [
        0.07469029998173937,
        0.07894759997725487,
        0.07967519998783246
      ],
      "decrypt_times": [
        0.00743320002220571,
        0.00599309999961406,
        0.007839100027922541
      ],
      "communication_sizes": [
        67119104,
        36412,
        2243165,
        67119104,
        36412,
        2242397,
        67119104,
        36412,
        2248413
      ],
      "comm_upload_sizes": [
        67119104,
        67119104,
        67119104
      ],
      "comm_query_sizes": [
        36412,
        36412,
        36412
      ],
      "comm_decrypt_sizes": [
        2243165,
        2242397,
        2248413
      ],
      "runs": [
        {
          "run_id": 0,
          "query_time": 0.07469029998173937,
          "decrypt_time": 0.00743320002220571,
          "success": true,
          "num_results": 64
        },
        {
          "run_id": 1,
          "query_time": 0.07894759997725487,
          "decrypt_time": 0.00599309999961406,
          "success": true,
          "num_results": 64
        },
        {
          "run_id": 2,
          "query_time": 0.07967519998783246,
          "decrypt_time": 0.007839100027922541,
          "success": true,
          "num_results": 64
        }
      ]
    }
  },
  "summary": {
    "dot": {
      "avg_encrypt_time": 0.42800356665005285,
      "std_encrypt_time": 0.004142168195441522,
      "min_encrypt_time": 0.42330239998409525,
      "max_encrypt_time": 0.4333807999501005,
      "avg_query_time": 0.12096803332678974,
      "std_query_time": 0.0031394824545175294,
      "min_query_time": 0.11830039997585118,
      "max_query_time": 0.12537550000706688,
      "avg_decrypt_time": 0.00698326665830488,
      "std_decrypt_time": 0.0006313619588855663,
      "min_decrypt_time": 0.006394199968781322,
      "max_decrypt_time": 0.007858900004066527,
      "avg_communication_size": 22601.712565104168,
      "std_communication_size": 30378.594906207727,
      "total_communication": 203415.4130859375
    },
    "decision_tree": {
      "avg_encrypt_time": 0.40772289998130873,
      "std_encrypt_time": 0.003005862376546723,
      "min_encrypt_time": 0.40392559999600053,
      "max_encrypt_time": 0.41127629997208714,
      "avg_query_time": 0.0322737666623046,
      "std_query_time": 0.0008490191688887686,
      "min_query_time": 0.03109010000480339,
      "max_query_time": 0.03304010001011193,
      "avg_decrypt_time": 0.016245533343559753,
      "std_decrypt_time": 0.0020192901574191354,
      "min_decrypt_time": 0.014359300024807453,
      "max_decrypt_time": 0.019045500026550144,
      "avg_communication_size": 65546.0,
      "std_communication_size": 0.0,
      "total_communication": 196638.0
    },
    "neural_network": {
      "avg_encrypt_time": 0.41750589998749393,
      "std_encrypt_time": 0.006302937049813158,
      "min_encrypt_time": 0.41167180001502857,
      "max_encrypt_time": 0.4262592999730259,
      "avg_query_time": 0.0777710333156089,
      "std_query_time": 0.0021985660250352975,
      "min_query_time": 0.07469029998173937,
      "max_query_time": 0.07967519998783246,
      "avg_decrypt_time": 0.007088466683247437,
      "std_decrypt_time": 0.0007920689500166501,
      "min_decrypt_time": 0.00599309999961406,
      "max_decrypt_time": 0.007839100027922541,
      "avg_communication_size": 22591.202582465277,
      "std_communication_size": 30386.38491361772,
      "total_communication": 203320.8232421875
    }
  }
}