{
  "config": {
    "N": 64,
    "n": 16,
    "num_records": 115,
    "record_dim": 32,
    "model_types": [
      "dot",
      "decision_tree",
      "neural_network"
    ],
    "policy_size": 8,
    "num_runs": 1,
    "save_results": true,
    "results_dir": "experiments/results/our_decart"
  },
  "models": {
    "dot": {
      "encrypt_times": [
        0.43354489997727796
      ],
      "query_times": [
        0.18352150003192946
      ],
      "decrypt_times": [
        0.011002700019162148
      ],
      "communication_sizes": [
        120594432,
        68084,
        4034264
      ],
      "comm_upload_sizes": [
        120594432
      ],
      "comm_query_sizes": [
        68084
      ],
      "comm_decrypt_sizes": [
        4034264
      ],
      "runs": [
        {
          "run_id": 0,
          "query_time": 0.18352150003192946,
          "decrypt_time": 0.011002700019162148,
          "success": true,
          "num_results": 115
        }
      ]
    },
    "decision_tree": {
      "encrypt_times": [
        0.4112767999758944
      ],
      "query_times": [
        0.20197160000680014
      ],
      "decrypt_times": [
        0.028112199972383678
      ],
      "communication_sizes": [
        120594432,
        204258,
        7808623
      ],
      "comm_upload_sizes": [
        120594432
      ],
      "comm_query_sizes": [
        204258
      ],
      "comm_decrypt_sizes": [
        7808623
      ],
      "runs": [
        {
          "run_id": 0,
          "query_time": 0.20197160000680014,
          "decrypt_time": 0.028112199972383678,
          "success": true,
          "num_results": 115
        }
      ]
    },
    "neural_network": {
      "encrypt_times": [
        0.42507630004547536
      ],
      "query_times": [
        0.24694510002154857
      ],
      "decrypt_times": [
        0.02790460002142936
      ],
      "communication_sizes": [
        120594432,
        22409137,
        7808524
      ],
      "comm_upload_sizes": [
        120594432
      ],
      "comm_query_sizes": [
        22409137
      ],
      "comm_decrypt_sizes": [
        7808524
      ],
      "runs": [
        {
          "run_id": 0,
          "query_time": 0.24694510002154857,
          "decrypt_time": 0.02790460002142936,
          "success": true,
          "num_results": 115
        }
      ]
    }
  },
  "summary": {
    "dot": {
      "avg_encrypt_time": 0.43354489997727796,
      "std_encrypt_time": 0.0,
      "min_encrypt_time": 0.43354489997727796,
      "max_encrypt_time": 0.43354489997727796,
      "avg_query_time": 0.18352150003192946,
      "std_query_time": 0.0,
      "min_query_time": 0.18352150003192946,
      "max_query_time": 0.18352150003192946,
      "avg_decrypt_time": 0.011002700019162148,
      "std_decrypt_time": 0.0,
      "min_decrypt_time": 0.011002700019162148,
      "max_decrypt_time": 0.011002700019162148,
      "avg_communication_size": 40591.399739583336,
      "std_communication_size": 54595.000896012025,
      "total_communication": 121774.19921875
    },
    "decision_tree": {
      "avg_encrypt_time": 0.4112767999758944,
      "std_encrypt_time": 0.0,
      "min_encrypt_time": 0.4112767999758944,
      "max_encrypt_time": 0.4112767999758944,
      "avg_query_time": 0.20197160000680014,
      "std_query_time": 0.0,
      "min_query_time": 0.20197160000680014,
      "max_query_time": 0.20197160000680014,
      "avg_decrypt_time": 0.028112199972383678,
      "std_decrypt_time": 0.0,
      "min_decrypt_time": 0.028112199972383678,
      "max_decrypt_time": 0.028112199972383678,
      "avg_communication_size": 41864.359700520836,
      "std_communication_size": 53757.53490319271,
      "total_communication": 125593.0791015625
    },
    "neural_network": {
      "avg_encrypt_time": 0.42507630004547536,
      "std_encrypt_time": 0.0,
      "min_encrypt_time": 0.42507630004547536,
      "max_encrypt_time": 0.42507630004547536,
      "avg_query_time": 0.24694510002154857,
      "std_query_time": 0.0,
      "min_query_time": 0.24694510002154857,
      "max_query_time": 0.24694510002154857,
      "avg_decrypt_time": 0.02790460002142936,
      "std_decrypt_time": 0.0,
      "min_decrypt_time": 0.02790460002142936,
      "max_decrypt_time": 0.02790460002142936,
      "avg_communication_size": 49092.478190104164,
      "std_communication_size": 48908.561240367635,
      "total_communication": 147277.4345703125
    }
  }
}