{
  "config": {
    "N": 64,
    "n": 16,
    "num_records": 512,
    "record_dim": 256,
    "model_types": [
      "dot",
      "decision_tree",
      "neural_network"
    ],
    "policy_size": 8,
    "num_runs": 1,
    "save_results": true,
    "results_dir": "experiments/results/our_decart"
  },
  "models": {
    "dot": {
      "encrypt_times": [
        1.1707506999955513
      ],
      "query_times": [
        1.344152399979066
      ],
      "decrypt_times": [
        0.05481460003647953
      ],
      "communication_sizes": [
        536879104,
        68119,
        17960469
      ],
      "comm_upload_sizes": [
        536879104
      ],
      "comm_query_sizes": [
        68119
      ],
      "comm_decrypt_sizes": [
        17960469
      ],
      "runs": [
        {
          "run_id": 0,
          "query_time": 1.344152399979066,
          "decrypt_time": 0.05481460003647953,
          "success": true,
          "num_results": 512
        }
      ]
    },
    "decision_tree": {
      "encrypt_times": [
        1.2238293999689631
      ],
      "query_times": [
        1.065254199958872
      ],
      "decrypt_times": [
        0.15209109999705106
      ],
      "communication_sizes": [
        536879104,
        204296,
        34768416
      ],
      "comm_upload_sizes": [
        536879104
      ],
      "comm_query_sizes": [
        204296
      ],
      "comm_decrypt_sizes": [
        34768416
      ],
      "runs": [
        {
          "run_id": 0,
          "query_time": 1.065254199958872,
          "decrypt_time": 0.15209109999705106,
          "success": true,
          "num_results": 512
        }
      ]
    },
    "neural_network": {
      "encrypt_times": [
        1.1636112999985926
      ],
      "query_times": [
        1.0243055000319146
      ],
      "decrypt_times": [
        0.18346319999545813
      ],
      "communication_sizes": [
        536879104,
        34632436,
        34767059
      ],
      "comm_upload_sizes": [
        536879104
      ],
      "comm_query_sizes": [
        34632436
      ],
      "comm_decrypt_sizes": [
        34767059
      ],
      "runs": [
        {
          "run_id": 0,
          "query_time": 1.0243055000319146,
          "decrypt_time": 0.18346319999545813,
          "success": true,
          "num_results": 512
        }
      ]
    }
  },
  "summary": {
    "dot": {
      "avg_encrypt_time": 1.1707506999955513,
      "std_encrypt_time": 0.0,
      "min_encrypt_time": 1.1707506999955513,
      "max_encrypt_time": 1.1707506999955513,
      "avg_query_time": 1.344152399979066,
      "std_query_time": 0.0,
      "min_query_time": 1.344152399979066,
      "max_query_time": 1.344152399979066,
      "avg_decrypt_time": 0.05481460003647953,
      "std_decrypt_time": 0.0,
      "min_decrypt_time": 0.05481460003647953,
      "max_decrypt_time": 0.05481460003647953,
      "avg_communication_size": 180634.01432291666,
      "std_communication_size": 243110.3956570943,
      "total_communication": 541902.04296875
    },
    "decision_tree": {
      "avg_encrypt_time": 1.2238293999689631,
      "std_encrypt_time": 0.0,
      "min_encrypt_time": 1.2238293999689631,
      "max_encrypt_time": 1.2238293999689631,
      "avg_query_time": 1.065254199958872,
      "std_query_time": 0.0,
      "min_query_time": 1.065254199958872,
      "max_query_time": 1.065254199958872,
      "avg_decrypt_time": 0.15209109999705106,
      "std_decrypt_time": 0.0,
      "min_decrypt_time": 0.15209109999705106,
      "max_decrypt_time": 0.15209109999705106,
      "avg_communication_size": 186149.6796875,
      "std_communication_size": 239502.30893837288,
      "total_communication": 558449.0390625
    },
    "neural_network": {
      "avg_encrypt_time": 1.1636112999985926,
      "std_encrypt_time": 0.0,
      "min_encrypt_time": 1.1636112999985926,
      "max_encrypt_time": 1.1636112999985926,
      "avg_query_time": 1.0243055000319146,
      "std_query_time": 0.0,
      "min_query_time": 1.0243055000319146,
      "max_query_time": 1.0243055000319146,
      "avg_decrypt_time": 0.18346319999545813,
      "std_decrypt_time": 0.0,
      "min_decrypt_time": 0.18346319999545813,
      "max_decrypt_time": 0.18346319999545813,
      "avg_communication_size": 197356.31477864584,
      "std_communication_size": 231181.27468925397,
      "total_communication": 592068.9443359375
    }
  }
}