{
  "config": {
    "N": 64,
    "n": 16,
    "num_records": 103,
    "record_dim": 16,
    "model_types": [
      "dot",
      "decision_tree",
      "neural_network"
    ],
    "policy_size": 8,
    "num_runs": 1,
    "save_results": true,
    "results_dir": "experiments/results/our_decart"
  },
  "models": {
    "dot": {
      "encrypt_times": [
        0.3989684000262059
      ],
      "query_times": [
        0.14600110001629218
      ],
      "decrypt_times": [
        0.01170179998734966
      ],
      "communication_sizes": [
        108011520,
        68115,
        3613454
      ],
      "comm_upload_sizes": [
        108011520
      ],
      "comm_query_sizes": [
        68115
      ],
      "comm_decrypt_sizes": [
        3613454
      ],
      "runs": [
        {
          "run_id": 0,
          "query_time": 0.14600110001629218,
          "decrypt_time": 0.01170179998734966,
          "success": true,
          "num_results": 103
        }
      ]
    },
    "decision_tree": {
      "encrypt_times": [
        0.38915359997190535
      ],
      "query_times": [
        0.1863090000115335
      ],
      "decrypt_times": [
        0.02568039996549487
      ],
      "communication_sizes": [
        108011520,
        204290,
        6993651
      ],
      "comm_upload_sizes": [
        108011520
      ],
      "comm_query_sizes": [
        204290
      ],
      "comm_decrypt_sizes": [
        6993651
      ],
      "runs": [
        {
          "run_id": 0,
          "query_time": 0.1863090000115335,
          "decrypt_time": 0.02568039996549487,
          "success": true,
          "num_results": 103
        }
      ]
    },
    "neural_network": {
      "encrypt_times": [
        0.39988699997775257
      ],
      "query_times": [
        0.1887354000355117
      ],
      "decrypt_times": [
        0.026423799979966134
      ],
      "communication_sizes": [
        108011520,
        11544878,
        6994856
      ],
      "comm_upload_sizes": [
        108011520
      ],
      "comm_query_sizes": [
        11544878
      ],
      "comm_decrypt_sizes": [
        6994856
      ],
      "runs": [
        {
          "run_id": 0,
          "query_time": 0.1887354000355117,
          "decrypt_time": 0.026423799979966134,
          "success": true,
          "num_results": 103
        }
      ]
    }
  },
  "summary": {
    "dot": {
      "avg_encrypt_time": 0.3989684000262059,
      "std_encrypt_time": 0.0,
      "min_encrypt_time": 0.3989684000262059,
      "max_encrypt_time": 0.3989684000262059,
      "avg_query_time": 0.14600110001629218,
      "std_query_time": 0.0,
      "min_query_time": 0.14600110001629218,
      "max_query_time": 0.14600110001629218,
      "avg_decrypt_time": 0.01170179998734966,
      "std_decrypt_time": 0.0,
      "min_decrypt_time": 0.01170179998734966,
      "max_decrypt_time": 0.01170179998734966,
      "avg_communication_size": 36358.427408854164,
      "std_communication_size": 48896.766310378545,
      "total_communication": 109075.2822265625
    },
    "decision_tree": {
      "avg_encrypt_time": 0.38915359997190535,
      "std_encrypt_time": 0.0,
      "min_encrypt_time": 0.38915359997190535,
      "max_encrypt_time": 0.38915359997190535,
      "avg_query_time": 0.1863090000115335,
      "std_query_time": 0.0,
      "min_query_time": 0.1863090000115335,
      "max_query_time": 0.1863090000115335,
      "avg_decrypt_time": 0.02568039996549487,
      "std_decrypt_time": 0.0,
      "min_decrypt_time": 0.02568039996549487,
      "max_decrypt_time": 0.02568039996549487,
      "avg_communication_size": 37503.079752604164,
      "std_communication_size": 48143.09413920747,
      "total_communication": 112509.2392578125
    },
    "neural_network": {
      "avg_encrypt_time": 0.39988699997775257,
      "std_encrypt_time": 0.0,
      "min_encrypt_time": 0.39988699997775257,
      "max_encrypt_time": 0.39988699997775257,
      "avg_query_time": 0.1887354000355117,
      "std_query_time": 0.0,
      "min_query_time": 0.1887354000355117,
      "max_query_time": 0.1887354000355117,
      "avg_decrypt_time": 0.026423799979966134,
      "std_decrypt_time": 0.0,
      "min_decrypt_time": 0.026423799979966134,
      "max_decrypt_time": 0.026423799979966134,
      "avg_communication_size": 41195.069661458336,
      "std_communication_size": 45492.49102755846,
      "total_communication": 123585.208984375
    }
  }
}