{
  "config": {
    "N": 64,
    "n": 16,
    "num_records": 170,
    "record_dim": 256,
    "model_types": [
      "dot",
      "decision_tree",
      "neural_network"
    ],
    "policy_size": 8,
    "num_runs": 1,
    "save_results": true,
    "results_dir": "experiments/results/our_decart"
  },
  "models": {
    "dot": {
      "encrypt_times": [
        0.6429420000058599
      ],
      "query_times": [
        0.4402669999981299
      ],
      "decrypt_times": [
        0.019959800003562123
      ],
      "communication_sizes": [
        178266112,
        68124,
        5962562
      ],
      "comm_upload_sizes": [
        178266112
      ],
      "comm_query_sizes": [
        68124
      ],
      "comm_decrypt_sizes": [
        5962562
      ],
      "runs": [
        {
          "run_id": 0,
          "query_time": 0.4402669999981299,
          "decrypt_time": 0.019959800003562123,
          "success": true,
          "num_results": 170
        }
      ]
    },
    "decision_tree": {
      "encrypt_times": [
        0.6417373000294901
      ],
      "query_times": [
        0.40380989998811856
      ],
      "decrypt_times": [
        0.049939699994865805
      ],
      "communication_sizes": [
        178266112,
        204285,
        11542941
      ],
      "comm_upload_sizes": [
        178266112
      ],
      "comm_query_sizes": [
        204285
      ],
      "comm_decrypt_sizes": [
        11542941
      ],
      "runs": [
        {
          "run_id": 0,
          "query_time": 0.40380989998811856,
          "decrypt_time": 0.049939699994865805,
          "success": true,
          "num_results": 170
        }
      ]
    },
    "neural_network": {
      "encrypt_times": [
        0.6351256999769248
      ],
      "query_times": [
        0.4279753000009805
      ],
      "decrypt_times": [
        0.049219499982427806
      ],
      "communication_sizes": [
        178266112,
        34633483,
        11544518
      ],
      "comm_upload_sizes": [
        178266112
      ],
      "comm_query_sizes": [
        34633483
      ],
      "comm_decrypt_sizes": [
        11544518
      ],
      "runs": [
        {
          "run_id": 0,
          "query_time": 0.4279753000009805,
          "decrypt_time": 0.049219499982427806,
          "success": true,
          "num_results": 170
        }
      ]
    }
  },
  "summary": {
    "dot": {
      "avg_encrypt_time": 0.6429420000058599,
      "std_encrypt_time": 0.0,
      "min_encrypt_time": 0.6429420000058599,
      "max_encrypt_time": 0.6429420000058599,
      "avg_query_time": 0.4402669999981299,
      "std_query_time": 0.0,
      "min_query_time": 0.4402669999981299,
      "max_query_time": 0.4402669999981299,
      "avg_decrypt_time": 0.019959800003562123,
      "std_decrypt_time": 0.0,
      "min_decrypt_time": 0.019959800003562123,
      "max_decrypt_time": 0.019959800003562123,
      "avg_communication_size": 59992.447265625,
      "std_communication_size": 80711.95729524137,
      "total_communication": 179977.341796875
    },
    "decision_tree": {
      "avg_encrypt_time": 0.6417373000294901,
      "std_encrypt_time": 0.0,
      "min_encrypt_time": 0.6417373000294901,
      "max_encrypt_time": 0.6417373000294901,
      "avg_query_time": 0.40380989998811856,
      "std_query_time": 0.0,
      "min_query_time": 0.40380989998811856,
      "max_query_time": 0.40380989998811856,
      "avg_decrypt_time": 0.049939699994865805,
      "std_decrypt_time": 0.0,
      "min_decrypt_time": 0.049939699994865805,
      "max_decrypt_time": 0.049939699994865805,
      "avg_communication_size": 61853.300130208336,
      "std_communication_size": 79490.55794810678,
      "total_communication": 185559.900390625
    },
    "neural_network": {
      "avg_encrypt_time": 0.6351256999769248,
      "std_encrypt_time": 0.0,
      "min_encrypt_time": 0.6351256999769248,
      "max_encrypt_time": 0.6351256999769248,
      "avg_query_time": 0.4279753000009805,
      "std_query_time": 0.0,
      "min_query_time": 0.4279753000009805,
      "max_query_time": 0.4279753000009805,
      "avg_decrypt_time": 0.049219499982427806,
      "std_decrypt_time": 0.0,
      "min_decrypt_time": 0.049219499982427806,
      "max_decrypt_time": 0.049219499982427806,
      "avg_communication_size": 73061.23470052083,
      "std_communication_size": 72027.33970439837,
      "total_communication": 219183.7041015625
    }
  }
}