{
  "config": {
    "N": 64,
    "n": 16,
    "num_records": 45,
    "record_dim": 32,
    "model_types": [
      "dot",
      "decision_tree",
      "neural_network"
    ],
    "policy_size": 8,
    "num_runs": 1,
    "save_results": true,
    "results_dir": "experiments/results/our_decart"
  },
  "models": {
    "dot": {
      "encrypt_times": [
        0.4500186999794096
      ],
      "query_times": [
        0.09314080001786351
      ],
      "decrypt_times": [
        0.006376200006343424
      ],
      "communication_sizes": [
        47194112,
        68047,
        1578936
      ],
      "comm_upload_sizes": [
        47194112
      ],
      "comm_query_sizes": [
        68047
      ],
      "comm_decrypt_sizes": [
        1578936
      ],
      "runs": [
        {
          "run_id": 0,
          "query_time": 0.09314080001786351,
          "decrypt_time": 0.006376200006343424,
          "success": true,
          "num_results": 45
        }
      ]
    },
    "decision_tree": {
      "encrypt_times": [
        0.35721170000033453
      ],
      "query_times": [
        0.0960103000397794
      ],
      "decrypt_times": [
        0.012423399952240288
      ],
      "communication_sizes": [
        47194112,
        204308,
        3055974
      ],
      "comm_upload_sizes": [
        47194112
      ],
      "comm_query_sizes": [
        204308
      ],
      "comm_decrypt_sizes": [
        3055974
      ],
      "runs": [
        {
          "run_id": 0,
          "query_time": 0.0960103000397794,
          "decrypt_time": 0.012423399952240288,
          "success": true,
          "num_results": 45
        }
      ]
    },
    "neural_network": {
      "encrypt_times": [
        0.3568587999907322
      ],
      "query_times": [
        0.1437094999710098
      ],
      "decrypt_times": [
        0.011592799972277135
      ],
      "communication_sizes": [
        47194112,
        22409163,
        3056349
      ],
      "comm_upload_sizes": [
        47194112
      ],
      "comm_query_sizes": [
        22409163
      ],
      "comm_decrypt_sizes": [
        3056349
      ],
      "runs": [
        {
          "run_id": 0,
          "query_time": 0.1437094999710098,
          "decrypt_time": 0.011592799972277135,
          "success": true,
          "num_results": 45
        }
      ]
    }
  },
  "summary": {
    "dot": {
      "avg_encrypt_time": 0.4500186999794096,
      "std_encrypt_time": 0.0,
      "min_encrypt_time": 0.4500186999794096,
      "max_encrypt_time": 0.4500186999794096,
      "avg_query_time": 0.09314080001786351,
      "std_query_time": 0.0,
      "min_query_time": 0.09314080001786351,
      "max_query_time": 0.09314080001786351,
      "avg_decrypt_time": 0.006376200006343424,
      "std_decrypt_time": 0.0,
      "min_decrypt_time": 0.006376200006343424,
      "max_decrypt_time": 0.006376200006343424,
      "avg_communication_size": 15898.7939453125,
      "std_communication_size": 21355.48922644722,
      "total_communication": 47696.3818359375
    },
    "decision_tree": {
      "avg_encrypt_time": 0.35721170000033453,
      "std_encrypt_time": 0.0,
      "min_encrypt_time": 0.35721170000033453,
      "max_encrypt_time": 0.35721170000033453,
      "avg_query_time": 0.0960103000397794,
      "std_query_time": 0.0,
      "min_query_time": 0.0960103000397794,
      "max_query_time": 0.0960103000397794,
      "avg_decrypt_time": 0.012423399952240288,
      "std_decrypt_time": 0.0,
      "min_decrypt_time": 0.012423399952240288,
      "max_decrypt_time": 0.012423399952240288,
      "avg_communication_size": 16423.956380208332,
      "std_communication_size": 21006.43445151484,
      "total_communication": 49271.869140625
    },
    "neural_network": {
      "avg_encrypt_time": 0.3568587999907322,
      "std_encrypt_time": 0.0,
      "min_encrypt_time": 0.3568587999907322,
      "max_encrypt_time": 0.3568587999907322,
      "avg_query_time": 0.1437094999710098,
      "std_query_time": 0.0,
      "min_query_time": 0.1437094999710098,
      "max_query_time": 0.1437094999710098,
      "avg_decrypt_time": 0.011592799972277135,
      "std_decrypt_time": 0.0,
      "min_decrypt_time": 0.011592799972277135,
      "max_decrypt_time": 0.011592799972277135,
      "avg_communication_size": 23652.221354166668,
      "std_communication_size": 17641.2087476574,
      "total_communication": 70956.6640625
    }
  }
}