{
  "config": {
    "N": 64,
    "n": 16,
    "num_records": 170,
    "record_dim": 32,
    "model_types": [
      "dot",
      "decision_tree",
      "neural_network"
    ],
    "policy_size": 8,
    "num_runs": 1,
    "save_results": true,
    "results_dir": "experiments/results/our_decart"
  },
  "models": {
    "dot": {
      "encrypt_times": [
        0.4805888999835588
      ],
      "query_times": [
        0.3037391999969259
      ],
      "decrypt_times": [
        0.016649600001983345
      ],
      "communication_sizes": [
        178266112,
        68040,
        5963217
      ],
      "comm_upload_sizes": [
        178266112
      ],
      "comm_query_sizes": [
        68040
      ],
      "comm_decrypt_sizes": [
        5963217
      ],
      "runs": [
        {
          "run_id": 0,
          "query_time": 0.3037391999969259,
          "decrypt_time": 0.016649600001983345,
          "success": true,
          "num_results": 170
        }
      ]
    },
    "decision_tree": {
      "encrypt_times": [
        0.48574099998222664
      ],
      "query_times": [
        0.31159739999566227
      ],
      "decrypt_times": [
        0.04279740003403276
      ],
      "communication_sizes": [
        178266112,
        204365,
        11543887
      ],
      "comm_upload_sizes": [
        178266112
      ],
      "comm_query_sizes": [
        204365
      ],
      "comm_decrypt_sizes": [
        11543887
      ],
      "runs": [
        {
          "run_id": 0,
          "query_time": 0.31159739999566227,
          "decrypt_time": 0.04279740003403276,
          "success": true,
          "num_results": 170
        }
      ]
    },
    "neural_network": {
      "encrypt_times": [
        0.47592419997090474
      ],
      "query_times": [
        0.32581970002502203
      ],
      "decrypt_times": [
        0.04333000001497567
      ],
      "communication_sizes": [
        178266112,
        22408785,
        11544270
      ],
      "comm_upload_sizes": [
        178266112
      ],
      "comm_query_sizes": [
        22408785
      ],
      "comm_decrypt_sizes": [
        11544270
      ],
      "runs": [
        {
          "run_id": 0,
          "query_time": 0.32581970002502203,
          "decrypt_time": 0.04333000001497567,
          "success": true,
          "num_results": 170
        }
      ]
    }
  },
  "summary": {
    "dot": {
      "avg_encrypt_time": 0.4805888999835588,
      "std_encrypt_time": 0.0,
      "min_encrypt_time": 0.4805888999835588,
      "max_encrypt_time": 0.4805888999835588,
      "avg_query_time": 0.3037391999969259,
      "std_query_time": 0.0,
      "min_query_time": 0.3037391999969259,
      "max_query_time": 0.3037391999969259,
      "avg_decrypt_time": 0.016649600001983345,
      "std_decrypt_time": 0.0,
      "min_decrypt_time": 0.016649600001983345,
      "max_decrypt_time": 0.016649600001983345,
      "avg_communication_size": 59992.633138020836,
      "std_communication_size": 80711.83449811452,
      "total_communication": 179977.8994140625
    },
    "decision_tree": {
      "avg_encrypt_time": 0.48574099998222664,
      "std_encrypt_time": 0.0,
      "min_encrypt_time": 0.48574099998222664,
      "max_encrypt_time": 0.48574099998222664,
      "avg_query_time": 0.31159739999566227,
      "std_query_time": 0.0,
      "min_query_time": 0.31159739999566227,
      "max_query_time": 0.31159739999566227,
      "avg_decrypt_time": 0.04279740003403276,
      "std_decrypt_time": 0.0,
      "min_decrypt_time": 0.04279740003403276,
      "max_decrypt_time": 0.04279740003403276,
      "avg_communication_size": 61853.634114583336,
      "std_communication_size": 79490.34180266186,
      "total_communication": 185560.90234375
    },
    "neural_network": {
      "avg_encrypt_time": 0.47592419997090474,
      "std_encrypt_time": 0.0,
      "min_encrypt_time": 0.47592419997090474,
      "max_encrypt_time": 0.47592419997090474,
      "avg_query_time": 0.32581970002502203,
      "std_query_time": 0.0,
      "min_query_time": 0.32581970002502203,
      "max_query_time": 0.32581970002502203,
      "avg_decrypt_time": 0.04333000001497567,
      "std_decrypt_time": 0.0,
      "min_decrypt_time": 0.04333000001497567,
      "max_decrypt_time": 0.04333000001497567,
      "avg_communication_size": 69081.76009114583,
      "std_communication_size": 74376.85658082804,
      "total_communication": 207245.2802734375
    }
  }
}