{
  "config": {
    "N": 64,
    "n": 16,
    "num_records": 128,
    "record_dim": 128,
    "model_types": [
      "dot",
      "decision_tree",
      "neural_network"
    ],
    "policy_size": 8,
    "num_runs": 2,
    "save_results": true,
    "results_dir": "experiments/results/scheme1_ccs23"
  },
  "models": {
    "dot": {
      "encrypt_times": [
        0.0,
        0.0
      ],
      "query_times": [
        0.0005627000355161726,
        0.0005479000392369926
      ],
      "decrypt_times": [
        0,
        0
      ],
      "communication_sizes": [
        148035,
        1279,
        1168,
        148035,
        1279,
        1168
      ],
      "comm_upload_sizes": [
        148035,
        148035
      ],
      "comm_query_sizes": [
        1279,
        1279
      ],
      "comm_decrypt_sizes": [
        1168,
        1168
      ],
      "runs": [
        {
          "run_id": 0,
          "query_time": 0.0005627000355161726,
          "decrypt_time": 0,
          "success": true,
          "num_results": 128
        },
        {
          "run_id": 1,
          "query_time": 0.0005479000392369926,
          "decrypt_time": 0,
          "success": true,
          "num_results": 128
        }
      ]
    },
    "decision_tree": {
      "encrypt_times": [
        0.0,
        0.0
      ],
      "query_times": [
        0.00010120001388713717,
        4.2899977415800095e-05
      ],
      "decrypt_times": [
        0,
        0
      ],
      "communication_sizes": [
        148035,
        266,
        1168,
        148035,
        266,
        1168
      ],
      "comm_upload_sizes": [
        148035,
        148035
      ],
      "comm_query_sizes": [
        266,
        266
      ],
      "comm_decrypt_sizes": [
        1168,
        1168
      ],
      "runs": [
        {
          "run_id": 0,
          "query_time": 0.00010120001388713717,
          "decrypt_time": 0,
          "success": true,
          "num_results": 128
        },
        {
          "run_id": 1,
          "query_time": 4.2899977415800095e-05,
          "decrypt_time": 0,
          "success": true,
          "num_results": 128
        }
      ]
    },
    "neural_network": {
      "encrypt_times": [
        0.0,
        0.0
      ],
      "query_times": [
        0.0029873999883420765,
        0.0029421999934129417
      ],
      "decrypt_times": [
        0,
        0
      ],
      "communication_sizes": [
        148035,
        4783,
        1168,
        148035,
        4783,
        1168
      ],
      "comm_upload_sizes": [
        148035,
        148035
      ],
      "comm_query_sizes": [
        4783,
        4783
      ],
      "comm_decrypt_sizes": [
        1168,
        1168
      ],
      "runs": [
        {
          "run_id": 0,
          "query_time": 0.0029873999883420765,
          "decrypt_time": 0,
          "success": true,
          "num_results": 128
        },
        {
          "run_id": 1,
          "query_time": 0.0029421999934129417,
          "decrypt_time": 0,
          "success": true,
          "num_results": 128
        }
      ]
    }
  },
  "summary": {
    "dot": {
      "avg_encrypt_time": 0.0,
      "std_encrypt_time": 0.0,
      "min_encrypt_time": 0.0,
      "max_encrypt_time": 0.0,
      "avg_query_time": 0.0005553000373765826,
      "std_query_time": 7.399998139590025e-06,
      "min_query_time": 0.0005479000392369926,
      "max_query_time": 0.0005627000355161726,
      "avg_decrypt_time": 0.0,
      "std_decrypt_time": 0.0,
      "min_decrypt_time": 0.0,
      "max_decrypt_time": 0.0,
      "avg_communication_size": 48.985026041666664,
      "std_communication_size": 67.58556605459796,
      "total_communication": 293.91015625
    },
    "decision_tree": {
      "avg_encrypt_time": 0.0,
      "std_encrypt_time": 0.0,
      "min_encrypt_time": 0.0,
      "max_encrypt_time": 0.0,
      "avg_query_time": 7.204999565146863e-05,
      "std_query_time": 2.915001823566854e-05,
      "min_query_time": 4.2899977415800095e-05,
      "max_query_time": 0.00010120001388713717,
      "avg_decrypt_time": 0.0,
      "std_decrypt_time": 0.0,
      "min_decrypt_time": 0.0,
      "max_decrypt_time": 0.0,
      "avg_communication_size": 48.6552734375,
      "std_communication_size": 67.81967527806952,
      "total_communication": 291.931640625
    },
    "neural_network": {
      "avg_encrypt_time": 0.0,
      "std_encrypt_time": 0.0,
      "min_encrypt_time": 0.0,
      "max_encrypt_time": 0.0,
      "avg_query_time": 0.002964799990877509,
      "std_query_time": 2.2599997464567423e-05,
      "min_query_time": 0.0029421999934129417,
      "max_query_time": 0.0029873999883420765,
      "avg_decrypt_time": 0.0,
      "std_decrypt_time": 0.0,
      "min_decrypt_time": 0.0,
      "max_decrypt_time": 0.0,
      "avg_communication_size": 50.125651041666664,
      "std_communication_size": 66.79455841429689,
      "total_communication": 300.75390625
    }
  }
}