{
  "config": {
    "N": 64,
    "n": 16,
    "num_records": 32,
    "record_dim": 32,
    "model_types": [
      "dot",
      "decision_tree",
      "neural_network"
    ],
    "policy_size": 10,
    "num_runs": 3,
    "save_results": true,
    "results_dir": "experiments/results/scheme1_ccs23"
  },
  "models": {
    "dot": {
      "encrypt_times": [
        0.001,
        0.001,
        0.001
      ],
      "query_times": [
        5.6500022765249014e-05,
        4.900002386420965e-05,
        4.96999709866941e-05
      ],
      "decrypt_times": [
        0,
        0,
        0
      ],
      "communication_sizes": [
        9393,
        304,
        304,
        9393,
        304,
        304,
        9393,
        304,
        304
      ],
      "comm_upload_sizes": [
        9393,
        9393,
        9393
      ],
      "comm_query_sizes": [
        304,
        304,
        304
      ],
      "comm_decrypt_sizes": [
        304,
        304,
        304
      ],
      "runs": [
        {
          "run_id": 0,
          "query_time": 5.6500022765249014e-05,
          "decrypt_time": 0,
          "success": true,
          "num_results": 32
        },
        {
          "run_id": 1,
          "query_time": 4.900002386420965e-05,
          "decrypt_time": 0,
          "success": true,
          "num_results": 32
        },
        {
          "run_id": 2,
          "query_time": 4.96999709866941e-05,
          "decrypt_time": 0,
          "success": true,
          "num_results": 32
        }
      ]
    },
    "decision_tree": {
      "encrypt_times": [
        0.001,
        0.001,
        0.001
      ],
      "query_times": [
        1.780001912266016e-05,
        1.7900019884109497e-05,
        1.5600002370774746e-05
      ],
      "decrypt_times": [
        0,
        0,
        0
      ],
      "communication_sizes": [
        9393,
        167,
        304,
        9393,
        167,
        304,
        9393,
        167,
        304
      ],
      "comm_upload_sizes": [
        9393,
        9393,
        9393
      ],
      "comm_query_sizes": [
        167,
        167,
        167
      ],
      "comm_decrypt_sizes": [
        304,
        304,
        304
      ],
      "runs": [
        {
          "run_id": 0,
          "query_time": 1.780001912266016e-05,
          "decrypt_time": 0,
          "success": true,
          "num_results": 32
        },
        {
          "run_id": 1,
          "query_time": 1.7900019884109497e-05,
          "decrypt_time": 0,
          "success": true,
          "num_results": 32
        },
        {
          "run_id": 2,
          "query_time": 1.5600002370774746e-05,
          "decrypt_time": 0,
          "success": true,
          "num_results": 32
        }
      ]
    },
    "neural_network": {
      "encrypt_times": [
        0.001,
        0.001,
        0.001
      ],
      "query_times": [
        0.000575800018850714,
        0.0005515999509952962,
        0.0006763999699614942
      ],
      "decrypt_times": [
        0,
        0,
        0
      ],
      "communication_sizes": [
        9393,
        3064,
        304,
        9393,
        3064,
        304,
        9393,
        3064,
        304
      ],
      "comm_upload_sizes": [
        9393,
        9393,
        9393
      ],
      "comm_query_sizes": [
        3064,
        3064,
        3064
      ],
      "comm_decrypt_sizes": [
        304,
        304,
        304
      ],
      "runs": [
        {
          "run_id": 0,
          "query_time": 0.000575800018850714,
          "decrypt_time": 0,
          "success": true,
          "num_results": 32
        },
        {
          "run_id": 1,
          "query_time": 0.0005515999509952962,
          "decrypt_time": 0,
          "success": true,
          "num_results": 32
        },
        {
          "run_id": 2,
          "query_time": 0.0006763999699614942,
          "decrypt_time": 0,
          "success": true,
          "num_results": 32
        }
      ]
    }
  },
  "summary": {
    "dot": {
      "avg_encrypt_time": 0.001,
      "std_encrypt_time": 0.0,
      "min_encrypt_time": 0.001,
      "max_encrypt_time": 0.001,
      "avg_query_time": 5.1733339205384254e-05,
      "std_query_time": 3.382645474918735e-06,
      "min_query_time": 4.900002386420965e-05,
      "max_query_time": 5.6500022765249014e-05,
      "avg_decrypt_time": 0.0,
      "std_decrypt_time": 0.0,
      "min_decrypt_time": 0.0,
      "max_decrypt_time": 0.0,
      "avg_communication_size": 3.2555338541666665,
      "std_communication_size": 4.184175477997742,
      "total_communication": 29.2998046875
    },
    "decision_tree": {
      "avg_encrypt_time": 0.001,
      "std_encrypt_time": 0.0,
      "min_encrypt_time": 0.001,
      "max_encrypt_time": 0.001,
      "avg_query_time": 1.71000137925148e-05,
      "std_query_time": 1.0614536375761867e-06,
      "min_query_time": 1.5600002370774746e-05,
      "max_query_time": 1.7900019884109497e-05,
      "avg_decrypt_time": 0.0,
      "std_decrypt_time": 0.0,
      "min_decrypt_time": 0.0,
      "max_decrypt_time": 0.0,
      "avg_communication_size": 3.2109375,
      "std_communication_size": 4.216063673205738,
      "total_communication": 28.8984375
    },
    "neural_network": {
      "avg_encrypt_time": 0.001,
      "std_encrypt_time": 0.0,
      "min_encrypt_time": 0.001,
      "max_encrypt_time": 0.001,
      "avg_query_time": 0.0006012666466025015,
      "std_query_time": 5.403809169019528e-05,
      "min_query_time": 0.0005515999509952962,
      "max_query_time": 0.0006763999699614942,
      "avg_decrypt_time": 0.0,
      "std_decrypt_time": 0.0,
      "min_decrypt_time": 0.0,
      "max_decrypt_time": 0.0,
      "avg_communication_size": 4.153971354166667,
      "std_communication_size": 3.7155570490721033,
      "total_communication": 37.3857421875
    }
  }
}