{
  "config": {
    "N": 64,
    "n": 16,
    "num_records": 256,
    "record_dim": 64,
    "model_types": [
      "dot",
      "decision_tree",
      "neural_network"
    ],
    "policy_size": 8,
    "num_runs": 2,
    "save_results": true,
    "results_dir": "experiments/results/scheme1_ccs23"
  },
  "models": {
    "dot": {
      "encrypt_times": [
        0.0,
        0.0
      ],
      "query_times": [
        0.0006749999593012035,
        0.0006234000320546329
      ],
      "decrypt_times": [
        0,
        0
      ],
      "communication_sizes": [
        148547,
        703,
        2320,
        148547,
        703,
        2320
      ],
      "comm_upload_sizes": [
        148547,
        148547
      ],
      "comm_query_sizes": [
        703,
        703
      ],
      "comm_decrypt_sizes": [
        2320,
        2320
      ],
      "runs": [
        {
          "run_id": 0,
          "query_time": 0.0006749999593012035,
          "decrypt_time": 0,
          "success": true,
          "num_results": 256
        },
        {
          "run_id": 1,
          "query_time": 0.0006234000320546329,
          "decrypt_time": 0,
          "success": true,
          "num_results": 256
        }
      ]
    },
    "decision_tree": {
      "encrypt_times": [
        0.0,
        0.0
      ],
      "query_times": [
        8.149998029693961e-05,
        0.00011909997556358576
      ],
      "decrypt_times": [
        0,
        0
      ],
      "communication_sizes": [
        148547,
        266,
        2320,
        148547,
        266,
        2320
      ],
      "comm_upload_sizes": [
        148547,
        148547
      ],
      "comm_query_sizes": [
        266,
        266
      ],
      "comm_decrypt_sizes": [
        2320,
        2320
      ],
      "runs": [
        {
          "run_id": 0,
          "query_time": 8.149998029693961e-05,
          "decrypt_time": 0,
          "success": true,
          "num_results": 256
        },
        {
          "run_id": 1,
          "query_time": 0.00011909997556358576,
          "decrypt_time": 0,
          "success": true,
          "num_results": 256
        }
      ]
    },
    "neural_network": {
      "encrypt_times": [
        0.0,
        0.0
      ],
      "query_times": [
        0.006816699984483421,
        0.006961599981877953
      ],
      "decrypt_times": [
        0,
        0
      ],
      "communication_sizes": [
        148547,
        4783,
        2320,
        148547,
        4783,
        2320
      ],
      "comm_upload_sizes": [
        148547,
        148547
      ],
      "comm_query_sizes": [
        4783,
        4783
      ],
      "comm_decrypt_sizes": [
        2320,
        2320
      ],
      "runs": [
        {
          "run_id": 0,
          "query_time": 0.006816699984483421,
          "decrypt_time": 0,
          "success": true,
          "num_results": 256
        },
        {
          "run_id": 1,
          "query_time": 0.006961599981877953,
          "decrypt_time": 0,
          "success": true,
          "num_results": 256
        }
      ]
    }
  },
  "summary": {
    "dot": {
      "avg_encrypt_time": 0.0,
      "std_encrypt_time": 0.0,
      "min_encrypt_time": 0.0,
      "max_encrypt_time": 0.0,
      "avg_query_time": 0.0006491999956779182,
      "std_query_time": 2.5799963623285294e-05,
      "min_query_time": 0.0006234000320546329,
      "max_query_time": 0.0006749999593012035,
      "avg_decrypt_time": 0.0,
      "std_decrypt_time": 0.0,
      "min_decrypt_time": 0.0,
      "max_decrypt_time": 0.0,
      "avg_communication_size": 49.339192708333336,
      "std_communication_size": 67.69174112637303,
      "total_communication": 296.03515625
    },
    "decision_tree": {
      "avg_encrypt_time": 0.0,
      "std_encrypt_time": 0.0,
      "min_encrypt_time": 0.0,
      "max_encrypt_time": 0.0,
      "avg_query_time": 0.00010029997793026268,
      "std_query_time": 1.8799997633323073e-05,
      "min_query_time": 8.149998029693961e-05,
      "max_query_time": 0.00011909997556358576,
      "avg_decrypt_time": 0.0,
      "std_decrypt_time": 0.0,
      "min_decrypt_time": 0.0,
      "max_decrypt_time": 0.0,
      "avg_communication_size": 49.196940104166664,
      "std_communication_size": 67.79420495981613,
      "total_communication": 295.181640625
    },
    "neural_network": {
      "avg_encrypt_time": 0.0,
      "std_encrypt_time": 0.0,
      "min_encrypt_time": 0.0,
      "max_encrypt_time": 0.0,
      "avg_query_time": 0.006889149983180687,
      "std_query_time": 7.244999869726598e-05,
      "min_query_time": 0.006816699984483421,
      "max_query_time": 0.006961599981877953,
      "avg_decrypt_time": 0.0,
      "std_decrypt_time": 0.0,
      "min_decrypt_time": 0.0,
      "max_decrypt_time": 0.0,
      "avg_communication_size": 50.667317708333336,
      "std_communication_size": 66.75676741724767,
      "total_communication": 304.00390625
    }
  }
}