{
  "config": {
    "N": 64,
    "n": 16,
    "num_records": 128,
    "record_dim": 128,
    "model_types": [
      "dot",
      "decision_tree",
      "neural_network"
    ],
    "policy_size": 10,
    "num_runs": 3,
    "save_results": true,
    "results_dir": "experiments/results/scheme1_ccs23"
  },
  "models": {
    "dot": {
      "encrypt_times": [
        0.001,
        0.001,
        0.001
      ],
      "query_times": [
        0.0005590999498963356,
        0.0005579999997280538,
        0.0005301000201143324
      ],
      "decrypt_times": [
        0,
        0,
        0
      ],
      "communication_sizes": [
        148035,
        1168,
        1168,
        148035,
        1168,
        1168,
        148035,
        1168,
        1168
      ],
      "comm_upload_sizes": [
        148035,
        148035,
        148035
      ],
      "comm_query_sizes": [
        1168,
        1168,
        1168
      ],
      "comm_decrypt_sizes": [
        1168,
        1168,
        1168
      ],
      "runs": [
        {
          "run_id": 0,
          "query_time": 0.0005590999498963356,
          "decrypt_time": 0,
          "success": true,
          "num_results": 128
        },
        {
          "run_id": 1,
          "query_time": 0.0005579999997280538,
          "decrypt_time": 0,
          "success": true,
          "num_results": 128
        },
        {
          "run_id": 2,
          "query_time": 0.0005301000201143324,
          "decrypt_time": 0,
          "success": true,
          "num_results": 128
        }
      ]
    },
    "decision_tree": {
      "encrypt_times": [
        0.001,
        0.001,
        0.001
      ],
      "query_times": [
        4.7600013203918934e-05,
        4.0000013541430235e-05,
        4.880002234131098e-05
      ],
      "decrypt_times": [
        0,
        0,
        0
      ],
      "communication_sizes": [
        148035,
        167,
        1168,
        148035,
        167,
        1168,
        148035,
        167,
        1168
      ],
      "comm_upload_sizes": [
        148035,
        148035,
        148035
      ],
      "comm_query_sizes": [
        167,
        167,
        167
      ],
      "comm_decrypt_sizes": [
        1168,
        1168,
        1168
      ],
      "runs": [
        {
          "run_id": 0,
          "query_time": 4.7600013203918934e-05,
          "decrypt_time": 0,
          "success": true,
          "num_results": 128
        },
        {
          "run_id": 1,
          "query_time": 4.0000013541430235e-05,
          "decrypt_time": 0,
          "success": true,
          "num_results": 128
        },
        {
          "run_id": 2,
          "query_time": 4.880002234131098e-05,
          "decrypt_time": 0,
          "success": true,
          "num_results": 128
        }
      ]
    },
    "neural_network": {
      "encrypt_times": [
        0.001,
        0.001,
        0.001
      ],
      "query_times": [
        0.0035719999577850103,
        0.003159100015182048,
        0.0038799000321887434
      ],
      "decrypt_times": [
        0,
        0,
        0
      ],
      "communication_sizes": [
        148035,
        4684,
        1168,
        148035,
        4684,
        1168,
        148035,
        4684,
        1168
      ],
      "comm_upload_sizes": [
        148035,
        148035,
        148035
      ],
      "comm_query_sizes": [
        4684,
        4684,
        4684
      ],
      "comm_decrypt_sizes": [
        1168,
        1168,
        1168
      ],
      "runs": [
        {
          "run_id": 0,
          "query_time": 0.0035719999577850103,
          "decrypt_time": 0,
          "success": true,
          "num_results": 128
        },
        {
          "run_id": 1,
          "query_time": 0.003159100015182048,
          "decrypt_time": 0,
          "success": true,
          "num_results": 128
        },
        {
          "run_id": 2,
          "query_time": 0.0038799000321887434,
          "decrypt_time": 0,
          "success": true,
          "num_results": 128
        }
      ]
    }
  },
  "summary": {
    "dot": {
      "avg_encrypt_time": 0.001,
      "std_encrypt_time": 0.0,
      "min_encrypt_time": 0.001,
      "max_encrypt_time": 0.001,
      "avg_query_time": 0.000549066656579574,
      "std_query_time": 1.3418952932243449e-05,
      "min_query_time": 0.0005301000201143324,
      "max_query_time": 0.0005590999498963356,
      "avg_decrypt_time": 0.0,
      "std_decrypt_time": 0.0,
      "min_decrypt_time": 0.0,
      "max_decrypt_time": 0.0,
      "avg_communication_size": 48.948893229166664,
      "std_communication_size": 67.61110132325825,
      "total_communication": 440.5400390625
    },
    "decision_tree": {
      "avg_encrypt_time": 0.001,
      "std_encrypt_time": 0.0,
      "min_encrypt_time": 0.001,
      "max_encrypt_time": 0.001,
      "avg_query_time": 4.546668302888671e-05,
      "std_query_time": 3.896439566773053e-06,
      "min_query_time": 4.0000013541430235e-05,
      "max_query_time": 4.880002234131098e-05,
      "avg_decrypt_time": 0.0,
      "std_decrypt_time": 0.0,
      "min_decrypt_time": 0.0,
      "max_decrypt_time": 0.0,
      "avg_communication_size": 48.623046875,
      "std_communication_size": 67.84268327270033,
      "total_communication": 437.607421875
    },
    "neural_network": {
      "avg_encrypt_time": 0.001,
      "std_encrypt_time": 0.0,
      "min_encrypt_time": 0.001,
      "max_encrypt_time": 0.001,
      "avg_query_time": 0.0035370000017186007,
      "std_query_time": 0.0002953042654875374,
      "min_query_time": 0.003159100015182048,
      "max_query_time": 0.0038799000321887434,
      "avg_decrypt_time": 0.0,
      "std_decrypt_time": 0.0,
      "min_decrypt_time": 0.0,
      "max_decrypt_time": 0.0,
      "avg_communication_size": 50.093424479166664,
      "std_communication_size": 66.81650104364206,
      "total_communication": 450.8408203125
    }
  }
}