{
  "config": {
    "N": 64,
    "n": 16,
    "num_records": 16,
    "record_dim": 32,
    "model_types": [
      "dot",
      "decision_tree",
      "neural_network"
    ],
    "policy_size": 8,
    "num_runs": 2,
    "save_results": true,
    "results_dir": "experiments/results/scheme1_ccs23"
  },
  "models": {
    "dot": {
      "encrypt_times": [
        0.0,
        0.0
      ],
      "query_times": [
        3.319996176287532e-05,
        2.570002106949687e-05
      ],
      "decrypt_times": [
        0,
        0
      ],
      "communication_sizes": [
        4721,
        415,
        160,
        4721,
        415,
        160
      ],
      "comm_upload_sizes": [
        4721,
        4721
      ],
      "comm_query_sizes": [
        415,
        415
      ],
      "comm_decrypt_sizes": [
        160,
        160
      ],
      "runs": [
        {
          "run_id": 0,
          "query_time": 3.319996176287532e-05,
          "decrypt_time": 0,
          "success": true,
          "num_results": 16
        },
        {
          "run_id": 1,
          "query_time": 2.570002106949687e-05,
          "decrypt_time": 0,
          "success": true,
          "num_results": 16
        }
      ]
    },
    "decision_tree": {
      "encrypt_times": [
        0.0,
        0.0
      ],
      "query_times": [
        2.7900037821382284e-05,
        1.1599971912801266e-05
      ],
      "decrypt_times": [
        0,
        0
      ],
      "communication_sizes": [
        4721,
        266,
        160,
        4721,
        266,
        160
      ],
      "comm_upload_sizes": [
        4721,
        4721
      ],
      "comm_query_sizes": [
        266,
        266
      ],
      "comm_decrypt_sizes": [
        160,
        160
      ],
      "runs": [
        {
          "run_id": 0,
          "query_time": 2.7900037821382284e-05,
          "decrypt_time": 0,
          "success": true,
          "num_results": 16
        },
        {
          "run_id": 1,
          "query_time": 1.1599971912801266e-05,
          "decrypt_time": 0,
          "success": true,
          "num_results": 16
        }
      ]
    },
    "neural_network": {
      "encrypt_times": [
        0.0,
        0.0
      ],
      "query_times": [
        0.0002712999703362584,
        0.0002995000104419887
      ],
      "decrypt_times": [
        0,
        0
      ],
      "communication_sizes": [
        4721,
        3163,
        160,
        4721,
        3163,
        160
      ],
      "comm_upload_sizes": [
        4721,
        4721
      ],
      "comm_query_sizes": [
        3163,
        3163
      ],
      "comm_decrypt_sizes": [
        160,
        160
      ],
      "runs": [
        {
          "run_id": 0,
          "query_time": 0.0002712999703362584,
          "decrypt_time": 0,
          "success": true,
          "num_results": 16
        },
        {
          "run_id": 1,
          "query_time": 0.0002995000104419887,
          "decrypt_time": 0,
          "success": true,
          "num_results": 16
        }
      ]
    }
  },
  "summary": {
    "dot": {
      "avg_encrypt_time": 0.0,
      "std_encrypt_time": 0.0,
      "min_encrypt_time": 0.0,
      "max_encrypt_time": 0.0,
      "avg_query_time": 2.9449991416186094e-05,
      "std_query_time": 3.7499703466892242e-06,
      "min_query_time": 2.570002106949687e-05,
      "max_query_time": 3.319996176287532e-05,
      "avg_decrypt_time": 0.0,
      "std_decrypt_time": 0.0,
      "min_decrypt_time": 0.0,
      "max_decrypt_time": 0.0,
      "avg_communication_size": 1.7239583333333333,
      "std_communication_size": 2.0435186277823947,
      "total_communication": 10.34375
    },
    "decision_tree": {
      "avg_encrypt_time": 0.0,
      "std_encrypt_time": 0.0,
      "min_encrypt_time": 0.0,
      "max_encrypt_time": 0.0,
      "avg_query_time": 1.9750004867091775e-05,
      "std_query_time": 8.15003295429051e-06,
      "min_query_time": 1.1599971912801266e-05,
      "max_query_time": 2.7900037821382284e-05,
      "avg_decrypt_time": 0.0,
      "std_decrypt_time": 0.0,
      "min_decrypt_time": 0.0,
      "max_decrypt_time": 0.0,
      "avg_communication_size": 1.6754557291666667,
      "std_communication_size": 2.0757149829304287,
      "total_communication": 10.052734375
    },
    "neural_network": {
      "avg_encrypt_time": 0.0,
      "std_encrypt_time": 0.0,
      "min_encrypt_time": 0.0,
      "max_encrypt_time": 0.0,
      "avg_query_time": 0.00028539999038912356,
      "std_query_time": 1.4100020052865148e-05,
      "min_query_time": 0.0002712999703362584,
      "max_query_time": 0.0002995000104419887,
      "avg_decrypt_time": 0.0,
      "std_decrypt_time": 0.0,
      "min_decrypt_time": 0.0,
      "max_decrypt_time": 0.0,
      "avg_communication_size": 2.6184895833333335,
      "std_communication_size": 1.8485483494068917,
      "total_communication": 15.7109375
    }
  }
}