{
  "config": {
    "N": 64,
    "n": 16,
    "num_records": 64,
    "record_dim": 64,
    "model_types": [
      "dot",
      "decision_tree",
      "neural_network"
    ],
    "policy_size": 10,
    "num_runs": 3,
    "save_results": true,
    "results_dir": "experiments/results/scheme1_ccs23"
  },
  "models": {
    "dot": {
      "encrypt_times": [
        0.001,
        0.001,
        0.001
      ],
      "query_times": [
        0.0001477000187151134,
        0.00015129998791962862,
        0.00019760004943236709
      ],
      "decrypt_times": [
        0,
        0,
        0
      ],
      "communication_sizes": [
        37169,
        592,
        592,
        37169,
        592,
        592,
        37169,
        592,
        592
      ],
      "comm_upload_sizes": [
        37169,
        37169,
        37169
      ],
      "comm_query_sizes": [
        592,
        592,
        592
      ],
      "comm_decrypt_sizes": [
        592,
        592,
        592
      ],
      "runs": [
        {
          "run_id": 0,
          "query_time": 0.0001477000187151134,
          "decrypt_time": 0,
          "success": true,
          "num_results": 64
        },
        {
          "run_id": 1,
          "query_time": 0.00015129998791962862,
          "decrypt_time": 0,
          "success": true,
          "num_results": 64
        },
        {
          "run_id": 2,
          "query_time": 0.00019760004943236709,
          "decrypt_time": 0,
          "success": true,
          "num_results": 64
        }
      ]
    },
    "decision_tree": {
      "encrypt_times": [
        0.001,
        0.001,
        0.001
      ],
      "query_times": [
        2.7799978852272034e-05,
        2.5800021830946207e-05,
        2.0700041204690933e-05
      ],
      "decrypt_times": [
        0,
        0,
        0
      ],
      "communication_sizes": [
        37169,
        167,
        592,
        37169,
        167,
        592,
        37169,
        167,
        592
      ],
      "comm_upload_sizes": [
        37169,
        37169,
        37169
      ],
      "comm_query_sizes": [
        167,
        167,
        167
      ],
      "comm_decrypt_sizes": [
        592,
        592,
        592
      ],
      "runs": [
        {
          "run_id": 0,
          "query_time": 2.7799978852272034e-05,
          "decrypt_time": 0,
          "success": true,
          "num_results": 64
        },
        {
          "run_id": 1,
          "query_time": 2.5800021830946207e-05,
          "decrypt_time": 0,
          "success": true,
          "num_results": 64
        },
        {
          "run_id": 2,
          "query_time": 2.0700041204690933e-05,
          "decrypt_time": 0,
          "success": true,
          "num_results": 64
        }
      ]
    },
    "neural_network": {
      "encrypt_times": [
        0.001,
        0.001,
        0.001
      ],
      "query_times": [
        0.0016936000320129097,
        0.0017646999913267791,
        0.001879999996162951
      ],
      "decrypt_times": [
        0,
        0,
        0
      ],
      "communication_sizes": [
        37169,
        4684,
        592,
        37169,
        4684,
        592,
        37169,
        4684,
        592
      ],
      "comm_upload_sizes": [
        37169,
        37169,
        37169
      ],
      "comm_query_sizes": [
        4684,
        4684,
        4684
      ],
      "comm_decrypt_sizes": [
        592,
        592,
        592
      ],
      "runs": [
        {
          "run_id": 0,
          "query_time": 0.0016936000320129097,
          "decrypt_time": 0,
          "success": true,
          "num_results": 64
        },
        {
          "run_id": 1,
          "query_time": 0.0017646999913267791,
          "decrypt_time": 0,
          "success": true,
          "num_results": 64
        },
        {
          "run_id": 2,
          "query_time": 0.001879999996162951,
          "decrypt_time": 0,
          "success": true,
          "num_results": 64
        }
      ]
    }
  },
  "summary": {
    "dot": {
      "avg_encrypt_time": 0.001,
      "std_encrypt_time": 0.0,
      "min_encrypt_time": 0.001,
      "max_encrypt_time": 0.001,
      "avg_query_time": 0.0001655333520223697,
      "std_query_time": 2.2722158885936495e-05,
      "min_query_time": 0.0001477000187151134,
      "max_query_time": 0.00019760004943236709,
      "avg_decrypt_time": 0.0,
      "std_decrypt_time": 0.0,
      "min_decrypt_time": 0.0,
      "max_decrypt_time": 0.0,
      "avg_communication_size": 12.484700520833334,
      "std_communication_size": 16.838440582981995,
      "total_communication": 112.3623046875
    },
    "decision_tree": {
      "avg_encrypt_time": 0.001,
      "std_encrypt_time": 0.0,
      "min_encrypt_time": 0.001,
      "max_encrypt_time": 0.001,
      "avg_query_time": 2.4766680629303057e-05,
      "std_query_time": 2.989216639761979e-06,
      "min_query_time": 2.0700041204690933e-05,
      "max_query_time": 2.7799978852272034e-05,
      "avg_decrypt_time": 0.0,
      "std_decrypt_time": 0.0,
      "min_decrypt_time": 0.0,
      "max_decrypt_time": 0.0,
      "avg_communication_size": 12.346354166666666,
      "std_communication_size": 16.937113783696216,
      "total_communication": 111.1171875
    },
    "neural_network": {
      "avg_encrypt_time": 0.001,
      "std_encrypt_time": 0.0,
      "min_encrypt_time": 0.001,
      "max_encrypt_time": 0.001,
      "avg_query_time": 0.0017794333398342133,
      "std_query_time": 7.680729274170654e-05,
      "min_query_time": 0.0016936000320129097,
      "max_query_time": 0.001879999996162951,
      "avg_decrypt_time": 0.0,
      "std_decrypt_time": 0.0,
      "min_decrypt_time": 0.0,
      "max_decrypt_time": 0.0,
      "avg_communication_size": 13.816731770833334,
      "std_communication_size": 15.980044881667204,
      "total_communication": 124.3505859375
    }
  }
}