{
  "config": {
    "N": 64,
    "n": 16,
    "num_records": 128,
    "record_dim": 128,
    "model_types": [
      "dot",
      "decision_tree",
      "neural_network"
    ],
    "policy_size": 10,
    "num_runs": 3,
    "save_results": true,
    "results_dir": "experiments/results/scheme1_ccs23"
  },
  "models": {
    "dot": {
      "encrypt_times": [
        0.0,
        0.0,
        0.0
      ],
      "query_times": [
        0.0007380999741144478,
        0.0005466000293381512,
        0.0005442999536171556
      ],
      "decrypt_times": [
        0,
        0,
        0
      ],
      "communication_sizes": [
        148035,
        1279,
        1168,
        148035,
        1279,
        1168,
        148035,
        1279,
        1168
      ],
      "comm_upload_sizes": [
        148035,
        148035,
        148035
      ],
      "comm_query_sizes": [
        1279,
        1279,
        1279
      ],
      "comm_decrypt_sizes": [
        1168,
        1168,
        1168
      ],
      "runs": [
        {
          "run_id": 0,
          "query_time": 0.0007380999741144478,
          "decrypt_time": 0,
          "success": true,
          "num_results": 128
        },
        {
          "run_id": 1,
          "query_time": 0.0005466000293381512,
          "decrypt_time": 0,
          "success": true,
          "num_results": 128
        },
        {
          "run_id": 2,
          "query_time": 0.0005442999536171556,
          "decrypt_time": 0,
          "success": true,
          "num_results": 128
        }
      ]
    },
    "decision_tree": {
      "encrypt_times": [
        0.0,
        0.0,
        0.0
      ],
      "query_times": [
        0.00010770000517368317,
        5.310005508363247e-05,
        3.9000005926936865e-05
      ],
      "decrypt_times": [
        0,
        0,
        0
      ],
      "communication_sizes": [
        148035,
        266,
        1168,
        148035,
        266,
        1168,
        148035,
        266,
        1168
      ],
      "comm_upload_sizes": [
        148035,
        148035,
        148035
      ],
      "comm_query_sizes": [
        266,
        266,
        266
      ],
      "comm_decrypt_sizes": [
        1168,
        1168,
        1168
      ],
      "runs": [
        {
          "run_id": 0,
          "query_time": 0.00010770000517368317,
          "decrypt_time": 0,
          "success": true,
          "num_results": 128
        },
        {
          "run_id": 1,
          "query_time": 5.310005508363247e-05,
          "decrypt_time": 0,
          "success": true,
          "num_results": 128
        },
        {
          "run_id": 2,
          "query_time": 3.9000005926936865e-05,
          "decrypt_time": 0,
          "success": true,
          "num_results": 128
        }
      ]
    },
    "neural_network": {
      "encrypt_times": [
        0.0,
        0.0,
        0.0
      ],
      "query_times": [
        0.0032426000107079744,
        0.002826999989338219,
        0.002980399993248284
      ],
      "decrypt_times": [
        0,
        0,
        0
      ],
      "communication_sizes": [
        148035,
        4783,
        1168,
        148035,
        4783,
        1168,
        148035,
        4783,
        1168
      ],
      "comm_upload_sizes": [
        148035,
        148035,
        148035
      ],
      "comm_query_sizes": [
        4783,
        4783,
        4783
      ],
      "comm_decrypt_sizes": [
        1168,
        1168,
        1168
      ],
      "runs": [
        {
          "run_id": 0,
          "query_time": 0.0032426000107079744,
          "decrypt_time": 0,
          "success": true,
          "num_results": 128
        },
        {
          "run_id": 1,
          "query_time": 0.002826999989338219,
          "decrypt_time": 0,
          "success": true,
          "num_results": 128
        },
        {
          "run_id": 2,
          "query_time": 0.002980399993248284,
          "decrypt_time": 0,
          "success": true,
          "num_results": 128
        }
      ]
    }
  },
  "summary": {
    "dot": {
      "avg_encrypt_time": 0.0,
      "std_encrypt_time": 0.0,
      "min_encrypt_time": 0.0,
      "max_encrypt_time": 0.0,
      "avg_query_time": 0.0006096666523565849,
      "std_query_time": 9.082092706859892e-05,
      "min_query_time": 0.0005442999536171556,
      "max_query_time": 0.0007380999741144478,
      "avg_decrypt_time": 0.0,
      "std_decrypt_time": 0.0,
      "min_decrypt_time": 0.0,
      "max_decrypt_time": 0.0,
      "avg_communication_size": 48.985026041666664,
      "std_communication_size": 67.58556605459796,
      "total_communication": 440.865234375
    },
    "decision_tree": {
      "avg_encrypt_time": 0.0,
      "std_encrypt_time": 0.0,
      "min_encrypt_time": 0.0,
      "max_encrypt_time": 0.0,
      "avg_query_time": 6.66000220614175e-05,
      "std_query_time": 2.962666935298556e-05,
      "min_query_time": 3.9000005926936865e-05,
      "max_query_time": 0.00010770000517368317,
      "avg_decrypt_time": 0.0,
      "std_decrypt_time": 0.0,
      "min_decrypt_time": 0.0,
      "max_decrypt_time": 0.0,
      "avg_communication_size": 48.6552734375,
      "std_communication_size": 67.81967527806952,
      "total_communication": 437.8974609375
    },
    "neural_network": {
      "avg_encrypt_time": 0.0,
      "std_encrypt_time": 0.0,
      "min_encrypt_time": 0.0,
      "max_encrypt_time": 0.0,
      "avg_query_time": 0.0030166666644314923,
      "std_query_time": 0.0001715950621272234,
      "min_query_time": 0.002826999989338219,
      "max_query_time": 0.0032426000107079744,
      "avg_decrypt_time": 0.0,
      "std_decrypt_time": 0.0,
      "min_decrypt_time": 0.0,
      "max_decrypt_time": 0.0,
      "avg_communication_size": 50.125651041666664,
      "std_communication_size": 66.79455841429689,
      "total_communication": 451.130859375
    }
  }
}