{
  "config": {
    "N": 64,
    "n": 16,
    "num_records": 64,
    "record_dim": 64,
    "model_types": [
      "dot",
      "decision_tree",
      "neural_network"
    ],
    "policy_size": 10,
    "num_runs": 3,
    "save_results": true,
    "results_dir": "experiments/results/scheme1_ccs23"
  },
  "models": {
    "dot": {
      "encrypt_times": [
        0.001,
        0.001,
        0.001
      ],
      "query_times": [
        0.00015580002218484879,
        0.00014509999891743064,
        0.00014509999891743064
      ],
      "decrypt_times": [
        0,
        0,
        0
      ],
      "communication_sizes": [
        37169,
        592,
        592,
        37169,
        592,
        592,
        37169,
        592,
        592
      ],
      "comm_upload_sizes": [
        37169,
        37169,
        37169
      ],
      "comm_query_sizes": [
        592,
        592,
        592
      ],
      "comm_decrypt_sizes": [
        592,
        592,
        592
      ],
      "runs": [
        {
          "run_id": 0,
          "query_time": 0.00015580002218484879,
          "decrypt_time": 0,
          "success": true,
          "num_results": 64
        },
        {
          "run_id": 1,
          "query_time": 0.00014509999891743064,
          "decrypt_time": 0,
          "success": true,
          "num_results": 64
        },
        {
          "run_id": 2,
          "query_time": 0.00014509999891743064,
          "decrypt_time": 0,
          "success": true,
          "num_results": 64
        }
      ]
    },
    "decision_tree": {
      "encrypt_times": [
        0.001,
        0.001,
        0.001
      ],
      "query_times": [
        2.8499984182417393e-05,
        2.5500019546598196e-05,
        2.269999822601676e-05
      ],
      "decrypt_times": [
        0,
        0,
        0
      ],
      "communication_sizes": [
        37169,
        167,
        592,
        37169,
        167,
        592,
        37169,
        167,
        592
      ],
      "comm_upload_sizes": [
        37169,
        37169,
        37169
      ],
      "comm_query_sizes": [
        167,
        167,
        167
      ],
      "comm_decrypt_sizes": [
        592,
        592,
        592
      ],
      "runs": [
        {
          "run_id": 0,
          "query_time": 2.8499984182417393e-05,
          "decrypt_time": 0,
          "success": true,
          "num_results": 64
        },
        {
          "run_id": 1,
          "query_time": 2.5500019546598196e-05,
          "decrypt_time": 0,
          "success": true,
          "num_results": 64
        },
        {
          "run_id": 2,
          "query_time": 2.269999822601676e-05,
          "decrypt_time": 0,
          "success": true,
          "num_results": 64
        }
      ]
    },
    "neural_network": {
      "encrypt_times": [
        0.001,
        0.001,
        0.001
      ],
      "query_times": [
        0.0017279000021517277,
        0.002504599979147315,
        0.001837699965108186
      ],
      "decrypt_times": [
        0,
        0,
        0
      ],
      "communication_sizes": [
        37169,
        4684,
        592,
        37169,
        4684,
        592,
        37169,
        4684,
        592
      ],
      "comm_upload_sizes": [
        37169,
        37169,
        37169
      ],
      "comm_query_sizes": [
        4684,
        4684,
        4684
      ],
      "comm_decrypt_sizes": [
        592,
        592,
        592
      ],
      "runs": [
        {
          "run_id": 0,
          "query_time": 0.0017279000021517277,
          "decrypt_time": 0,
          "success": true,
          "num_results": 64
        },
        {
          "run_id": 1,
          "query_time": 0.002504599979147315,
          "decrypt_time": 0,
          "success": true,
          "num_results": 64
        },
        {
          "run_id": 2,
          "query_time": 0.001837699965108186,
          "decrypt_time": 0,
          "success": true,
          "num_results": 64
        }
      ]
    }
  },
  "summary": {
    "dot": {
      "avg_encrypt_time": 0.001,
      "std_encrypt_time": 0.0,
      "min_encrypt_time": 0.001,
      "max_encrypt_time": 0.001,
      "avg_query_time": 0.00014866667333990335,
      "std_query_time": 5.04403934083014e-06,
      "min_query_time": 0.00014509999891743064,
      "max_query_time": 0.00015580002218484879,
      "avg_decrypt_time": 0.0,
      "std_decrypt_time": 0.0,
      "min_decrypt_time": 0.0,
      "max_decrypt_time": 0.0,
      "avg_communication_size": 12.484700520833334,
      "std_communication_size": 16.838440582981995,
      "total_communication": 112.3623046875
    },
    "decision_tree": {
      "avg_encrypt_time": 0.001,
      "std_encrypt_time": 0.0,
      "min_encrypt_time": 0.001,
      "max_encrypt_time": 0.001,
      "avg_query_time": 2.5566667318344116e-05,
      "std_query_time": 2.36830329106728e-06,
      "min_query_time": 2.269999822601676e-05,
      "max_query_time": 2.8499984182417393e-05,
      "avg_decrypt_time": 0.0,
      "std_decrypt_time": 0.0,
      "min_decrypt_time": 0.0,
      "max_decrypt_time": 0.0,
      "avg_communication_size": 12.346354166666666,
      "std_communication_size": 16.937113783696216,
      "total_communication": 111.1171875
    },
    "neural_network": {
      "avg_encrypt_time": 0.001,
      "std_encrypt_time": 0.0,
      "min_encrypt_time": 0.001,
      "max_encrypt_time": 0.001,
      "avg_query_time": 0.002023399982135743,
      "std_query_time": 0.00034319973369187676,
      "min_query_time": 0.0017279000021517277,
      "max_query_time": 0.002504599979147315,
      "avg_decrypt_time": 0.0,
      "std_decrypt_time": 0.0,
      "min_decrypt_time": 0.0,
      "max_decrypt_time": 0.0,
      "avg_communication_size": 13.816731770833334,
      "std_communication_size": 15.980044881667204,
      "total_communication": 124.3505859375
    }
  }
}