{
  "config": {
    "N": 64,
    "n": 16,
    "num_records": 32,
    "record_dim": 32,
    "model_types": [
      "dot",
      "decision_tree",
      "neural_network"
    ],
    "policy_size": 10,
    "num_runs": 3,
    "save_results": true,
    "results_dir": "experiments/results/scheme1_ccs23"
  },
  "models": {
    "dot": {
      "encrypt_times": [
        0.001,
        0.001,
        0.001
      ],
      "query_times": [
        5.4800009820610285e-05,
        5.570001667365432e-05,
        4.870002157986164e-05
      ],
      "decrypt_times": [
        0,
        0,
        0
      ],
      "communication_sizes": [
        9393,
        304,
        304,
        9393,
        304,
        304,
        9393,
        304,
        304
      ],
      "comm_upload_sizes": [
        9393,
        9393,
        9393
      ],
      "comm_query_sizes": [
        304,
        304,
        304
      ],
      "comm_decrypt_sizes": [
        304,
        304,
        304
      ],
      "runs": [
        {
          "run_id": 0,
          "query_time": 5.4800009820610285e-05,
          "decrypt_time": 0,
          "success": true,
          "num_results": 32
        },
        {
          "run_id": 1,
          "query_time": 5.570001667365432e-05,
          "decrypt_time": 0,
          "success": true,
          "num_results": 32
        },
        {
          "run_id": 2,
          "query_time": 4.870002157986164e-05,
          "decrypt_time": 0,
          "success": true,
          "num_results": 32
        }
      ]
    },
    "decision_tree": {
      "encrypt_times": [
        0.001,
        0.001,
        0.001
      ],
      "query_times": [
        2.7999980375170708e-05,
        2.729997504502535e-05,
        1.290004001930356e-05
      ],
      "decrypt_times": [
        0,
        0,
        0
      ],
      "communication_sizes": [
        9393,
        167,
        304,
        9393,
        167,
        304,
        9393,
        167,
        304
      ],
      "comm_upload_sizes": [
        9393,
        9393,
        9393
      ],
      "comm_query_sizes": [
        167,
        167,
        167
      ],
      "comm_decrypt_sizes": [
        304,
        304,
        304
      ],
      "runs": [
        {
          "run_id": 0,
          "query_time": 2.7999980375170708e-05,
          "decrypt_time": 0,
          "success": true,
          "num_results": 32
        },
        {
          "run_id": 1,
          "query_time": 2.729997504502535e-05,
          "decrypt_time": 0,
          "success": true,
          "num_results": 32
        },
        {
          "run_id": 2,
          "query_time": 1.290004001930356e-05,
          "decrypt_time": 0,
          "success": true,
          "num_results": 32
        }
      ]
    },
    "neural_network": {
      "encrypt_times": [
        0.001,
        0.001,
        0.001
      ],
      "query_times": [
        0.0005249999812804163,
        0.0005296000163070858,
        0.0005469999741762877
      ],
      "decrypt_times": [
        0,
        0,
        0
      ],
      "communication_sizes": [
        9393,
        3064,
        304,
        9393,
        3064,
        304,
        9393,
        3064,
        304
      ],
      "comm_upload_sizes": [
        9393,
        9393,
        9393
      ],
      "comm_query_sizes": [
        3064,
        3064,
        3064
      ],
      "comm_decrypt_sizes": [
        304,
        304,
        304
      ],
      "runs": [
        {
          "run_id": 0,
          "query_time": 0.0005249999812804163,
          "decrypt_time": 0,
          "success": true,
          "num_results": 32
        },
        {
          "run_id": 1,
          "query_time": 0.0005296000163070858,
          "decrypt_time": 0,
          "success": true,
          "num_results": 32
        },
        {
          "run_id": 2,
          "query_time": 0.0005469999741762877,
          "decrypt_time": 0,
          "success": true,
          "num_results": 32
        }
      ]
    }
  },
  "summary": {
    "dot": {
      "avg_encrypt_time": 0.001,
      "std_encrypt_time": 0.0,
      "min_encrypt_time": 0.001,
      "max_encrypt_time": 0.001,
      "avg_query_time": 5.306668269137541e-05,
      "std_query_time": 3.1094801313602872e-06,
      "min_query_time": 4.870002157986164e-05,
      "max_query_time": 5.570001667365432e-05,
      "avg_decrypt_time": 0.0,
      "std_decrypt_time": 0.0,
      "min_decrypt_time": 0.0,
      "max_decrypt_time": 0.0,
      "avg_communication_size": 3.2555338541666665,
      "std_communication_size": 4.184175477997742,
      "total_communication": 29.2998046875
    },
    "decision_tree": {
      "avg_encrypt_time": 0.001,
      "std_encrypt_time": 0.0,
      "min_encrypt_time": 0.001,
      "max_encrypt_time": 0.001,
      "avg_query_time": 2.273333181316654e-05,
      "std_query_time": 6.959057526849342e-06,
      "min_query_time": 1.290004001930356e-05,
      "max_query_time": 2.7999980375170708e-05,
      "avg_decrypt_time": 0.0,
      "std_decrypt_time": 0.0,
      "min_decrypt_time": 0.0,
      "max_decrypt_time": 0.0,
      "avg_communication_size": 3.2109375,
      "std_communication_size": 4.216063673205738,
      "total_communication": 28.8984375
    },
    "neural_network": {
      "avg_encrypt_time": 0.001,
      "std_encrypt_time": 0.0,
      "min_encrypt_time": 0.001,
      "max_encrypt_time": 0.001,
      "avg_query_time": 0.0005338666572545966,
      "std_query_time": 9.474635985473001e-06,
      "min_query_time": 0.0005249999812804163,
      "max_query_time": 0.0005469999741762877,
      "avg_decrypt_time": 0.0,
      "std_decrypt_time": 0.0,
      "min_decrypt_time": 0.0,
      "max_decrypt_time": 0.0,
      "avg_communication_size": 4.153971354166667,
      "std_communication_size": 3.7155570490721033,
      "total_communication": 37.3857421875
    }
  }
}