{
  "config": {
    "N": 64,
    "n": 16,
    "num_records": 128,
    "record_dim": 128,
    "model_types": [
      "dot",
      "decision_tree",
      "neural_network"
    ],
    "policy_size": 10,
    "num_runs": 3,
    "save_results": true,
    "results_dir": "experiments/results/scheme1_ccs23"
  },
  "models": {
    "dot": {
      "encrypt_times": [
        0.001,
        0.001,
        0.001
      ],
      "query_times": [
        0.0005586000042967498,
        0.0005308999679982662,
        0.000521100009791553
      ],
      "decrypt_times": [
        0,
        0,
        0
      ],
      "communication_sizes": [
        148035,
        1168,
        1168,
        148035,
        1168,
        1168,
        148035,
        1168,
        1168
      ],
      "comm_upload_sizes": [
        148035,
        148035,
        148035
      ],
      "comm_query_sizes": [
        1168,
        1168,
        1168
      ],
      "comm_decrypt_sizes": [
        1168,
        1168,
        1168
      ],
      "runs": [
        {
          "run_id": 0,
          "query_time": 0.0005586000042967498,
          "decrypt_time": 0,
          "success": true,
          "num_results": 128
        },
        {
          "run_id": 1,
          "query_time": 0.0005308999679982662,
          "decrypt_time": 0,
          "success": true,
          "num_results": 128
        },
        {
          "run_id": 2,
          "query_time": 0.000521100009791553,
          "decrypt_time": 0,
          "success": true,
          "num_results": 128
        }
      ]
    },
    "decision_tree": {
      "encrypt_times": [
        0.001,
        0.001,
        0.001
      ],
      "query_times": [
        4.509999416768551e-05,
        4.2199972085654736e-05,
        4.3899985030293465e-05
      ],
      "decrypt_times": [
        0,
        0,
        0
      ],
      "communication_sizes": [
        148035,
        167,
        1168,
        148035,
        167,
        1168,
        148035,
        167,
        1168
      ],
      "comm_upload_sizes": [
        148035,
        148035,
        148035
      ],
      "comm_query_sizes": [
        167,
        167,
        167
      ],
      "comm_decrypt_sizes": [
        1168,
        1168,
        1168
      ],
      "runs": [
        {
          "run_id": 0,
          "query_time": 4.509999416768551e-05,
          "decrypt_time": 0,
          "success": true,
          "num_results": 128
        },
        {
          "run_id": 1,
          "query_time": 4.2199972085654736e-05,
          "decrypt_time": 0,
          "success": true,
          "num_results": 128
        },
        {
          "run_id": 2,
          "query_time": 4.3899985030293465e-05,
          "decrypt_time": 0,
          "success": true,
          "num_results": 128
        }
      ]
    },
    "neural_network": {
      "encrypt_times": [
        0.001,
        0.001,
        0.001
      ],
      "query_times": [
        0.0029640999855473638,
        0.0030745999538339674,
        0.0037199999787844718
      ],
      "decrypt_times": [
        0,
        0,
        0
      ],
      "communication_sizes": [
        148035,
        4684,
        1168,
        148035,
        4684,
        1168,
        148035,
        4684,
        1168
      ],
      "comm_upload_sizes": [
        148035,
        148035,
        148035
      ],
      "comm_query_sizes": [
        4684,
        4684,
        4684
      ],
      "comm_decrypt_sizes": [
        1168,
        1168,
        1168
      ],
      "runs": [
        {
          "run_id": 0,
          "query_time": 0.0029640999855473638,
          "decrypt_time": 0,
          "success": true,
          "num_results": 128
        },
        {
          "run_id": 1,
          "query_time": 0.0030745999538339674,
          "decrypt_time": 0,
          "success": true,
          "num_results": 128
        },
        {
          "run_id": 2,
          "query_time": 0.0037199999787844718,
          "decrypt_time": 0,
          "success": true,
          "num_results": 128
        }
      ]
    }
  },
  "summary": {
    "dot": {
      "avg_encrypt_time": 0.001,
      "std_encrypt_time": 0.0,
      "min_encrypt_time": 0.001,
      "max_encrypt_time": 0.001,
      "avg_query_time": 0.000536866660695523,
      "std_query_time": 1.588003911162419e-05,
      "min_query_time": 0.000521100009791553,
      "max_query_time": 0.0005586000042967498,
      "avg_decrypt_time": 0.0,
      "std_decrypt_time": 0.0,
      "min_decrypt_time": 0.0,
      "max_decrypt_time": 0.0,
      "avg_communication_size": 48.948893229166664,
      "std_communication_size": 67.61110132325825,
      "total_communication": 440.5400390625
    },
    "decision_tree": {
      "avg_encrypt_time": 0.001,
      "std_encrypt_time": 0.0,
      "min_encrypt_time": 0.001,
      "max_encrypt_time": 0.001,
      "avg_query_time": 4.373331709454457e-05,
      "std_query_time": 1.1897802793433818e-06,
      "min_query_time": 4.2199972085654736e-05,
      "max_query_time": 4.509999416768551e-05,
      "avg_decrypt_time": 0.0,
      "std_decrypt_time": 0.0,
      "min_decrypt_time": 0.0,
      "max_decrypt_time": 0.0,
      "avg_communication_size": 48.623046875,
      "std_communication_size": 67.84268327270033,
      "total_communication": 437.607421875
    },
    "neural_network": {
      "avg_encrypt_time": 0.001,
      "std_encrypt_time": 0.0,
      "min_encrypt_time": 0.001,
      "max_encrypt_time": 0.001,
      "avg_query_time": 0.0032528999727219343,
      "std_query_time": 0.0003333560383889393,
      "min_query_time": 0.0029640999855473638,
      "max_query_time": 0.0037199999787844718,
      "avg_decrypt_time": 0.0,
      "std_decrypt_time": 0.0,
      "min_decrypt_time": 0.0,
      "max_decrypt_time": 0.0,
      "avg_communication_size": 50.093424479166664,
      "std_communication_size": 66.81650104364206,
      "total_communication": 450.8408203125
    }
  }
}