{
  "config": {
    "N": 64,
    "n": 16,
    "num_records": 32,
    "record_dim": 32,
    "model_types": [
      "dot",
      "decision_tree",
      "neural_network"
    ],
    "policy_size": 10,
    "num_runs": 3,
    "save_results": true,
    "results_dir": "experiments/results/scheme1_ccs23"
  },
  "models": {
    "dot": {
      "encrypt_times": [
        0.001,
        0.001,
        0.001
      ],
      "query_times": [
        5.600001895800233e-05,
        5.189998773857951e-05,
        4.780001472681761e-05
      ],
      "decrypt_times": [
        0,
        0,
        0
      ],
      "communication_sizes": [
        9393,
        415,
        304,
        9393,
        415,
        304,
        9393,
        415,
        304
      ],
      "comm_upload_sizes": [
        9393,
        9393,
        9393
      ],
      "comm_query_sizes": [
        415,
        415,
        415
      ],
      "comm_decrypt_sizes": [
        304,
        304,
        304
      ],
      "runs": [
        {
          "run_id": 0,
          "query_time": 5.600001895800233e-05,
          "decrypt_time": 0,
          "success": true,
          "num_results": 32
        },
        {
          "run_id": 1,
          "query_time": 5.189998773857951e-05,
          "decrypt_time": 0,
          "success": true,
          "num_results": 32
        },
        {
          "run_id": 2,
          "query_time": 4.780001472681761e-05,
          "decrypt_time": 0,
          "success": true,
          "num_results": 32
        }
      ]
    },
    "decision_tree": {
      "encrypt_times": [
        0.001,
        0.001,
        0.001
      ],
      "query_times": [
        3.350002225488424e-05,
        1.699995482340455e-05,
        2.4600012693554163e-05
      ],
      "decrypt_times": [
        0,
        0,
        0
      ],
      "communication_sizes": [
        9393,
        266,
        304,
        9393,
        266,
        304,
        9393,
        266,
        304
      ],
      "comm_upload_sizes": [
        9393,
        9393,
        9393
      ],
      "comm_query_sizes": [
        266,
        266,
        266
      ],
      "comm_decrypt_sizes": [
        304,
        304,
        304
      ],
      "runs": [
        {
          "run_id": 0,
          "query_time": 3.350002225488424e-05,
          "decrypt_time": 0,
          "success": true,
          "num_results": 32
        },
        {
          "run_id": 1,
          "query_time": 1.699995482340455e-05,
          "decrypt_time": 0,
          "success": true,
          "num_results": 32
        },
        {
          "run_id": 2,
          "query_time": 2.4600012693554163e-05,
          "decrypt_time": 0,
          "success": true,
          "num_results": 32
        }
      ]
    },
    "neural_network": {
      "encrypt_times": [
        0.001,
        0.001,
        0.001
      ],
      "query_times": [
        0.0006318999803625047,
        0.0005899000097997487,
        0.0006007999763824046
      ],
      "decrypt_times": [
        0,
        0,
        0
      ],
      "communication_sizes": [
        9393,
        3163,
        304,
        9393,
        3163,
        304,
        9393,
        3163,
        304
      ],
      "comm_upload_sizes": [
        9393,
        9393,
        9393
      ],
      "comm_query_sizes": [
        3163,
        3163,
        3163
      ],
      "comm_decrypt_sizes": [
        304,
        304,
        304
      ],
      "runs": [
        {
          "run_id": 0,
          "query_time": 0.0006318999803625047,
          "decrypt_time": 0,
          "success": true,
          "num_results": 32
        },
        {
          "run_id": 1,
          "query_time": 0.0005899000097997487,
          "decrypt_time": 0,
          "success": true,
          "num_results": 32
        },
        {
          "run_id": 2,
          "query_time": 0.0006007999763824046,
          "decrypt_time": 0,
          "success": true,
          "num_results": 32
        }
      ]
    }
  },
  "summary": {
    "dot": {
      "avg_encrypt_time": 0.001,
      "std_encrypt_time": 0.0,
      "min_encrypt_time": 0.001,
      "max_encrypt_time": 0.001,
      "avg_query_time": 5.190000714113315e-05,
      "std_query_time": 3.347637709205719e-06,
      "min_query_time": 4.780001472681761e-05,
      "max_query_time": 5.600001895800233e-05,
      "avg_decrypt_time": 0.0,
      "std_decrypt_time": 0.0,
      "min_decrypt_time": 0.0,
      "max_decrypt_time": 0.0,
      "avg_communication_size": 3.2916666666666665,
      "std_communication_size": 4.158861173410073,
      "total_communication": 29.625
    },
    "decision_tree": {
      "avg_encrypt_time": 0.001,
      "std_encrypt_time": 0.0,
      "min_encrypt_time": 0.001,
      "max_encrypt_time": 0.001,
      "avg_query_time": 2.503332992394765e-05,
      "std_query_time": 6.743089261234355e-06,
      "min_query_time": 1.699995482340455e-05,
      "max_query_time": 3.350002225488424e-05,
      "avg_decrypt_time": 0.0,
      "std_decrypt_time": 0.0,
      "min_decrypt_time": 0.0,
      "max_decrypt_time": 0.0,
      "avg_communication_size": 3.2431640625,
      "std_communication_size": 4.192949611126628,
      "total_communication": 29.1884765625
    },
    "neural_network": {
      "avg_encrypt_time": 0.001,
      "std_encrypt_time": 0.0,
      "min_encrypt_time": 0.001,
      "max_encrypt_time": 0.001,
      "avg_query_time": 0.0006075333221815526,
      "std_query_time": 1.7795183637832508e-05,
      "min_query_time": 0.0005899000097997487,
      "max_query_time": 0.0006318999803625047,
      "avg_decrypt_time": 0.0,
      "std_decrypt_time": 0.0,
      "min_decrypt_time": 0.0,
      "max_decrypt_time": 0.0,
      "avg_communication_size": 4.186197916666667,
      "std_communication_size": 3.7057469810545545,
      "total_communication": 37.67578125
    }
  }
}